"scenario","domain","g","lo","hi","p"
1,"Overall cognition",0.381092270153015,0.199448739209452,0.562735801096578,0.000405184203091681
1,"Memory",0.247706180520596,-0.115586894361969,0.610999255403162,0.146281285326376
1,"Executive / sustained attention",0.636863214399218,0.108289785903563,1.16543664289487,0.0352529914491698
2,"Overall cognition",0.380613282930767,0.199101910287445,0.562124655574089,0.000407167296506667
2,"Memory",0.247706180520596,-0.115586894361969,0.610999255403162,0.146281285326376
2,"Executive / sustained attention",0.632535264660148,0.0937526361298519,1.17131789319044,0.0370278426723556
3,"Overall cognition",0.380745661794546,0.199315647436435,0.562175676152656,0.000404191053257739
3,"Memory",0.247706180520596,-0.115586894361969,0.610999255403162,0.146281285326376
3,"Executive / sustained attention",0.631225747225622,0.0945115656496285,1.16793992880161,0.0369038646442224
4,"Overall cognition",0.380254020273385,0.198957914306418,0.561550126240351,0.000406259230899536
4,"Memory",0.247706180520596,-0.115586894361969,0.610999255403162,0.146281285326376
4,"Executive / sustained attention",0.626728959687521,0.0797974997512897,1.17366041962375,0.0387610809016025
5,"Overall cognition",0.380065774183961,0.199327974848792,0.560803573519129,0.000396671463406217
5,"Memory",0.245087771278081,-0.11244574226446,0.602621284820622,0.144485898222928
5,"Executive / sustained attention",0.636863214399218,0.108289785903563,1.16543664289487,0.0352529914491698
6,"Overall cognition",0.379590045052598,0.198983942405092,0.560196147700105,0.000398593464769727
6,"Memory",0.245087771278081,-0.11244574226446,0.602621284820622,0.144485898222928
6,"Executive / sustained attention",0.632535264660148,0.0937526361298519,1.17131789319044,0.0370278426723556
7,"Overall cognition",0.379723918427596,0.19919817110304,0.560249665752151,0.000395668690540664
7,"Memory",0.245087771278081,-0.11244574226446,0.602621284820622,0.144485898222928
7,"Executive / sustained attention",0.631225747225622,0.0945115656496285,1.16793992880161,0.0369038646442224
8,"Overall cognition",0.37923505488524,0.198842963497121,0.559627146273358,0.000397674529799979
8,"Memory",0.245087771278081,-0.11244574226446,0.602621284820622,0.144485898222928
8,"Executive / sustained attention",0.626728959687521,0.0797974997512897,1.17366041962375,0.0387610809016025
9,"Overall cognition",0.38156083221735,0.199793267195664,0.563328397239036,0.000403149233282518
9,"Memory",0.249477552766038,-0.115070025228843,0.614025130760919,0.145046472154308
9,"Executive / sustained attention",0.636863214399218,0.108289785903563,1.16543664289487,0.0352529914491698
10,"Overall cognition",0.381081576283255,0.199445760854175,0.562717391712335,0.000405130371193008
10,"Memory",0.249477552766038,-0.115070025228843,0.614025130760919,0.145046472154308
10,"Executive / sustained attention",0.632535264660148,0.0937526361298519,1.17131789319044,0.0370278426723556
11,"Overall cognition",0.381213193786063,0.199658869092666,0.56276751847946,0.000402175128879601
11,"Memory",0.249477552766038,-0.115070025228843,0.614025130760919,0.145046472154308
11,"Executive / sustained attention",0.631225747225622,0.0945115656496285,1.16793992880161,0.0369038646442224
12,"Overall cognition",0.380721282602354,0.199300445705919,0.562142119498788,0.000404241161542288
12,"Memory",0.249477552766038,-0.115070025228843,0.614025130760919,0.145046472154308
12,"Executive / sustained attention",0.626728959687521,0.0797974997512897,1.17366041962375,0.0387610809016025
13,"Overall cognition",0.380521847900347,0.19971448326413,0.561329212536564,0.000393698399404752
13,"Memory",0.246861651847677,-0.111662242075834,0.605385545771188,0.143004128050771
13,"Executive / sustained attention",0.636863214399218,0.108289785903563,1.16543664289487,0.0352529914491698
14,"Overall cognition",0.380045510754135,0.199369574969163,0.560721446539106,0.000395614066421847
14,"Memory",0.246861651847677,-0.111662242075834,0.605385545771188,0.143004128050771
14,"Executive / sustained attention",0.632535264660148,0.0937526361298519,1.17131789319044,0.0370278426723556
15,"Overall cognition",0.380178620121309,0.199583132638962,0.560774107603656,0.000392716818344113
15,"Memory",0.246861651847677,-0.111662242075834,0.605385545771188,0.143004128050771
15,"Executive / sustained attention",0.631225747225622,0.0945115656496285,1.16793992880161,0.0369038646442224
16,"Overall cognition",0.379690128591259,0.199227614735837,0.560152642446681,0.000394714649523848
16,"Memory",0.246861651847677,-0.111662242075834,0.605385545771188,0.143004128050771
16,"Executive / sustained attention",0.626728959687521,0.0797974997512897,1.17366041962375,0.0387610809016025
17,"Overall cognition",0.381097787090124,0.199525195330054,0.562670378850193,0.000403673942818177
17,"Memory",0.247706180520596,-0.115586894361969,0.610999255403162,0.146281285326376
17,"Executive / sustained attention",0.635365222592643,0.106351269473418,1.16437917571187,0.0354666269537284
18,"Overall cognition",0.380613807853404,0.199175064421274,0.562052551285534,0.00040566338014816
18,"Memory",0.247706180520596,-0.115586894361969,0.610999255403162,0.146281285326376
18,"Executive / sustained attention",0.63098631098672,0.0917746857302504,1.17019793624319,0.0372558202297625
19,"Overall cognition",0.380747678483194,0.199388491825915,0.562106865140473,0.000402718833435802
19,"Memory",0.247706180520596,-0.115586894361969,0.610999255403162,0.146281285326376
19,"Executive / sustained attention",0.629717035515383,0.0926426086405725,1.16679146239019,0.037118229725874
20,"Overall cognition",0.380251079235271,0.199027455956001,0.561474702514542,0.000404793618298211
20,"Memory",0.247706180520596,-0.115586894361969,0.610999255403162,0.146281285326376
20,"Executive / sustained attention",0.625169330070455,0.0778947776766914,1.17244388246422,0.038989607157001
21,"Overall cognition",0.380072744628604,0.19940518693992,0.560740302317289,0.000395182997616511
21,"Memory",0.245087771278081,-0.11244574226446,0.602621284820622,0.144485898222928
21,"Executive / sustained attention",0.635365222592643,0.106351269473418,1.16437917571187,0.0354666269537284
22,"Overall cognition",0.379592039314146,0.199057867402824,0.560126211225467,0.000397111062708557
22,"Memory",0.245087771278081,-0.11244574226446,0.602621284820622,0.144485898222928
22,"Executive / sustained attention",0.63098631098672,0.0917746857302504,1.17019793624319,0.0372558202297625
23,"Overall cognition",0.379727373091298,0.199271776645606,0.56018296953699,0.000394217485812062
23,"Memory",0.245087771278081,-0.11244574226446,0.602621284820622,0.144485898222928
23,"Executive / sustained attention",0.629717035515383,0.0926426086405725,1.16679146239019,0.037118229725874
24,"Overall cognition",0.379233551334496,0.198913271994798,0.559553830674195,0.000396229653600816
24,"Memory",0.245087771278081,-0.11244574226446,0.602621284820622,0.144485898222928
24,"Executive / sustained attention",0.625169330070455,0.0778947776766914,1.17244388246422,0.038989607157001
25,"Overall cognition",0.381565834455559,0.199869226597229,0.563262442313889,0.000401651572076569
25,"Memory",0.249477552766038,-0.115070025228843,0.614025130760919,0.145046472154308
25,"Executive / sustained attention",0.635365222592643,0.106351269473418,1.16437917571187,0.0354666269537284
26,"Overall cognition",0.381081585731723,0.199518411903479,0.562644759559968,0.000403639119741046
26,"Memory",0.249477552766038,-0.115070025228843,0.614025130760919,0.145046472154308
26,"Executive / sustained attention",0.63098631098672,0.0917746857302504,1.17019793624319,0.0372558202297625
27,"Overall cognition",0.381214704327025,0.199731220346889,0.562698188307161,0.000400715259166025
27,"Memory",0.249477552766038,-0.115070025228843,0.614025130760919,0.145046472154308
27,"Executive / sustained attention",0.629717035515383,0.0926426086405725,1.16679146239019,0.037118229725874
28,"Overall cognition",0.380717834913614,0.199369488078108,0.562066181749121,0.000402787963525515
28,"Memory",0.249477552766038,-0.115070025228843,0.614025130760919,0.145046472154308
28,"Executive / sustained attention",0.625169330070455,0.0778947776766914,1.17244388246422,0.038989607157001
29,"Overall cognition",0.380527844095324,0.199790901284173,0.561264786906476,0.000392226399204188
29,"Memory",0.246861651847677,-0.111662242075834,0.605385545771188,0.143004128050771
29,"Executive / sustained attention",0.635365222592643,0.106351269473418,1.16437917571187,0.0354666269537284
30,"Overall cognition",0.380047011360763,0.199442985054653,0.560651037666873,0.00039414751288716
30,"Memory",0.246861651847677,-0.111662242075834,0.605385545771188,0.143004128050771
30,"Executive / sustained attention",0.63098631098672,0.0917746857302504,1.17019793624319,0.0372558202297625
31,"Overall cognition",0.38018158928569,0.19965623367435,0.56070694489703,0.000391281072209819
31,"Memory",0.246861651847677,-0.111662242075834,0.605385545771188,0.143004128050771
31,"Executive / sustained attention",0.629717035515383,0.0926426086405725,1.16679146239019,0.037118229725874
32,"Overall cognition",0.37968815266588,0.19929741986261,0.56007888546915,0.000393285275498598
32,"Memory",0.246861651847677,-0.111662242075834,0.605385545771188,0.143004128050771
32,"Executive / sustained attention",0.625169330070455,0.0778947776766914,1.17244388246422,0.038989607157001
33,"Overall cognition",0.382929572829308,0.201029251112307,0.564829894546308,0.000392678003479505
33,"Memory",0.255017100367082,-0.112035977989024,0.622070178723187,0.140032211416177
33,"Executive / sustained attention",0.636863214399218,0.108289785903563,1.16543664289487,0.0352529914491698
34,"Overall cognition",0.382450566318206,0.200680284915732,0.56422084772068,0.000394629642050609
34,"Memory",0.255017100367082,-0.112035977989024,0.622070178723187,0.140032211416177
34,"Executive / sustained attention",0.632535264660148,0.0937526361298519,1.17131789319044,0.0370278426723556
35,"Overall cognition",0.382579938976311,0.200891267778466,0.564268610174156,0.000391768868011839
35,"Memory",0.255017100367082,-0.112035977989024,0.622070178723187,0.140032211416177
35,"Executive / sustained attention",0.631225747225622,0.0945115656496285,1.16793992880161,0.0369038646442224
36,"Overall cognition",0.382088287050393,0.200531347568815,0.563645226531972,0.000393804037905321
36,"Memory",0.255017100367082,-0.112035977989024,0.622070178723187,0.140032211416177
36,"Executive / sustained attention",0.626728959687521,0.0797974997512897,1.17366041962375,0.0387610809016025
37,"Overall cognition",0.381744139124545,0.200996826210551,0.562491452038539,0.000381013428426628
37,"Memory",0.252116118371566,-0.10790316691965,0.612135403662782,0.13744637560589
37,"Executive / sustained attention",0.636863214399218,0.108289785903563,1.16543664289487,0.0352529914491698
38,"Overall cognition",0.381269301397785,0.200651419233267,0.561887183562303,0.000382882935586469
38,"Memory",0.252116118371566,-0.10790316691965,0.612135403662782,0.13744637560589
38,"Executive / sustained attention",0.632535264660148,0.0937526361298519,1.17131789319044,0.0370278426723556
39,"Overall cognition",0.381400351827473,0.200862874893042,0.561937828761904,0.000380094178101763
39,"Memory",0.252116118371566,-0.10790316691965,0.612135403662782,0.13744637560589
39,"Executive / sustained attention",0.631225747225622,0.0945115656496285,1.16793992880161,0.0369038646442224
40,"Overall cognition",0.380912888409085,0.200506538195991,0.56131923862218,0.000382044633393764
40,"Memory",0.252116118371566,-0.10790316691965,0.612135403662782,0.13744637560589
40,"Executive / sustained attention",0.626728959687521,0.0797974997512897,1.17366041962375,0.0387610809016025
41,"Overall cognition",0.383374293801909,0.201336471929061,0.565412115674757,0.000391210393108147
41,"Memory",0.256666639566022,-0.111639528359286,0.62497280749133,0.139035243588399
41,"Executive / sustained attention",0.636863214399218,0.108289785903563,1.16543664289487,0.0352529914491698
42,"Overall cognition",0.382895053209627,0.200986891212822,0.564803215206432,0.000393161886235361
42,"Memory",0.256666639566022,-0.111639528359286,0.62497280749133,0.139035243588399
42,"Executive / sustained attention",0.632535264660148,0.0937526361298519,1.17131789319044,0.0370278426723556
43,"Overall cognition",0.383023723622358,0.20119730482579,0.564850142418925,0.00039031744133242
43,"Memory",0.256666639566022,-0.111639528359286,0.62497280749133,0.139035243588399
43,"Executive / sustained attention",0.631225747225622,0.0945115656496285,1.16793992880161,0.0369038646442224
44,"Overall cognition",0.382531840592947,0.200836760404887,0.564226920781008,0.000392352360870062
44,"Memory",0.256666639566022,-0.111639528359286,0.62497280749133,0.139035243588399
44,"Executive / sustained attention",0.626728959687521,0.0797974997512897,1.17366041962375,0.0387610809016025
45,"Overall cognition",0.382196929276683,0.201357396267154,0.563036462286212,0.000378635759850193
45,"Memory",0.253818695582433,-0.107256381102042,0.614893772266907,0.136212519634296
45,"Executive / sustained attention",0.636863214399218,0.108289785903563,1.16543664289487,0.0352529914491698
46,"Overall cognition",0.381722003025516,0.201011448899746,0.562432557151286,0.000380500344521975
46,"Memory",0.253818695582433,-0.107256381102042,0.614893772266907,0.136212519634296
46,"Executive / sustained attention",0.632535264660148,0.0937526361298519,1.17131789319044,0.0370278426723556
47,"Overall cognition",0.381852336495574,0.201222286476978,0.56248238651417,0.000377734315886498
47,"Memory",0.253818695582433,-0.107256381102042,0.614893772266907,0.136212519634296
47,"Executive / sustained attention",0.631225747225622,0.0945115656496285,1.16793992880161,0.0369038646442224
48,"Overall cognition",0.381364787616684,0.20086539844063,0.561864176792739,0.000379679575239447
48,"Memory",0.253818695582433,-0.107256381102042,0.614893772266907,0.136212519634296
48,"Executive / sustained attention",0.626728959687521,0.0797974997512897,1.17366041962375,0.0387610809016025
49,"Overall cognition",0.382933225153589,0.201103665711519,0.564762784595658,0.000391233676007464
49,"Memory",0.255017100367082,-0.112035977989024,0.622070178723187,0.140032211416177
49,"Executive / sustained attention",0.635365222592643,0.106351269473418,1.16437917571187,0.0354666269537284
50,"Overall cognition",0.382449231267358,0.200751374562593,0.564147087972123,0.000393191854098501
50,"Memory",0.255017100367082,-0.112035977989024,0.622070178723187,0.140032211416177
50,"Executive / sustained attention",0.63098631098672,0.0917746857302504,1.17019793624319,0.0372558202297625
51,"Overall cognition",0.382580126118482,0.200962088614702,0.564198163622262,0.000390361171855997
51,"Memory",0.255017100367082,-0.112035977989024,0.622070178723187,0.140032211416177
51,"Executive / sustained attention",0.629717035515383,0.0926426086405725,1.16679146239019,0.037118229725874
52,"Overall cognition",0.382083521839334,0.200598843372258,0.56356820030641,0.000392403137419019
52,"Memory",0.255017100367082,-0.112035977989024,0.622070178723187,0.140032211416177
52,"Executive / sustained attention",0.625169330070455,0.0778947776766914,1.17244388246422,0.038989607157001
53,"Overall cognition",0.381749508541805,0.201072109904712,0.562426907178897,0.000379600137100418
53,"Memory",0.252116118371566,-0.10790316691965,0.612135403662782,0.13744637560589
53,"Executive / sustained attention",0.635365222592643,0.106351269473418,1.16437917571187,0.0354666269537284
54,"Overall cognition",0.381269700441717,0.200723394684986,0.561816006198449,0.000381475815024787
54,"Memory",0.252116118371566,-0.10790316691965,0.612135403662782,0.13744637560589
54,"Executive / sustained attention",0.63098631098672,0.0917746857302504,1.17019793624319,0.0372558202297625
55,"Overall cognition",0.381402235117116,0.200934571345009,0.561869898889223,0.000378716436239089
55,"Memory",0.252116118371566,-0.10790316691965,0.612135403662782,0.13744637560589
55,"Executive / sustained attention",0.629717035515383,0.0926426086405725,1.16679146239019,0.037118229725874
56,"Overall cognition",0.380909834174087,0.20057492490843,0.561244743439744,0.000380673313510767
56,"Memory",0.252116118371566,-0.10790316691965,0.612135403662782,0.13744637560589
56,"Executive / sustained attention",0.625169330070455,0.0778947776766914,1.17244388246422,0.038989607157001
57,"Overall cognition",0.383377472614915,0.201410436136082,0.565344509093747,0.000389776083169597
57,"Memory",0.256666639566022,-0.111639528359286,0.62497280749133,0.139035243588399
57,"Executive / sustained attention",0.635365222592643,0.106351269473418,1.16437917571187,0.0354666269537284
58,"Overall cognition",0.382893245561319,0.201057525716067,0.564728965406571,0.000391734176970027
58,"Memory",0.256666639566022,-0.111639528359286,0.62497280749133,0.139035243588399
58,"Executive / sustained attention",0.63098631098672,0.0917746857302504,1.17019793624319,0.0372558202297625
59,"Overall cognition",0.383023446123163,0.20126767848686,0.564779213759465,0.000388919582738599
59,"Memory",0.256666639566022,-0.111639528359286,0.62497280749133,0.139035243588399
59,"Executive / sustained attention",0.629717035515383,0.0926426086405725,1.16679146239019,0.037118229725874
60,"Overall cognition",0.382526611957405,0.20090380450694,0.56414941940787,0.000390961358316712
60,"Memory",0.256666639566022,-0.111639528359286,0.62497280749133,0.139035243588399
60,"Executive / sustained attention",0.625169330070455,0.0778947776766914,1.17244388246422,0.038989607157001
61,"Overall cognition",0.382201839936664,0.201432211689389,0.56297146818394,0.000377235651279868
61,"Memory",0.253818695582433,-0.107256381102042,0.614893772266907,0.136212519634296
61,"Executive / sustained attention",0.635365222592643,0.106351269473418,1.16437917571187,0.0354666269537284
62,"Overall cognition",0.381721944669436,0.20108295115533,0.562360938183541,0.000379106453337808
62,"Memory",0.253818695582433,-0.107256381102042,0.614893772266907,0.136212519634296
62,"Executive / sustained attention",0.63098631098672,0.0917746857302504,1.17019793624319,0.0372558202297625
63,"Overall cognition",0.381853769712713,0.201293518340525,0.562414021084901,0.00037636949071766
63,"Memory",0.253818695582433,-0.107256381102042,0.614893772266907,0.136212519634296
63,"Executive / sustained attention",0.629717035515383,0.0926426086405725,1.16679146239019,0.037118229725874
64,"Overall cognition",0.381361284898819,0.200933315818652,0.561789253978986,0.00037832121749813
64,"Memory",0.253818695582433,-0.107256381102042,0.614893772266907,0.136212519634296
64,"Executive / sustained attention",0.625169330070455,0.0778947776766914,1.17244388246422,0.038989607157001
65,"Overall cognition",0.378970529836494,0.198286786101352,0.559654273571637,0.000406250437803707
65,"Memory",0.247706180520596,-0.115586894361969,0.610999255403162,0.146281285326376
65,"Executive / sustained attention",0.608796190651089,0.0360325091781964,1.18155987212398,0.0446349782471784
66,"Overall cognition",0.378457360800867,0.197898311003327,0.559016410598407,0.000408745568757582
66,"Memory",0.247706180520596,-0.115586894361969,0.610999255403162,0.146281285326376
66,"Executive / sustained attention",0.603964382374396,0.0214505595949879,1.1864782051538,0.046752144669257
67,"Overall cognition",0.378599110697817,0.198110878888439,0.559087342507196,0.000405868398646184
67,"Memory",0.247706180520596,-0.115586894361969,0.610999255403162,0.146281285326376
67,"Executive / sustained attention",0.603071792627597,0.023631001577034,1.18251258367816,0.0464215366838392
68,"Overall cognition",0.378073934475982,0.197711593731271,0.558436275220692,0.00040845807728733
68,"Memory",0.247706180520596,-0.115586894361969,0.610999255403162,0.146281285326376
68,"Executive / sustained attention",0.598073133790943,0.00894389254196359,1.18720237503992,0.0486222038646205
69,"Overall cognition",0.377965035099741,0.198181722862529,0.557748347336954,0.000397579290629916
69,"Memory",0.245087771278081,-0.11244574226446,0.602621284820622,0.144485898222928
69,"Executive / sustained attention",0.608796190651089,0.0360325091781964,1.18155987212398,0.0446349782471784
70,"Overall cognition",0.377454887103908,0.197795915736332,0.557113858471483,0.000400004115673142
70,"Memory",0.245087771278081,-0.11244574226446,0.602621284820622,0.144485898222928
70,"Executive / sustained attention",0.603964382374396,0.0214505595949879,1.1864782051538,0.046752144669257
71,"Overall cognition",0.37759775155858,0.198008790097712,0.557186713019447,0.000397177910232949
71,"Memory",0.245087771278081,-0.11244574226446,0.602621284820622,0.144485898222928
71,"Executive / sustained attention",0.603071792627597,0.023631001577034,1.18251258367816,0.0464215366838392
72,"Overall cognition",0.377075591072043,0.197612179298877,0.556539002845208,0.000399695235777784
72,"Memory",0.245087771278081,-0.11244574226446,0.602621284820622,0.144485898222928
72,"Executive / sustained attention",0.598073133790943,0.00894389254196359,1.18720237503992,0.0486222038646205
73,"Overall cognition",0.37943520593698,0.198625658834113,0.560244753039846,0.000404273106779014
73,"Memory",0.249477552766038,-0.115070025228843,0.614025130760919,0.145046472154308
73,"Executive / sustained attention",0.608796190651089,0.0360325091781964,1.18155987212398,0.0446349782471784
74,"Overall cognition",0.378921821127072,0.198236526097047,0.559607116157096,0.000406764049883414
74,"Memory",0.249477552766038,-0.115070025228843,0.614025130760919,0.145046472154308
74,"Executive / sustained attention",0.603964382374396,0.0214505595949879,1.1864782051538,0.046752144669257
75,"Overall cognition",0.379062913824021,0.198448562549086,0.559677265098956,0.0004039061878452
75,"Memory",0.249477552766038,-0.115070025228843,0.614025130760919,0.145046472154308
75,"Executive / sustained attention",0.603071792627597,0.023631001577034,1.18251258367816,0.0464215366838392
76,"Overall cognition",0.378537526237395,0.198048611620212,0.559026440854578,0.000406491440529518
76,"Memory",0.249477552766038,-0.115070025228843,0.614025130760919,0.145046472154308
76,"Executive / sustained attention",0.598073133790943,0.00894389254196359,1.18720237503992,0.0486222038646205
77,"Overall cognition",0.378418047093809,0.198562933228677,0.558273160958942,0.000394658011972255
77,"Memory",0.246861651847677,-0.111662242075834,0.605385545771188,0.143004128050771
77,"Executive / sustained attention",0.608796190651089,0.0360325091781964,1.18155987212398,0.0446349782471784
78,"Overall cognition",0.377907833813322,0.198176557670638,0.557639109956007,0.000397072573452281
78,"Memory",0.246861651847677,-0.111662242075834,0.605385545771188,0.143004128050771
78,"Executive / sustained attention",0.603964382374396,0.0214505595949879,1.1864782051538,0.046752144669257
79,"Overall cognition",0.378050040619437,0.198388865904881,0.557711215333994,0.000394271964870584
79,"Memory",0.246861651847677,-0.111662242075834,0.605385545771188,0.143004128050771
79,"Executive / sustained attention",0.603071792627597,0.023631001577034,1.18251258367816,0.0464215366838392
80,"Overall cognition",0.377527817880584,0.19799167686786,0.557063958893309,0.000396778595098566
80,"Memory",0.246861651847677,-0.111662242075834,0.605385545771188,0.143004128050771
80,"Executive / sustained attention",0.598073133790943,0.00894389254196359,1.18720237503992,0.0486222038646205
81,"Overall cognition",0.378956335670546,0.198345179120173,0.559567492220918,0.000404888543099438
81,"Memory",0.247706180520596,-0.115586894361969,0.610999255403162,0.146281285326376
81,"Executive / sustained attention",0.607189327990942,0.0343227927242348,1.18005586325765,0.044870898599353
82,"Overall cognition",0.378438407512224,0.197953373160908,0.558923441863541,0.000407392700034634
82,"Memory",0.247706180520596,-0.115586894361969,0.610999255403162,0.146281285326376
82,"Executive / sustained attention",0.602308063732964,0.019725582554268,1.18489054491166,0.0470020738616965
83,"Overall cognition",0.378582216681179,0.19816596143201,0.558998471930348,0.000404545398857325
83,"Memory",0.247706180520596,-0.115586894361969,0.610999255403162,0.146281285326376
83,"Executive / sustained attention",0.601466081307164,0.0220099035703426,1.18092225904399,0.0466549354954263
84,"Overall cognition",0.378052340515933,0.197763359784216,0.558341321247651,0.000407144423683709
84,"Memory",0.247706180520596,-0.115586894361969,0.610999255403162,0.146281285326376
84,"Executive / sustained attention",0.596418475252681,0.00731323176047127,1.18552371874489,0.048869187696921
85,"Overall cognition",0.377952223541816,0.198240886101787,0.557663560981845,0.000396235999282718
85,"Memory",0.245087771278081,-0.11244574226446,0.602621284820622,0.144485898222928
85,"Executive / sustained attention",0.607189327990942,0.0343227927242348,1.18005586325765,0.044870898599353
86,"Overall cognition",0.377437321962486,0.197851756253058,0.557022887671914,0.000398669531210482
86,"Memory",0.245087771278081,-0.11244574226446,0.602621284820622,0.144485898222928
86,"Executive / sustained attention",0.602308063732964,0.019725582554268,1.18489054491166,0.0470020738616965
87,"Overall cognition",0.377582211252974,0.198064636872386,0.557099785633563,0.00039587278270821
87,"Memory",0.245087771278081,-0.11244574226446,0.602621284820622,0.144485898222928
87,"Executive / sustained attention",0.601466081307164,0.0220099035703426,1.18092225904399,0.0466549354954263
88,"Overall cognition",0.377055354611276,0.197664716625025,0.556445992597527,0.000398399130410811
88,"Memory",0.245087771278081,-0.11244574226446,0.602621284820622,0.144485898222928
88,"Executive / sustained attention",0.596418475252681,0.00731323176047127,1.18552371874489,0.048869187696921
89,"Overall cognition",0.37942053063249,0.198683562228417,0.560157499036562,0.000402923009006001
89,"Memory",0.249477552766038,-0.115070025228843,0.614025130760919,0.145046472154308
89,"Executive / sustained attention",0.607189327990942,0.0343227927242348,1.18005586325765,0.044870898599353
90,"Overall cognition",0.378902387701684,0.198291093902212,0.559513681501155,0.000405423028884348
90,"Memory",0.249477552766038,-0.115070025228843,0.614025130760919,0.145046472154308
90,"Executive / sustained attention",0.602308063732964,0.019725582554268,1.18489054491166,0.0470020738616965
91,"Overall cognition",0.379045549671015,0.19850316215741,0.55958793718462,0.000402594718259686
91,"Memory",0.249477552766038,-0.115070025228843,0.614025130760919,0.145046472154308
91,"Executive / sustained attention",0.601466081307164,0.0220099035703426,1.18092225904399,0.0466549354954263
92,"Overall cognition",0.378515463483314,0.198099890309233,0.558931036657396,0.0004051893657921
92,"Memory",0.249477552766038,-0.115070025228843,0.614025130760919,0.145046472154308
92,"Executive / sustained attention",0.596418475252681,0.00731323176047127,1.18552371874489,0.048869187696921
93,"Overall cognition",0.37840478652719,0.198621603226274,0.558187969828107,0.000393329363551446
93,"Memory",0.246861651847677,-0.111662242075834,0.605385545771188,0.143004128050771
93,"Executive / sustained attention",0.607189327990942,0.0343227927242348,1.18005586325765,0.044870898599353
94,"Overall cognition",0.377889820534347,0.198231899833392,0.557547741235302,0.000395752662085787
94,"Memory",0.246861651847677,-0.111662242075834,0.605385545771188,0.143004128050771
94,"Executive / sustained attention",0.602308063732964,0.019725582554268,1.18489054491166,0.0470020738616965
95,"Overall cognition",0.378034061279756,0.198444226253836,0.557623896305677,0.000392981124559843
95,"Memory",0.246861651847677,-0.111662242075834,0.605385545771188,0.143004128050771
95,"Executive / sustained attention",0.601466081307164,0.0220099035703426,1.18092225904399,0.0466549354954263
96,"Overall cognition",0.377507143511181,0.198043722907306,0.556970564115055,0.00039549680437592
96,"Memory",0.246861651847677,-0.111662242075834,0.605385545771188,0.143004128050771
96,"Executive / sustained attention",0.596418475252681,0.00731323176047127,1.18552371874489,0.048869187696921
97,"Overall cognition",0.380797888147589,0.199846802543583,0.561748973751595,0.000393950967072918
97,"Memory",0.255017100367082,-0.112035977989024,0.622070178723187,0.140032211416177
97,"Executive / sustained attention",0.608796190651089,0.0360325091781964,1.18155987212398,0.0446349782471784
98,"Overall cognition",0.380284891971189,0.199456245842679,0.561113538099699,0.000396401067971675
98,"Memory",0.255017100367082,-0.112035977989024,0.622070178723187,0.140032211416177
98,"Executive / sustained attention",0.603964382374396,0.0214505595949879,1.1864782051538,0.046752144669257
99,"Overall cognition",0.380423991899217,0.199666449992337,0.561181533806097,0.000393631469775795
99,"Memory",0.255017100367082,-0.112035977989024,0.622070178723187,0.140032211416177
99,"Executive / sustained attention",0.603071792627597,0.023631001577034,1.18251258367816,0.0464215366838392
100,"Overall cognition",0.379899014185496,0.199265050019921,0.560532978351071,0.000396174283008475
100,"Memory",0.255017100367082,-0.112035977989024,0.622070178723187,0.140032211416177
100,"Executive / sustained attention",0.598073133790943,0.00894389254196359,1.18720237503992,0.0486222038646205
101,"Overall cognition",0.379639262125746,0.199834254978587,0.559444269272906,0.000382081376976855
101,"Memory",0.252116118371566,-0.10790316691965,0.612135403662782,0.13744637560589
101,"Executive / sustained attention",0.608796190651089,0.0360325091781964,1.18155987212398,0.0446349782471784
102,"Overall cognition",0.379130147183891,0.199447095538745,0.558813198829036,0.000384436525176926
102,"Memory",0.252116118371566,-0.10790316691965,0.612135403662782,0.13744637560589
102,"Executive / sustained attention",0.603964382374396,0.0214505595949879,1.1864782051538,0.046752144669257
103,"Overall cognition",0.379270474560219,0.199657561188221,0.558883387932217,0.000381738048845154
103,"Memory",0.252116118371566,-0.10790316691965,0.612135403662782,0.13744637560589
103,"Executive / sustained attention",0.603071792627597,0.023631001577034,1.18251258367816,0.0464215366838392
104,"Overall cognition",0.378749366928919,0.199259562062425,0.558239171795414,0.000384183113712049
104,"Memory",0.252116118371566,-0.10790316691965,0.612135403662782,0.13744637560589
104,"Executive / sustained attention",0.598073133790943,0.00894389254196359,1.18720237503992,0.0486222038646205
105,"Overall cognition",0.38123913839345,0.200148916035499,0.5623293607514,0.000392535649802593
105,"Memory",0.256666639566022,-0.111639528359286,0.62497280749133,0.139035243588399
105,"Executive / sustained attention",0.608796190651089,0.0360325091781964,1.18155987212398,0.0446349782471784
106,"Overall cognition",0.38072597308998,0.199757770735078,0.561694175444883,0.000394984006596785
106,"Memory",0.256666639566022,-0.111639528359286,0.62497280749133,0.139035243588399
106,"Executive / sustained attention",0.603964382374396,0.0214505595949879,1.1864782051538,0.046752144669257
107,"Overall cognition",0.380864470510063,0.199967494426131,0.561761446593995,0.000392229363780948
107,"Memory",0.256666639566022,-0.111639528359286,0.62497280749133,0.139035243588399
107,"Executive / sustained attention",0.603071792627597,0.023631001577034,1.18251258367816,0.0464215366838392
108,"Overall cognition",0.380339332061491,0.199565500751513,0.561113163371469,0.000394770291141531
108,"Memory",0.256666639566022,-0.111639528359286,0.62497280749133,0.139035243588399
108,"Executive / sustained attention",0.598073133790943,0.00894389254196359,1.18720237503992,0.0486222038646205
109,"Overall cognition",0.380089267353503,0.200189917886507,0.5599886168205,0.000379751228949103
109,"Memory",0.253818695582433,-0.107256381102042,0.614893772266907,0.136212519634296
109,"Executive / sustained attention",0.608796190651089,0.0360325091781964,1.18155987212398,0.0446349782471784
110,"Overall cognition",0.379580119451873,0.199802234770818,0.559358004132927,0.000382098876740892
110,"Memory",0.253818695582433,-0.107256381102042,0.614893772266907,0.136212519634296
110,"Executive / sustained attention",0.603964382374396,0.0214505595949879,1.1864782051538,0.046752144669257
111,"Overall cognition",0.37971982146189,0.200012172874575,0.559427470049206,0.000379421523144483
111,"Memory",0.253818695582433,-0.107256381102042,0.614893772266907,0.136212519634296
111,"Executive / sustained attention",0.603071792627597,0.023631001577034,1.18251258367816,0.0464215366838392
112,"Overall cognition",0.379198688519893,0.199613643211466,0.558783733828321,0.000381858761141125
112,"Memory",0.253818695582433,-0.107256381102042,0.614893772266907,0.136212519634296
112,"Executive / sustained attention",0.598073133790943,0.00894389254196359,1.18720237503992,0.0486222038646205
113,"Overall cognition",0.380781974759599,0.19990319667677,0.561660752842427,0.000392650207765957
113,"Memory",0.255017100367082,-0.112035977989024,0.622070178723187,0.140032211416177
113,"Executive / sustained attention",0.607189327990942,0.0343227927242348,1.18005586325765,0.044870898599353
114,"Overall cognition",0.380264229334203,0.199509291673449,0.561019166994957,0.000395109447475971
114,"Memory",0.255017100367082,-0.112035977989024,0.622070178723187,0.140032211416177
114,"Executive / sustained attention",0.602308063732964,0.019725582554268,1.18489054491166,0.0470020738616965
115,"Overall cognition",0.380405420903649,0.199719562624848,0.56109127918245,0.000392368127215509
115,"Memory",0.255017100367082,-0.112035977989024,0.622070178723187,0.140032211416177
115,"Executive / sustained attention",0.601466081307164,0.0220099035703426,1.18092225904399,0.0466549354954263
116,"Overall cognition",0.379875754119527,0.199314829730958,0.560436678508095,0.000394920388280502
116,"Memory",0.255017100367082,-0.112035977989024,0.622070178723187,0.140032211416177
116,"Executive / sustained attention",0.596418475252681,0.00731323176047127,1.18552371874489,0.048869187696921
117,"Overall cognition",0.379624990954956,0.199891545609916,0.559358436299996,0.000380807246328992
117,"Memory",0.252116118371566,-0.10790316691965,0.612135403662782,0.13744637560589
117,"Executive / sustained attention",0.607189327990942,0.0343227927242348,1.18005586325765,0.044870898599353
118,"Overall cognition",0.379111132161147,0.199501046639269,0.558721217683024,0.000383171111538283
118,"Memory",0.252116118371566,-0.10790316691965,0.612135403662782,0.13744637560589
118,"Executive / sustained attention",0.602308063732964,0.019725582554268,1.18489054491166,0.0470020738616965
119,"Overall cognition",0.379253510045744,0.199711563653514,0.558795456437974,0.00038050031619211
119,"Memory",0.252116118371566,-0.10790316691965,0.612135403662782,0.13744637560589
119,"Executive / sustained attention",0.601466081307164,0.0220099035703426,1.18092225904399,0.0466549354954263
120,"Overall cognition",0.37872771648541,0.199310238941407,0.558145194029413,0.00038295440062906
120,"Memory",0.252116118371566,-0.10790316691965,0.612135403662782,0.13744637560589
120,"Executive / sustained attention",0.596418475252681,0.00731323176047127,1.18552371874489,0.048869187696921
121,"Overall cognition",0.381222789016343,0.200204868192764,0.562240709839922,0.000391244345056055
121,"Memory",0.256666639566022,-0.111639528359286,0.62497280749133,0.139035243588399
121,"Executive / sustained attention",0.607189327990942,0.0343227927242348,1.18005586325765,0.044870898599353
122,"Overall cognition",0.380704877211918,0.199810371430606,0.561599382993229,0.000393701890820582
122,"Memory",0.256666639566022,-0.111639528359286,0.62497280749133,0.139035243588399
122,"Executive / sustained attention",0.602308063732964,0.019725582554268,1.18489054491166,0.0470020738616965
123,"Overall cognition",0.380845474715624,0.200020171302716,0.561670778128532,0.000390975277905519
123,"Memory",0.256666639566022,-0.111639528359286,0.62497280749133,0.139035243588399
123,"Executive / sustained attention",0.601466081307164,0.0220099035703426,1.18092225904399,0.0466549354954263
124,"Overall cognition",0.380315650298149,0.199614841835694,0.561016458760603,0.00039352570181024
124,"Memory",0.256666639566022,-0.111639528359286,0.62497280749133,0.139035243588399
124,"Executive / sustained attention",0.596418475252681,0.00731323176047127,1.18552371874489,0.048869187696921
125,"Overall cognition",0.38007457429601,0.200246749520256,0.559902399071765,0.000378489386675386
125,"Memory",0.253818695582433,-0.107256381102042,0.614893772266907,0.136212519634296
125,"Executive / sustained attention",0.607189327990942,0.0343227927242348,1.18005586325765,0.044870898599353
126,"Overall cognition",0.379560685407539,0.199855723335397,0.559265647479681,0.000380845782548071
126,"Memory",0.253818695582433,-0.107256381102042,0.614893772266907,0.136212519634296
126,"Executive / sustained attention",0.602308063732964,0.019725582554268,1.18489054491166,0.0470020738616965
127,"Overall cognition",0.379702445736204,0.200065722810772,0.559339168661636,0.00037819579561218
127,"Memory",0.253818695582433,-0.107256381102042,0.614893772266907,0.136212519634296
127,"Executive / sustained attention",0.601466081307164,0.0220099035703426,1.18092225904399,0.0466549354954263
128,"Overall cognition",0.379176630018797,0.199663864274119,0.558689395763474,0.000380642082269074
128,"Memory",0.253818695582433,-0.107256381102042,0.614893772266907,0.136212519634296
128,"Executive / sustained attention",0.596418475252681,0.00731323176047127,1.18552371874489,0.048869187696921
