model,k,estimate_CI,p,retained,excluded,status
primary__Overall cognition,17,"0.380 [0.200, 0.561]",0.000391680092318992,COG-TANG-2023;COG-HWANG-2016;COG-CHAN-2019-OLDER;COG-DOUGAL-2021;COG-CHAN-2021-DIFFICULT;COG-YANG-2024-LANGUAGE;COG-CHAN-2021-MCI;COG-HASSAN-2026-STROKE;COG-PENA-2026;COG-CHUN-2025-PILOT;COG-LEE-2025-TBI;COG-DEOLIVEIRA-2024;COG-BERMAN-2017-DEMENTIA;COG-YANG-2025-OLDER-WM;COG-SABOURI-MOGHADAM-2017;COG-SALEHPOUR-2026-STAGE1-ADHD;COG-ZHAO-X-2022-SCD,,Fitted
historical__Overall cognition,23,"0.667 [0.446, 0.887]",2.57739021355881e-06,COG-TANG-2023;COG-HWANG-2016;COG-CHAN-2019-OLDER;COG-DOUGAL-2021;COG-CHAN-2021-DIFFICULT;COG-YANG-2024-LANGUAGE;COG-ZHAO-C-2022-VWM-EXP1-2-AGG;COG-CHAN-2021-MCI;COG-BARRETT-2013;COG-HASSAN-2026-STROKE;COG-PENA-2026;COG-PAPI-2022-MCI;COG-CHUN-2025-PILOT;COG-KHERADMAND-2022-DEMENTIA;COG-LEE-2025-TBI;COG-HAN-2025;COG-DEOLIVEIRA-2024;COG-CHUN-2026-CONFIRMATORY;COG-BERMAN-2017-DEMENTIA;COG-YANG-2025-OLDER-WM;COG-SABOURI-MOGHADAM-2017;COG-SALEHPOUR-2026-STAGE1-ADHD;COG-ZHAO-X-2022-SCD,,Fitted
historical_retained__Overall cognition,17,"0.500 [0.276, 0.725]",0.00022680618349935,COG-TANG-2023;COG-HWANG-2016;COG-CHAN-2019-OLDER;COG-DOUGAL-2021;COG-CHAN-2021-DIFFICULT;COG-YANG-2024-LANGUAGE;COG-CHAN-2021-MCI;COG-HASSAN-2026-STROKE;COG-PENA-2026;COG-CHUN-2025-PILOT;COG-LEE-2025-TBI;COG-DEOLIVEIRA-2024;COG-BERMAN-2017-DEMENTIA;COG-YANG-2025-OLDER-WM;COG-SABOURI-MOGHADAM-2017;COG-SALEHPOUR-2026-STAGE1-ADHD;COG-ZHAO-X-2022-SCD,COG-ZHAO-C-2022-VWM-EXP1-2-AGG;COG-BARRETT-2013;COG-PAPI-2022-MCI;COG-KHERADMAND-2022-DEMENTIA;COG-HAN-2025;COG-CHUN-2026-CONFIRMATORY,Fitted
Overall cognition__no_major_rob,15,"0.421 [0.267, 0.575]",4.10059522172487e-05,COG-TANG-2023;COG-HWANG-2016;COG-CHAN-2019-OLDER;COG-DOUGAL-2021;COG-CHAN-2021-DIFFICULT;COG-YANG-2024-LANGUAGE;COG-CHAN-2021-MCI;COG-HASSAN-2026-STROKE;COG-PENA-2026;COG-CHUN-2025-PILOT;COG-LEE-2025-TBI;COG-DEOLIVEIRA-2024;COG-YANG-2025-OLDER-WM;COG-SABOURI-MOGHADAM-2017;COG-SALEHPOUR-2026-STAGE1-ADHD,COG-BERMAN-2017-DEMENTIA;COG-ZHAO-X-2022-SCD,Fitted
Overall cognition__parallel_only,14,"0.436 [0.202, 0.669]",0.00141191871587995,COG-TANG-2023;COG-HWANG-2016;COG-CHAN-2019-OLDER;COG-DOUGAL-2021;COG-CHAN-2021-DIFFICULT;COG-CHAN-2021-MCI;COG-HASSAN-2026-STROKE;COG-PENA-2026;COG-CHUN-2025-PILOT;COG-DEOLIVEIRA-2024;COG-BERMAN-2017-DEMENTIA;COG-SABOURI-MOGHADAM-2017;COG-SALEHPOUR-2026-STAGE1-ADHD;COG-ZHAO-X-2022-SCD,COG-YANG-2024-LANGUAGE;COG-LEE-2025-TBI;COG-YANG-2025-OLDER-WM,Fitted
Overall cognition__no_digitization,13,"0.394 [0.147, 0.641]",0.00462083892872129,COG-TANG-2023;COG-HWANG-2016;COG-DOUGAL-2021;COG-CHAN-2021-DIFFICULT;COG-YANG-2024-LANGUAGE;COG-HASSAN-2026-STROKE;COG-PENA-2026;COG-CHUN-2025-PILOT;COG-LEE-2025-TBI;COG-YANG-2025-OLDER-WM;COG-SABOURI-MOGHADAM-2017;COG-SALEHPOUR-2026-STAGE1-ADHD;COG-ZHAO-X-2022-SCD,COG-CHAN-2019-OLDER;COG-CHAN-2021-MCI;COG-DEOLIVEIRA-2024;COG-BERMAN-2017-DEMENTIA,Fitted
Overall cognition__no_reconstruction,13,"0.419 [0.253, 0.585]",0.000134169802853148,COG-TANG-2023;COG-HWANG-2016;COG-DOUGAL-2021;COG-YANG-2024-LANGUAGE;COG-HASSAN-2026-STROKE;COG-PENA-2026;COG-CHUN-2025-PILOT;COG-LEE-2025-TBI;COG-DEOLIVEIRA-2024;COG-BERMAN-2017-DEMENTIA;COG-YANG-2025-OLDER-WM;COG-SABOURI-MOGHADAM-2017;COG-SALEHPOUR-2026-STAGE1-ADHD,COG-CHAN-2019-OLDER;COG-CHAN-2021-DIFFICULT;COG-CHAN-2021-MCI;COG-ZHAO-X-2022-SCD,Fitted
Overall cognition__no_imputed_r,13,"0.408 [0.162, 0.654]",0.00356197078808961,COG-TANG-2023;COG-HWANG-2016;COG-CHAN-2019-OLDER;COG-DOUGAL-2021;COG-CHAN-2021-DIFFICULT;COG-CHAN-2021-MCI;COG-HASSAN-2026-STROKE;COG-CHUN-2025-PILOT;COG-DEOLIVEIRA-2024;COG-BERMAN-2017-DEMENTIA;COG-SABOURI-MOGHADAM-2017;COG-SALEHPOUR-2026-STAGE1-ADHD;COG-ZHAO-X-2022-SCD,COG-YANG-2024-LANGUAGE;COG-PENA-2026;COG-LEE-2025-TBI;COG-YANG-2025-OLDER-WM,Fitted
Overall cognition__zero_output,13,"0.357 [0.223, 0.490]",8.08884800777718e-05,COG-TANG-2023;COG-CHAN-2019-OLDER;COG-DOUGAL-2021;COG-CHAN-2021-DIFFICULT;COG-YANG-2024-LANGUAGE;COG-CHAN-2021-MCI;COG-HASSAN-2026-STROKE;COG-PENA-2026;COG-LEE-2025-TBI;COG-DEOLIVEIRA-2024;COG-BERMAN-2017-DEMENTIA;COG-YANG-2025-OLDER-WM;COG-SALEHPOUR-2026-STAGE1-ADHD,COG-HWANG-2016;COG-CHUN-2025-PILOT;COG-SABOURI-MOGHADAM-2017;COG-ZHAO-X-2022-SCD,Fitted
Overall cognition__no_industry,12,"0.379 [0.147, 0.611]",0.00420597889746033,COG-TANG-2023;COG-HWANG-2016;COG-CHAN-2019-OLDER;COG-YANG-2024-LANGUAGE;COG-CHAN-2021-MCI;COG-HASSAN-2026-STROKE;COG-PENA-2026;COG-LEE-2025-TBI;COG-YANG-2025-OLDER-WM;COG-SABOURI-MOGHADAM-2017;COG-SALEHPOUR-2026-STAGE1-ADHD;COG-ZHAO-X-2022-SCD,COG-DOUGAL-2021;COG-CHAN-2021-DIFFICULT;COG-CHUN-2025-PILOT;COG-DEOLIVEIRA-2024;COG-BERMAN-2017-DEMENTIA,Fitted
Overall cognition__endpoint_only,9,"0.365 [0.041, 0.689]",0.0316296910311544,COG-TANG-2023;COG-HWANG-2016;COG-CHAN-2021-DIFFICULT;COG-YANG-2024-LANGUAGE;COG-HASSAN-2026-STROKE;COG-CHUN-2025-PILOT;COG-LEE-2025-TBI;COG-YANG-2025-OLDER-WM;COG-SALEHPOUR-2026-STAGE1-ADHD,COG-CHAN-2019-OLDER;COG-DOUGAL-2021;COG-CHAN-2021-MCI;COG-PENA-2026;COG-DEOLIVEIRA-2024;COG-BERMAN-2017-DEMENTIA;COG-SABOURI-MOGHADAM-2017;COG-ZHAO-X-2022-SCD,Fitted
Overall cognition__controlled_change_only,8,"0.403 [0.151, 0.654]",0.00687212464717211,COG-CHAN-2019-OLDER;COG-DOUGAL-2021;COG-CHAN-2021-MCI;COG-PENA-2026;COG-DEOLIVEIRA-2024;COG-BERMAN-2017-DEMENTIA;COG-SABOURI-MOGHADAM-2017;COG-ZHAO-X-2022-SCD,COG-TANG-2023;COG-HWANG-2016;COG-CHAN-2021-DIFFICULT;COG-YANG-2024-LANGUAGE;COG-HASSAN-2026-STROKE;COG-CHUN-2025-PILOT;COG-LEE-2025-TBI;COG-YANG-2025-OLDER-WM;COG-SALEHPOUR-2026-STAGE1-ADHD,Fitted
Overall cognition__exclude_Yang,16,"0.386 [0.186, 0.586]",0.000931654371229451,COG-TANG-2023;COG-HWANG-2016;COG-CHAN-2019-OLDER;COG-DOUGAL-2021;COG-CHAN-2021-DIFFICULT;COG-YANG-2024-LANGUAGE;COG-CHAN-2021-MCI;COG-HASSAN-2026-STROKE;COG-PENA-2026;COG-CHUN-2025-PILOT;COG-LEE-2025-TBI;COG-DEOLIVEIRA-2024;COG-BERMAN-2017-DEMENTIA;COG-SABOURI-MOGHADAM-2017;COG-SALEHPOUR-2026-STAGE1-ADHD;COG-ZHAO-X-2022-SCD,COG-YANG-2025-OLDER-WM,Fitted
Overall cognition__exclude_ZhaoX,16,"0.409 [0.262, 0.556]",2.75800734680864e-05,COG-TANG-2023;COG-HWANG-2016;COG-CHAN-2019-OLDER;COG-DOUGAL-2021;COG-CHAN-2021-DIFFICULT;COG-YANG-2024-LANGUAGE;COG-CHAN-2021-MCI;COG-HASSAN-2026-STROKE;COG-PENA-2026;COG-CHUN-2025-PILOT;COG-LEE-2025-TBI;COG-DEOLIVEIRA-2024;COG-BERMAN-2017-DEMENTIA;COG-YANG-2025-OLDER-WM;COG-SABOURI-MOGHADAM-2017;COG-SALEHPOUR-2026-STAGE1-ADHD,COG-ZHAO-X-2022-SCD,Fitted
Overall cognition__strict_no_reconstruction,11,"0.398 [0.213, 0.584]",0.000736139535059511,COG-TANG-2023;COG-HWANG-2016;COG-YANG-2024-LANGUAGE;COG-HASSAN-2026-STROKE;COG-PENA-2026;COG-CHUN-2025-PILOT;COG-LEE-2025-TBI;COG-DEOLIVEIRA-2024;COG-BERMAN-2017-DEMENTIA;COG-YANG-2025-OLDER-WM;COG-SABOURI-MOGHADAM-2017,COG-CHAN-2019-OLDER;COG-DOUGAL-2021;COG-CHAN-2021-DIFFICULT;COG-CHAN-2021-MCI;COG-SALEHPOUR-2026-STAGE1-ADHD;COG-ZHAO-X-2022-SCD,Fitted
Overall cognition__paired_r__0.2,17,"0.381 [0.199, 0.564]",0.000424301871046444,COG-TANG-2023;COG-HWANG-2016;COG-CHAN-2019-OLDER;COG-DOUGAL-2021;COG-CHAN-2021-DIFFICULT;COG-YANG-2024-LANGUAGE;COG-CHAN-2021-MCI;COG-HASSAN-2026-STROKE;COG-PENA-2026;COG-CHUN-2025-PILOT;COG-LEE-2025-TBI;COG-DEOLIVEIRA-2024;COG-BERMAN-2017-DEMENTIA;COG-YANG-2025-OLDER-WM;COG-SABOURI-MOGHADAM-2017;COG-SALEHPOUR-2026-STAGE1-ADHD;COG-ZHAO-X-2022-SCD,,Fitted
Overall cognition__paired_r__0.8,17,"0.382 [0.202, 0.562]",0.000364989356142385,COG-TANG-2023;COG-HWANG-2016;COG-CHAN-2019-OLDER;COG-DOUGAL-2021;COG-CHAN-2021-DIFFICULT;COG-YANG-2024-LANGUAGE;COG-CHAN-2021-MCI;COG-HASSAN-2026-STROKE;COG-PENA-2026;COG-CHUN-2025-PILOT;COG-LEE-2025-TBI;COG-DEOLIVEIRA-2024;COG-BERMAN-2017-DEMENTIA;COG-YANG-2025-OLDER-WM;COG-SABOURI-MOGHADAM-2017;COG-SALEHPOUR-2026-STAGE1-ADHD;COG-ZHAO-X-2022-SCD,,Fitted
Overall cognition__adhoc,17,"0.380 [0.200, 0.561]",0.000391680092318992,COG-TANG-2023;COG-HWANG-2016;COG-CHAN-2019-OLDER;COG-DOUGAL-2021;COG-CHAN-2021-DIFFICULT;COG-YANG-2024-LANGUAGE;COG-CHAN-2021-MCI;COG-HASSAN-2026-STROKE;COG-PENA-2026;COG-CHUN-2025-PILOT;COG-LEE-2025-TBI;COG-DEOLIVEIRA-2024;COG-BERMAN-2017-DEMENTIA;COG-YANG-2025-OLDER-WM;COG-SABOURI-MOGHADAM-2017;COG-SALEHPOUR-2026-STAGE1-ADHD;COG-ZHAO-X-2022-SCD,,Fitted
Overall cognition__z,17,"0.380 [0.220, 0.540]",3.23324821390967e-06,COG-TANG-2023;COG-HWANG-2016;COG-CHAN-2019-OLDER;COG-DOUGAL-2021;COG-CHAN-2021-DIFFICULT;COG-YANG-2024-LANGUAGE;COG-CHAN-2021-MCI;COG-HASSAN-2026-STROKE;COG-PENA-2026;COG-CHUN-2025-PILOT;COG-LEE-2025-TBI;COG-DEOLIVEIRA-2024;COG-BERMAN-2017-DEMENTIA;COG-YANG-2025-OLDER-WM;COG-SABOURI-MOGHADAM-2017;COG-SALEHPOUR-2026-STAGE1-ADHD;COG-ZHAO-X-2022-SCD,,Fitted
Overall cognition__PM,17,"0.386 [0.203, 0.570]",0.000384813135219802,COG-TANG-2023;COG-HWANG-2016;COG-CHAN-2019-OLDER;COG-DOUGAL-2021;COG-CHAN-2021-DIFFICULT;COG-YANG-2024-LANGUAGE;COG-CHAN-2021-MCI;COG-HASSAN-2026-STROKE;COG-PENA-2026;COG-CHUN-2025-PILOT;COG-LEE-2025-TBI;COG-DEOLIVEIRA-2024;COG-BERMAN-2017-DEMENTIA;COG-YANG-2025-OLDER-WM;COG-SABOURI-MOGHADAM-2017;COG-SALEHPOUR-2026-STAGE1-ADHD;COG-ZHAO-X-2022-SCD,,Fitted
Overall cognition__FE,17,"0.309 [0.208, 0.410]",2.24521853923343e-09,COG-TANG-2023;COG-HWANG-2016;COG-CHAN-2019-OLDER;COG-DOUGAL-2021;COG-CHAN-2021-DIFFICULT;COG-YANG-2024-LANGUAGE;COG-CHAN-2021-MCI;COG-HASSAN-2026-STROKE;COG-PENA-2026;COG-CHUN-2025-PILOT;COG-LEE-2025-TBI;COG-DEOLIVEIRA-2024;COG-BERMAN-2017-DEMENTIA;COG-YANG-2025-OLDER-WM;COG-SABOURI-MOGHADAM-2017;COG-SALEHPOUR-2026-STAGE1-ADHD;COG-ZHAO-X-2022-SCD,,Fitted
primary__Memory,7,"0.251 [-0.111, 0.614]",0.140928756598641,COG-TANG-2023;COG-HWANG-2016;COG-CHAN-2021-DIFFICULT;COG-CHAN-2021-MCI;COG-LEE-2025-TBI;COG-YANG-2025-OLDER-WM;COG-ZHAO-X-2022-SCD,,Fitted
historical__Memory,10,"0.413 [0.137, 0.689]",0.00804016879740271,COG-TANG-2023;COG-HWANG-2016;COG-CHAN-2021-DIFFICULT;COG-ZHAO-C-2022-VWM-EXP1-2-AGG;COG-CHAN-2021-MCI;COG-BARRETT-2013;COG-LEE-2025-TBI;COG-HAN-2025;COG-YANG-2025-OLDER-WM;COG-ZHAO-X-2022-SCD,COG-CHAN-2019-OLDER;COG-DOUGAL-2021;COG-YANG-2024-LANGUAGE;COG-HASSAN-2026-STROKE;COG-PENA-2026;COG-PAPI-2022-MCI;COG-CHUN-2025-PILOT;COG-KHERADMAND-2022-DEMENTIA;COG-DEOLIVEIRA-2024;COG-CHUN-2026-CONFIRMATORY;COG-BERMAN-2017-DEMENTIA;COG-SABOURI-MOGHADAM-2017;COG-SALEHPOUR-2026-STAGE1-ADHD,Fitted
historical_retained__Memory,7,"0.287 [-0.101, 0.676]",0.120511337253689,COG-TANG-2023;COG-HWANG-2016;COG-CHAN-2021-DIFFICULT;COG-CHAN-2021-MCI;COG-LEE-2025-TBI;COG-YANG-2025-OLDER-WM;COG-ZHAO-X-2022-SCD,COG-CHAN-2019-OLDER;COG-DOUGAL-2021;COG-YANG-2024-LANGUAGE;COG-ZHAO-C-2022-VWM-EXP1-2-AGG;COG-BARRETT-2013;COG-HASSAN-2026-STROKE;COG-PENA-2026;COG-PAPI-2022-MCI;COG-CHUN-2025-PILOT;COG-KHERADMAND-2022-DEMENTIA;COG-HAN-2025;COG-DEOLIVEIRA-2024;COG-CHUN-2026-CONFIRMATORY;COG-BERMAN-2017-DEMENTIA;COG-SABOURI-MOGHADAM-2017;COG-SALEHPOUR-2026-STAGE1-ADHD,Fitted
Memory__no_major_rob,6,"0.345 [-0.061, 0.751]",0.0807962191650089,COG-TANG-2023;COG-HWANG-2016;COG-CHAN-2021-DIFFICULT;COG-CHAN-2021-MCI;COG-LEE-2025-TBI;COG-YANG-2025-OLDER-WM,COG-ZHAO-X-2022-SCD,Fitted
Memory__parallel_only,5,"0.313 [-0.337, 0.962]",0.252574319099513,COG-TANG-2023;COG-HWANG-2016;COG-CHAN-2021-DIFFICULT;COG-CHAN-2021-MCI;COG-ZHAO-X-2022-SCD,COG-LEE-2025-TBI;COG-YANG-2025-OLDER-WM,Fitted
Memory__no_digitization,6,"0.222 [-0.181, 0.625]",0.215734292967107,COG-TANG-2023;COG-HWANG-2016;COG-CHAN-2021-DIFFICULT;COG-LEE-2025-TBI;COG-YANG-2025-OLDER-WM;COG-ZHAO-X-2022-SCD,COG-CHAN-2021-MCI,Fitted
Memory__no_reconstruction,4,"0.391 [-0.237, 1.019]",0.141584519012561,COG-TANG-2023;COG-HWANG-2016;COG-LEE-2025-TBI;COG-YANG-2025-OLDER-WM,COG-CHAN-2021-DIFFICULT;COG-CHAN-2021-MCI;COG-ZHAO-X-2022-SCD,Fitted
Memory__no_imputed_r,5,"0.313 [-0.337, 0.962]",0.252574319099513,COG-TANG-2023;COG-HWANG-2016;COG-CHAN-2021-DIFFICULT;COG-CHAN-2021-MCI;COG-ZHAO-X-2022-SCD,COG-LEE-2025-TBI;COG-YANG-2025-OLDER-WM,Fitted
Memory__zero_output,5,"0.274 [-0.019, 0.566]",0.0600219131996919,COG-TANG-2023;COG-CHAN-2021-DIFFICULT;COG-CHAN-2021-MCI;COG-LEE-2025-TBI;COG-YANG-2025-OLDER-WM,COG-HWANG-2016;COG-ZHAO-X-2022-SCD,Fitted
Memory__no_industry,6,"0.306 [-0.120, 0.731]",0.124006511186237,COG-TANG-2023;COG-HWANG-2016;COG-CHAN-2021-MCI;COG-LEE-2025-TBI;COG-YANG-2025-OLDER-WM;COG-ZHAO-X-2022-SCD,COG-CHAN-2021-DIFFICULT,Fitted
Memory__endpoint_only,5,"0.319 [-0.174, 0.812]",0.147157339928387,COG-TANG-2023;COG-HWANG-2016;COG-CHAN-2021-DIFFICULT;COG-LEE-2025-TBI;COG-YANG-2025-OLDER-WM,COG-CHAN-2021-MCI;COG-ZHAO-X-2022-SCD,Fitted
Memory__controlled_change_only,2,Not fitted: k<3,,COG-CHAN-2021-MCI;COG-ZHAO-X-2022-SCD,COG-TANG-2023;COG-HWANG-2016;COG-CHAN-2021-DIFFICULT;COG-LEE-2025-TBI;COG-YANG-2025-OLDER-WM,Omitted with explicit small-k reason
Memory__exclude_Yang,6,"0.228 [-0.251, 0.707]",0.276072537925629,COG-TANG-2023;COG-HWANG-2016;COG-CHAN-2021-DIFFICULT;COG-CHAN-2021-MCI;COG-LEE-2025-TBI;COG-ZHAO-X-2022-SCD,COG-YANG-2025-OLDER-WM,Fitted
Memory__exclude_ZhaoX,6,"0.345 [-0.061, 0.751]",0.0807962191650089,COG-TANG-2023;COG-HWANG-2016;COG-CHAN-2021-DIFFICULT;COG-CHAN-2021-MCI;COG-LEE-2025-TBI;COG-YANG-2025-OLDER-WM,COG-ZHAO-X-2022-SCD,Fitted
Memory__strict_no_reconstruction,4,"0.391 [-0.237, 1.019]",0.141584519012561,COG-TANG-2023;COG-HWANG-2016;COG-LEE-2025-TBI;COG-YANG-2025-OLDER-WM,COG-CHAN-2021-DIFFICULT;COG-CHAN-2021-MCI;COG-ZHAO-X-2022-SCD,Fitted
Memory__paired_r__0.2,7,"0.257 [-0.116, 0.630]",0.142443157276842,COG-TANG-2023;COG-HWANG-2016;COG-CHAN-2021-DIFFICULT;COG-CHAN-2021-MCI;COG-LEE-2025-TBI;COG-YANG-2025-OLDER-WM;COG-ZHAO-X-2022-SCD,,Fitted
Memory__paired_r__0.8,7,"0.242 [-0.107, 0.591]",0.14033891497107,COG-TANG-2023;COG-HWANG-2016;COG-CHAN-2021-DIFFICULT;COG-CHAN-2021-MCI;COG-LEE-2025-TBI;COG-YANG-2025-OLDER-WM;COG-ZHAO-X-2022-SCD,,Fitted
Memory__adhoc,7,"0.251 [-0.111, 0.614]",0.140928756598641,COG-TANG-2023;COG-HWANG-2016;COG-CHAN-2021-DIFFICULT;COG-CHAN-2021-MCI;COG-LEE-2025-TBI;COG-YANG-2025-OLDER-WM;COG-ZHAO-X-2022-SCD,,Fitted
Memory__z,7,"0.251 [-0.026, 0.529]",0.0758978965339773,COG-TANG-2023;COG-HWANG-2016;COG-CHAN-2021-DIFFICULT;COG-CHAN-2021-MCI;COG-LEE-2025-TBI;COG-YANG-2025-OLDER-WM;COG-ZHAO-X-2022-SCD,,Fitted
Memory__PM,7,"0.259 [-0.110, 0.629]",0.136713234709319,COG-TANG-2023;COG-HWANG-2016;COG-CHAN-2021-DIFFICULT;COG-CHAN-2021-MCI;COG-LEE-2025-TBI;COG-YANG-2025-OLDER-WM;COG-ZHAO-X-2022-SCD,,Fitted
Memory__FE,7,"0.165 [0.018, 0.312]",0.0279950374274943,COG-TANG-2023;COG-HWANG-2016;COG-CHAN-2021-DIFFICULT;COG-CHAN-2021-MCI;COG-LEE-2025-TBI;COG-YANG-2025-OLDER-WM;COG-ZHAO-X-2022-SCD,,Fitted
primary__Global cognition,5,"0.399 [-0.011, 0.808]",0.0540043627053709,COG-DOUGAL-2021;COG-HASSAN-2026-STROKE;COG-CHUN-2025-PILOT;COG-DEOLIVEIRA-2024;COG-BERMAN-2017-DEMENTIA,,Fitted
historical__Global cognition,8,"0.988 [0.466, 1.509]",0.00286961839453014,COG-DOUGAL-2021;COG-HASSAN-2026-STROKE;COG-PAPI-2022-MCI;COG-CHUN-2025-PILOT;COG-KHERADMAND-2022-DEMENTIA;COG-DEOLIVEIRA-2024;COG-CHUN-2026-CONFIRMATORY;COG-BERMAN-2017-DEMENTIA,COG-TANG-2023;COG-HWANG-2016;COG-CHAN-2019-OLDER;COG-CHAN-2021-DIFFICULT;COG-YANG-2024-LANGUAGE;COG-ZHAO-C-2022-VWM-EXP1-2-AGG;COG-CHAN-2021-MCI;COG-BARRETT-2013;COG-PENA-2026;COG-LEE-2025-TBI;COG-HAN-2025;COG-YANG-2025-OLDER-WM;COG-SABOURI-MOGHADAM-2017;COG-SALEHPOUR-2026-STAGE1-ADHD;COG-ZHAO-X-2022-SCD,Fitted
historical_retained__Global cognition,5,"0.633 [-0.046, 1.311]",0.0608121965992686,COG-DOUGAL-2021;COG-HASSAN-2026-STROKE;COG-CHUN-2025-PILOT;COG-DEOLIVEIRA-2024;COG-BERMAN-2017-DEMENTIA,COG-TANG-2023;COG-HWANG-2016;COG-CHAN-2019-OLDER;COG-CHAN-2021-DIFFICULT;COG-YANG-2024-LANGUAGE;COG-ZHAO-C-2022-VWM-EXP1-2-AGG;COG-CHAN-2021-MCI;COG-BARRETT-2013;COG-PENA-2026;COG-PAPI-2022-MCI;COG-KHERADMAND-2022-DEMENTIA;COG-LEE-2025-TBI;COG-HAN-2025;COG-CHUN-2026-CONFIRMATORY;COG-YANG-2025-OLDER-WM;COG-SABOURI-MOGHADAM-2017;COG-SALEHPOUR-2026-STAGE1-ADHD;COG-ZHAO-X-2022-SCD,Fitted
Global cognition__no_major_rob,4,"0.452 [-0.228, 1.132]",0.124747233387466,COG-DOUGAL-2021;COG-HASSAN-2026-STROKE;COG-CHUN-2025-PILOT;COG-DEOLIVEIRA-2024,COG-BERMAN-2017-DEMENTIA,Fitted
Global cognition__parallel_only,5,"0.399 [-0.011, 0.808]",0.0540043627053709,COG-DOUGAL-2021;COG-HASSAN-2026-STROKE;COG-CHUN-2025-PILOT;COG-DEOLIVEIRA-2024;COG-BERMAN-2017-DEMENTIA,,Fitted
Global cognition__no_digitization,3,"0.486 [-1.048, 2.020]",0.305908840638627,COG-DOUGAL-2021;COG-HASSAN-2026-STROKE;COG-CHUN-2025-PILOT,COG-DEOLIVEIRA-2024;COG-BERMAN-2017-DEMENTIA,Fitted
Global cognition__no_reconstruction,5,"0.399 [-0.011, 0.808]",0.0540043627053709,COG-DOUGAL-2021;COG-HASSAN-2026-STROKE;COG-CHUN-2025-PILOT;COG-DEOLIVEIRA-2024;COG-BERMAN-2017-DEMENTIA,,Fitted
Global cognition__no_imputed_r,5,"0.399 [-0.011, 0.808]",0.0540043627053709,COG-DOUGAL-2021;COG-HASSAN-2026-STROKE;COG-CHUN-2025-PILOT;COG-DEOLIVEIRA-2024;COG-BERMAN-2017-DEMENTIA,,Fitted
Global cognition__zero_output,4,"0.352 [-0.025, 0.730]",0.0591626778577791,COG-DOUGAL-2021;COG-HASSAN-2026-STROKE;COG-DEOLIVEIRA-2024;COG-BERMAN-2017-DEMENTIA,COG-CHUN-2025-PILOT,Fitted
Global cognition__no_industry,1,Not fitted: k<3,,COG-HASSAN-2026-STROKE,COG-DOUGAL-2021;COG-CHUN-2025-PILOT;COG-DEOLIVEIRA-2024;COG-BERMAN-2017-DEMENTIA,Omitted with explicit small-k reason
Global cognition__endpoint_only,2,Not fitted: k<3,,COG-HASSAN-2026-STROKE;COG-CHUN-2025-PILOT,COG-DOUGAL-2021;COG-DEOLIVEIRA-2024;COG-BERMAN-2017-DEMENTIA,Omitted with explicit small-k reason
Global cognition__controlled_change_only,3,"0.414 [0.050, 0.779]",0.039388301849932,COG-DOUGAL-2021;COG-DEOLIVEIRA-2024;COG-BERMAN-2017-DEMENTIA,COG-HASSAN-2026-STROKE;COG-CHUN-2025-PILOT,Fitted
Global cognition__exclude_Yang,5,"0.399 [-0.011, 0.808]",0.0540043627053709,COG-DOUGAL-2021;COG-HASSAN-2026-STROKE;COG-CHUN-2025-PILOT;COG-DEOLIVEIRA-2024;COG-BERMAN-2017-DEMENTIA,,Fitted
Global cognition__exclude_ZhaoX,5,"0.399 [-0.011, 0.808]",0.0540043627053709,COG-DOUGAL-2021;COG-HASSAN-2026-STROKE;COG-CHUN-2025-PILOT;COG-DEOLIVEIRA-2024;COG-BERMAN-2017-DEMENTIA,,Fitted
Global cognition__strict_no_reconstruction,4,"0.362 [-0.376, 1.100]",0.21666020603947,COG-HASSAN-2026-STROKE;COG-CHUN-2025-PILOT;COG-DEOLIVEIRA-2024;COG-BERMAN-2017-DEMENTIA,COG-DOUGAL-2021,Fitted
Global cognition__paired_r__0.2,5,"0.399 [-0.011, 0.808]",0.0540043627053709,COG-DOUGAL-2021;COG-HASSAN-2026-STROKE;COG-CHUN-2025-PILOT;COG-DEOLIVEIRA-2024;COG-BERMAN-2017-DEMENTIA,,Fitted
Global cognition__paired_r__0.8,5,"0.399 [-0.011, 0.808]",0.0540043627053709,COG-DOUGAL-2021;COG-HASSAN-2026-STROKE;COG-CHUN-2025-PILOT;COG-DEOLIVEIRA-2024;COG-BERMAN-2017-DEMENTIA,,Fitted
Global cognition__adhoc,5,"0.399 [-0.011, 0.808]",0.0540043627053709,COG-DOUGAL-2021;COG-HASSAN-2026-STROKE;COG-CHUN-2025-PILOT;COG-DEOLIVEIRA-2024;COG-BERMAN-2017-DEMENTIA,,Fitted
Global cognition__z,5,"0.399 [0.175, 0.623]",0.000480692354235835,COG-DOUGAL-2021;COG-HASSAN-2026-STROKE;COG-CHUN-2025-PILOT;COG-DEOLIVEIRA-2024;COG-BERMAN-2017-DEMENTIA,,Fitted
Global cognition__PM,5,"0.400 [-0.105, 0.906]",0.092751926316362,COG-DOUGAL-2021;COG-HASSAN-2026-STROKE;COG-CHUN-2025-PILOT;COG-DEOLIVEIRA-2024;COG-BERMAN-2017-DEMENTIA,,Fitted
Global cognition__FE,5,"0.402 [0.197, 0.606]",0.000120626238882705,COG-DOUGAL-2021;COG-HASSAN-2026-STROKE;COG-CHUN-2025-PILOT;COG-DEOLIVEIRA-2024;COG-BERMAN-2017-DEMENTIA,,Fitted
primary__Executive / sustained attention,3,"0.617 [0.057, 1.177]",0.0416786773373177,COG-CHAN-2019-OLDER;COG-SABOURI-MOGHADAM-2017;COG-SALEHPOUR-2026-STAGE1-ADHD,,Fitted
historical__Executive / sustained attention,3,"0.920 [0.481, 1.358]",0.0120479813214533,COG-CHAN-2019-OLDER;COG-SABOURI-MOGHADAM-2017;COG-SALEHPOUR-2026-STAGE1-ADHD,COG-TANG-2023;COG-HWANG-2016;COG-DOUGAL-2021;COG-CHAN-2021-DIFFICULT;COG-YANG-2024-LANGUAGE;COG-ZHAO-C-2022-VWM-EXP1-2-AGG;COG-CHAN-2021-MCI;COG-BARRETT-2013;COG-HASSAN-2026-STROKE;COG-PENA-2026;COG-PAPI-2022-MCI;COG-CHUN-2025-PILOT;COG-KHERADMAND-2022-DEMENTIA;COG-LEE-2025-TBI;COG-HAN-2025;COG-DEOLIVEIRA-2024;COG-CHUN-2026-CONFIRMATORY;COG-BERMAN-2017-DEMENTIA;COG-YANG-2025-OLDER-WM;COG-ZHAO-X-2022-SCD,Fitted
historical_retained__Executive / sustained attention,3,"0.920 [0.481, 1.358]",0.0120479813214533,COG-CHAN-2019-OLDER;COG-SABOURI-MOGHADAM-2017;COG-SALEHPOUR-2026-STAGE1-ADHD,COG-TANG-2023;COG-HWANG-2016;COG-DOUGAL-2021;COG-CHAN-2021-DIFFICULT;COG-YANG-2024-LANGUAGE;COG-ZHAO-C-2022-VWM-EXP1-2-AGG;COG-CHAN-2021-MCI;COG-BARRETT-2013;COG-HASSAN-2026-STROKE;COG-PENA-2026;COG-PAPI-2022-MCI;COG-CHUN-2025-PILOT;COG-KHERADMAND-2022-DEMENTIA;COG-LEE-2025-TBI;COG-HAN-2025;COG-DEOLIVEIRA-2024;COG-CHUN-2026-CONFIRMATORY;COG-BERMAN-2017-DEMENTIA;COG-YANG-2025-OLDER-WM;COG-ZHAO-X-2022-SCD,Fitted
Executive / sustained attention__no_major_rob,3,"0.617 [0.057, 1.177]",0.0416786773373177,COG-CHAN-2019-OLDER;COG-SABOURI-MOGHADAM-2017;COG-SALEHPOUR-2026-STAGE1-ADHD,,Fitted
Executive / sustained attention__parallel_only,3,"0.617 [0.057, 1.177]",0.0416786773373177,COG-CHAN-2019-OLDER;COG-SABOURI-MOGHADAM-2017;COG-SALEHPOUR-2026-STAGE1-ADHD,,Fitted
Executive / sustained attention__no_digitization,2,Not fitted: k<3,,COG-SABOURI-MOGHADAM-2017;COG-SALEHPOUR-2026-STAGE1-ADHD,COG-CHAN-2019-OLDER,Omitted with explicit small-k reason
Executive / sustained attention__no_reconstruction,2,Not fitted: k<3,,COG-SABOURI-MOGHADAM-2017;COG-SALEHPOUR-2026-STAGE1-ADHD,COG-CHAN-2019-OLDER,Omitted with explicit small-k reason
Executive / sustained attention__no_imputed_r,3,"0.617 [0.057, 1.177]",0.0416786773373177,COG-CHAN-2019-OLDER;COG-SABOURI-MOGHADAM-2017;COG-SALEHPOUR-2026-STAGE1-ADHD,,Fitted
Executive / sustained attention__zero_output,2,Not fitted: k<3,,COG-CHAN-2019-OLDER;COG-SALEHPOUR-2026-STAGE1-ADHD,COG-SABOURI-MOGHADAM-2017,Omitted with explicit small-k reason
Executive / sustained attention__no_industry,3,"0.617 [0.057, 1.177]",0.0416786773373177,COG-CHAN-2019-OLDER;COG-SABOURI-MOGHADAM-2017;COG-SALEHPOUR-2026-STAGE1-ADHD,,Fitted
Executive / sustained attention__endpoint_only,1,Not fitted: k<3,,COG-SALEHPOUR-2026-STAGE1-ADHD,COG-CHAN-2019-OLDER;COG-SABOURI-MOGHADAM-2017,Omitted with explicit small-k reason
Executive / sustained attention__controlled_change_only,2,Not fitted: k<3,,COG-CHAN-2019-OLDER;COG-SABOURI-MOGHADAM-2017,COG-SALEHPOUR-2026-STAGE1-ADHD,Omitted with explicit small-k reason
Executive / sustained attention__exclude_Yang,3,"0.617 [0.057, 1.177]",0.0416786773373177,COG-CHAN-2019-OLDER;COG-SABOURI-MOGHADAM-2017;COG-SALEHPOUR-2026-STAGE1-ADHD,,Fitted
Executive / sustained attention__exclude_ZhaoX,3,"0.617 [0.057, 1.177]",0.0416786773373177,COG-CHAN-2019-OLDER;COG-SABOURI-MOGHADAM-2017;COG-SALEHPOUR-2026-STAGE1-ADHD,,Fitted
Executive / sustained attention__strict_no_reconstruction,1,Not fitted: k<3,,COG-SABOURI-MOGHADAM-2017,COG-CHAN-2019-OLDER;COG-SALEHPOUR-2026-STAGE1-ADHD,Omitted with explicit small-k reason
Executive / sustained attention__paired_r__0.2,3,"0.617 [0.057, 1.177]",0.0416786773373177,COG-CHAN-2019-OLDER;COG-SABOURI-MOGHADAM-2017;COG-SALEHPOUR-2026-STAGE1-ADHD,,Fitted
Executive / sustained attention__paired_r__0.8,3,"0.617 [0.057, 1.177]",0.0416786773373177,COG-CHAN-2019-OLDER;COG-SABOURI-MOGHADAM-2017;COG-SALEHPOUR-2026-STAGE1-ADHD,,Fitted
Executive / sustained attention__adhoc,3,"0.617 [-0.075, 1.310]",0.0617050057705012,COG-CHAN-2019-OLDER;COG-SABOURI-MOGHADAM-2017;COG-SALEHPOUR-2026-STAGE1-ADHD,,Fitted
Executive / sustained attention__z,3,"0.617 [0.302, 0.933]",0.000124580237560563,COG-CHAN-2019-OLDER;COG-SABOURI-MOGHADAM-2017;COG-SALEHPOUR-2026-STAGE1-ADHD,,Fitted
Executive / sustained attention__PM,3,"0.617 [0.057, 1.177]",0.0416786773373177,COG-CHAN-2019-OLDER;COG-SABOURI-MOGHADAM-2017;COG-SALEHPOUR-2026-STAGE1-ADHD,,Fitted
Executive / sustained attention__FE,3,"0.617 [0.302, 0.933]",0.000124580237560563,COG-CHAN-2019-OLDER;COG-SABOURI-MOGHADAM-2017;COG-SALEHPOUR-2026-STAGE1-ADHD,,Fitted
external_expansion,23,"0.440 [0.282, 0.599]",8.5783601819406e-06,COG-TANG-2023;COG-HWANG-2016;COG-CHAN-2019-OLDER;COG-DOUGAL-2021;COG-CHAN-2021-DIFFICULT;COG-YANG-2024-LANGUAGE;COG-CHAN-2021-MCI;COG-HASSAN-2026-STROKE;COG-PENA-2026;COG-CHUN-2025-PILOT;COG-LEE-2025-TBI;COG-DEOLIVEIRA-2024;COG-BERMAN-2017-DEMENTIA;COG-YANG-2025-OLDER-WM;COG-SABOURI-MOGHADAM-2017;COG-SALEHPOUR-2026-STAGE1-ADHD;COG-ZHAO-X-2022-SCD;SENS-BLANCO-2017;SENS-HOLMES-2019;SENS-CHEN-2023-PASSIVE;SENS-JOSHI-2024-MIXED-ROUTE;SENS-NIZAMUTDINOV-2021-MIXED-ROUTE;SENS-PAOLILLO-2023,,Fitted
external_add__SENS-BLANCO-2017,18,"0.392 [0.218, 0.567]",0.000187921293475027,COG-TANG-2023;COG-HWANG-2016;COG-CHAN-2019-OLDER;COG-DOUGAL-2021;COG-CHAN-2021-DIFFICULT;COG-YANG-2024-LANGUAGE;COG-CHAN-2021-MCI;COG-HASSAN-2026-STROKE;COG-PENA-2026;COG-CHUN-2025-PILOT;COG-LEE-2025-TBI;COG-DEOLIVEIRA-2024;COG-BERMAN-2017-DEMENTIA;COG-YANG-2025-OLDER-WM;COG-SABOURI-MOGHADAM-2017;COG-SALEHPOUR-2026-STAGE1-ADHD;COG-ZHAO-X-2022-SCD;SENS-BLANCO-2017,SENS-HOLMES-2019;SENS-CHEN-2023-PASSIVE;SENS-JOSHI-2024-MIXED-ROUTE;SENS-NIZAMUTDINOV-2021-MIXED-ROUTE;SENS-PAOLILLO-2023,Fitted
external_add__SENS-HOLMES-2019,18,"0.382 [0.210, 0.554]",0.000214891725682724,COG-TANG-2023;COG-HWANG-2016;COG-CHAN-2019-OLDER;COG-DOUGAL-2021;COG-CHAN-2021-DIFFICULT;COG-YANG-2024-LANGUAGE;COG-CHAN-2021-MCI;COG-HASSAN-2026-STROKE;COG-PENA-2026;COG-CHUN-2025-PILOT;COG-LEE-2025-TBI;COG-DEOLIVEIRA-2024;COG-BERMAN-2017-DEMENTIA;COG-YANG-2025-OLDER-WM;COG-SABOURI-MOGHADAM-2017;COG-SALEHPOUR-2026-STAGE1-ADHD;COG-ZHAO-X-2022-SCD;SENS-HOLMES-2019,SENS-BLANCO-2017;SENS-CHEN-2023-PASSIVE;SENS-JOSHI-2024-MIXED-ROUTE;SENS-NIZAMUTDINOV-2021-MIXED-ROUTE;SENS-PAOLILLO-2023,Fitted
external_add__SENS-CHEN-2023-PASSIVE,18,"0.378 [0.207, 0.548]",0.000223234311045586,COG-TANG-2023;COG-HWANG-2016;COG-CHAN-2019-OLDER;COG-DOUGAL-2021;COG-CHAN-2021-DIFFICULT;COG-YANG-2024-LANGUAGE;COG-CHAN-2021-MCI;COG-HASSAN-2026-STROKE;COG-PENA-2026;COG-CHUN-2025-PILOT;COG-LEE-2025-TBI;COG-DEOLIVEIRA-2024;COG-BERMAN-2017-DEMENTIA;COG-YANG-2025-OLDER-WM;COG-SABOURI-MOGHADAM-2017;COG-SALEHPOUR-2026-STAGE1-ADHD;COG-ZHAO-X-2022-SCD;SENS-CHEN-2023-PASSIVE,SENS-BLANCO-2017;SENS-HOLMES-2019;SENS-JOSHI-2024-MIXED-ROUTE;SENS-NIZAMUTDINOV-2021-MIXED-ROUTE;SENS-PAOLILLO-2023,Fitted
external_add__SENS-JOSHI-2024-MIXED-ROUTE,18,"0.381 [0.209, 0.553]",0.00022137050804599,COG-TANG-2023;COG-HWANG-2016;COG-CHAN-2019-OLDER;COG-DOUGAL-2021;COG-CHAN-2021-DIFFICULT;COG-YANG-2024-LANGUAGE;COG-CHAN-2021-MCI;COG-HASSAN-2026-STROKE;COG-PENA-2026;COG-CHUN-2025-PILOT;COG-LEE-2025-TBI;COG-DEOLIVEIRA-2024;COG-BERMAN-2017-DEMENTIA;COG-YANG-2025-OLDER-WM;COG-SABOURI-MOGHADAM-2017;COG-SALEHPOUR-2026-STAGE1-ADHD;COG-ZHAO-X-2022-SCD;SENS-JOSHI-2024-MIXED-ROUTE,SENS-BLANCO-2017;SENS-HOLMES-2019;SENS-CHEN-2023-PASSIVE;SENS-NIZAMUTDINOV-2021-MIXED-ROUTE;SENS-PAOLILLO-2023,Fitted
external_add__SENS-NIZAMUTDINOV-2021-MIXED-ROUTE,18,"0.423 [0.233, 0.612]",0.000206453748967486,COG-TANG-2023;COG-HWANG-2016;COG-CHAN-2019-OLDER;COG-DOUGAL-2021;COG-CHAN-2021-DIFFICULT;COG-YANG-2024-LANGUAGE;COG-CHAN-2021-MCI;COG-HASSAN-2026-STROKE;COG-PENA-2026;COG-CHUN-2025-PILOT;COG-LEE-2025-TBI;COG-DEOLIVEIRA-2024;COG-BERMAN-2017-DEMENTIA;COG-YANG-2025-OLDER-WM;COG-SABOURI-MOGHADAM-2017;COG-SALEHPOUR-2026-STAGE1-ADHD;COG-ZHAO-X-2022-SCD;SENS-NIZAMUTDINOV-2021-MIXED-ROUTE,SENS-BLANCO-2017;SENS-HOLMES-2019;SENS-CHEN-2023-PASSIVE;SENS-JOSHI-2024-MIXED-ROUTE;SENS-PAOLILLO-2023,Fitted
external_add__SENS-PAOLILLO-2023,18,"0.395 [0.216, 0.574]",0.000224776430100911,COG-TANG-2023;COG-HWANG-2016;COG-CHAN-2019-OLDER;COG-DOUGAL-2021;COG-CHAN-2021-DIFFICULT;COG-YANG-2024-LANGUAGE;COG-CHAN-2021-MCI;COG-HASSAN-2026-STROKE;COG-PENA-2026;COG-CHUN-2025-PILOT;COG-LEE-2025-TBI;COG-DEOLIVEIRA-2024;COG-BERMAN-2017-DEMENTIA;COG-YANG-2025-OLDER-WM;COG-SABOURI-MOGHADAM-2017;COG-SALEHPOUR-2026-STAGE1-ADHD;COG-ZHAO-X-2022-SCD;SENS-PAOLILLO-2023,SENS-BLANCO-2017;SENS-HOLMES-2019;SENS-CHEN-2023-PASSIVE;SENS-JOSHI-2024-MIXED-ROUTE;SENS-NIZAMUTDINOV-2021-MIXED-ROUTE,Fitted
