cohort_id,domain,historical_major_flag,locked_judgment,final_item_level_verified,reason,absence_of_major_flag_means
COG-TANG-2023,Memory,0,no major RoB flag explicitly assigned in locked audit,False,Live master gives totals/overall labels; final checklist items and adjudication record not supplied,No explicit historical major flag; not low risk
COG-HWANG-2016,Memory,0,no major RoB flag explicitly assigned in locked audit,False,Live master gives totals/overall labels; final checklist items and adjudication record not supplied,No explicit historical major flag; not low risk
COG-CHAN-2019-OLDER,Executive / sustained attention,0,no major RoB flag explicitly assigned in locked audit,False,Live master gives totals/overall labels; final checklist items and adjudication record not supplied,No explicit historical major flag; not low risk
COG-DOUGAL-2021,Global cognition,0,no major RoB flag explicitly assigned in locked audit,False,Live master gives totals/overall labels; final checklist items and adjudication record not supplied,No explicit historical major flag; not low risk
COG-CHAN-2021-DIFFICULT,Memory,0,no major RoB flag explicitly assigned in locked audit,False,Live master gives totals/overall labels; final checklist items and adjudication record not supplied,No explicit historical major flag; not low risk
COG-YANG-2024-LANGUAGE,Language,0,no major RoB flag explicitly assigned in locked audit,False,Live master gives totals/overall labels; final checklist items and adjudication record not supplied,No explicit historical major flag; not low risk
COG-CHAN-2021-MCI,Memory,0,no major RoB flag explicitly assigned in locked audit,False,Live master gives totals/overall labels; final checklist items and adjudication record not supplied,No explicit historical major flag; not low risk
COG-HASSAN-2026-STROKE,Global cognition,0,no major RoB flag explicitly assigned in locked audit,False,Live master gives totals/overall labels; final checklist items and adjudication record not supplied,No explicit historical major flag; not low risk
COG-PENA-2026,Convergent thinking,0,some concerns — reporting/N-count discrepancies flagged; effect taken from Table 3 source of record,False,Live master gives totals/overall labels; final checklist items and adjudication record not supplied,No explicit historical major flag; not low risk
COG-CHUN-2025-PILOT,Global cognition,0,no major RoB flag explicitly assigned in locked audit,False,Live master gives totals/overall labels; final checklist items and adjudication record not supplied,No explicit historical major flag; not low risk
COG-LEE-2025-TBI,Memory,0,no major RoB flag explicitly assigned in locked audit,False,Live master gives totals/overall labels; final checklist items and adjudication record not supplied,No explicit historical major flag; not low risk
COG-DEOLIVEIRA-2024,Global cognition,0,some concerns — analyzed-n discrepancy in CONSORT vs cognition figure/text; digitized SDs,False,Live master gives totals/overall labels; final checklist items and adjudication record not supplied,No explicit historical major flag; not low risk
COG-BERMAN-2017-DEMENTIA,Global cognition,1,major RoB — digitized participant-level endpoint; major concerns in locked audit,False,Live master gives totals/overall labels; final checklist items and adjudication record not supplied,No explicit historical major flag; not low risk
COG-YANG-2025-OLDER-WM,Memory,0,no major RoB flag explicitly assigned in locked audit,False,Live master gives totals/overall labels; final checklist items and adjudication record not supplied,No explicit historical major flag; not low risk
COG-SABOURI-MOGHADAM-2017,Executive / sustained attention,0,no major RoB flag explicitly assigned in locked audit,False,Live master gives totals/overall labels; final checklist items and adjudication record not supplied,No explicit historical major flag; not low risk
COG-SALEHPOUR-2026-STAGE1-ADHD,Executive / sustained attention,0,"some concerns — self-reported ADHD ascertainment, small subgroup, retrospective registration/multiplicity",False,Live master gives totals/overall labels; final checklist items and adjudication record not supplied,No explicit historical major flag; not low risk
COG-ZHAO-X-2022-SCD,Memory,1,major RoB/statistical-unit flag — reconstructed change and published unit inconsistencies,False,Live master gives totals/overall labels; final checklist items and adjudication record not supplied,No explicit historical major flag; not low risk
