"moderator","cohort_id","category","population","domain","schedule"
"pulse","COG-HWANG-2016","CW","Healthy/cognitively normal","Memory","Single-session/acute"
"pulse","COG-CHAN-2019-OLDER","CW","Healthy/cognitively normal","Executive / sustained attention","Single-session/acute"
"pulse","COG-CHAN-2021-DIFFICULT","CW","Healthy/cognitively normal","Memory","Single-session/acute"
"pulse","COG-YANG-2024-LANGUAGE","CW","Healthy/cognitively normal","Language","Single-session/acute"
"pulse","COG-CHAN-2021-MCI","CW","Clinical population","Memory","Single-session/acute"
"pulse","COG-HASSAN-2026-STROKE","CW","Clinical population","Global cognition","Repeated treatment"
"pulse","COG-PENA-2026","PW","Healthy/cognitively normal","Convergent thinking","Single-session/acute"
"pulse","COG-CHUN-2025-PILOT","PW","Clinical population","Global cognition","Repeated treatment"
"pulse","COG-LEE-2025-TBI","CW","Clinical population","Memory","Repeated treatment"
"pulse","COG-DEOLIVEIRA-2024","CW","Clinical population","Global cognition","Repeated treatment"
"pulse","COG-BERMAN-2017-DEMENTIA","PW","Clinical population","Global cognition","Repeated treatment"
"pulse","COG-YANG-2025-OLDER-WM","CW","Healthy/cognitively normal","Memory","Single-session/acute"
"pulse","COG-SALEHPOUR-2026-STAGE1-ADHD","CW","Clinical population","Executive / sustained attention","Single-session/acute"
"pulse","COG-ZHAO-X-2022-SCD","CW","Clinical population","Memory","Repeated treatment"
"device","COG-TANG-2023","LED","Healthy/cognitively normal","Memory","Single-session/acute"
"device","COG-HWANG-2016","Laser","Healthy/cognitively normal","Memory","Single-session/acute"
"device","COG-CHAN-2019-OLDER","LED","Healthy/cognitively normal","Executive / sustained attention","Single-session/acute"
"device","COG-DOUGAL-2021","LED","Healthy/cognitively normal","Global cognition","Repeated treatment"
"device","COG-CHAN-2021-DIFFICULT","LED","Healthy/cognitively normal","Memory","Single-session/acute"
"device","COG-YANG-2024-LANGUAGE","Laser","Healthy/cognitively normal","Language","Single-session/acute"
"device","COG-CHAN-2021-MCI","LED","Clinical population","Memory","Single-session/acute"
"device","COG-HASSAN-2026-STROKE","Laser","Clinical population","Global cognition","Repeated treatment"
"device","COG-PENA-2026","LED","Healthy/cognitively normal","Convergent thinking","Single-session/acute"
"device","COG-CHUN-2025-PILOT","LED","Clinical population","Global cognition","Repeated treatment"
"device","COG-LEE-2025-TBI","LED","Clinical population","Memory","Repeated treatment"
"device","COG-DEOLIVEIRA-2024","LED","Clinical population","Global cognition","Repeated treatment"
"device","COG-BERMAN-2017-DEMENTIA","LED","Clinical population","Global cognition","Repeated treatment"
"device","COG-YANG-2025-OLDER-WM","Laser","Healthy/cognitively normal","Memory","Single-session/acute"
"device","COG-SABOURI-MOGHADAM-2017","LED","Healthy/cognitively normal","Executive / sustained attention","Single-session/acute"
"device","COG-SALEHPOUR-2026-STAGE1-ADHD","Laser","Clinical population","Executive / sustained attention","Single-session/acute"
"device","COG-ZHAO-X-2022-SCD","Laser","Clinical population","Memory","Repeated treatment"
"comparator_intensity","COG-TANG-2023","No therapeutic light/control","Healthy/cognitively normal","Memory","Single-session/acute"
"comparator_intensity","COG-HWANG-2016","Low/nonzero-output sham","Healthy/cognitively normal","Memory","Single-session/acute"
"comparator_intensity","COG-CHAN-2019-OLDER","No therapeutic light/control","Healthy/cognitively normal","Executive / sustained attention","Single-session/acute"
"comparator_intensity","COG-DOUGAL-2021","No therapeutic light/control","Healthy/cognitively normal","Global cognition","Repeated treatment"
"comparator_intensity","COG-CHAN-2021-DIFFICULT","No therapeutic light/control","Healthy/cognitively normal","Memory","Single-session/acute"
"comparator_intensity","COG-YANG-2024-LANGUAGE","No therapeutic light/control","Healthy/cognitively normal","Language","Single-session/acute"
"comparator_intensity","COG-CHAN-2021-MCI","No therapeutic light/control","Clinical population","Memory","Single-session/acute"
"comparator_intensity","COG-HASSAN-2026-STROKE","No therapeutic light/control","Clinical population","Global cognition","Repeated treatment"
"comparator_intensity","COG-PENA-2026","No therapeutic light/control","Healthy/cognitively normal","Convergent thinking","Single-session/acute"
"comparator_intensity","COG-CHUN-2025-PILOT","Low/nonzero-output sham","Clinical population","Global cognition","Repeated treatment"
"comparator_intensity","COG-LEE-2025-TBI","No therapeutic light/control","Clinical population","Memory","Repeated treatment"
"comparator_intensity","COG-DEOLIVEIRA-2024","No therapeutic light/control","Clinical population","Global cognition","Repeated treatment"
"comparator_intensity","COG-BERMAN-2017-DEMENTIA","No therapeutic light/control","Clinical population","Global cognition","Repeated treatment"
"comparator_intensity","COG-YANG-2025-OLDER-WM","No therapeutic light/control","Healthy/cognitively normal","Memory","Single-session/acute"
"comparator_intensity","COG-SABOURI-MOGHADAM-2017","Low/nonzero-output sham","Healthy/cognitively normal","Executive / sustained attention","Single-session/acute"
"comparator_intensity","COG-SALEHPOUR-2026-STAGE1-ADHD","No therapeutic light/control","Clinical population","Executive / sustained attention","Single-session/acute"
"comparator_intensity","COG-ZHAO-X-2022-SCD","Low/nonzero-output sham","Clinical population","Memory","Repeated treatment"
"industry_status","COG-TANG-2023","No documented industry association","Healthy/cognitively normal","Memory","Single-session/acute"
"industry_status","COG-HWANG-2016","No documented industry association","Healthy/cognitively normal","Memory","Single-session/acute"
"industry_status","COG-CHAN-2019-OLDER","No documented industry association","Healthy/cognitively normal","Executive / sustained attention","Single-session/acute"
"industry_status","COG-DOUGAL-2021","Documented industry association","Healthy/cognitively normal","Global cognition","Repeated treatment"
"industry_status","COG-CHAN-2021-DIFFICULT","Documented industry association","Healthy/cognitively normal","Memory","Single-session/acute"
"industry_status","COG-YANG-2024-LANGUAGE","No documented industry association","Healthy/cognitively normal","Language","Single-session/acute"
"industry_status","COG-CHAN-2021-MCI","No documented industry association","Clinical population","Memory","Single-session/acute"
"industry_status","COG-HASSAN-2026-STROKE","No documented industry association","Clinical population","Global cognition","Repeated treatment"
"industry_status","COG-PENA-2026","No documented industry association","Healthy/cognitively normal","Convergent thinking","Single-session/acute"
"industry_status","COG-CHUN-2025-PILOT","Documented industry association","Clinical population","Global cognition","Repeated treatment"
"industry_status","COG-LEE-2025-TBI","No documented industry association","Clinical population","Memory","Repeated treatment"
"industry_status","COG-DEOLIVEIRA-2024","Documented industry association","Clinical population","Global cognition","Repeated treatment"
"industry_status","COG-BERMAN-2017-DEMENTIA","Documented industry association","Clinical population","Global cognition","Repeated treatment"
"industry_status","COG-YANG-2025-OLDER-WM","No documented industry association","Healthy/cognitively normal","Memory","Single-session/acute"
"industry_status","COG-SABOURI-MOGHADAM-2017","No documented industry association","Healthy/cognitively normal","Executive / sustained attention","Single-session/acute"
"industry_status","COG-SALEHPOUR-2026-STAGE1-ADHD","No documented industry association","Clinical population","Executive / sustained attention","Single-session/acute"
"industry_status","COG-ZHAO-X-2022-SCD","No documented industry association","Clinical population","Memory","Repeated treatment"
