"version","r","cohort","g_error","v_error"
"Outputs",0.2,"COG-TANG-2023",0,0
"Outputs",0.2,"COG-HWANG-2016",0,0
"Outputs",0.2,"COG-CHAN-2019-OLDER",-1.49880108324396e-15,-2.08166817117217e-17
"Outputs",0.2,"COG-DOUGAL-2021",2.1094237467878e-15,3.46944695195361e-17
"Outputs",0.2,"COG-CHAN-2021-DIFFICULT",-3.46944695195361e-16,0
"Outputs",0.2,"COG-YANG-2024-LANGUAGE",5.55111512312578e-17,3.46944695195361e-18
"Outputs",0.2,"COG-CHAN-2021-MCI",-5.55111512312578e-16,-1.11022302462516e-16
"Outputs",0.2,"COG-HASSAN-2026-STROKE",0,0
"Outputs",0.2,"COG-PENA-2026",-1.11022302462516e-16,-1.38777878078145e-17
"Outputs",0.2,"COG-CHUN-2025-PILOT",3.99680288865056e-15,1.66533453693773e-16
"Outputs",0.2,"COG-LEE-2025-TBI",-1.73472347597681e-16,-1.38777878078145e-17
"Outputs",0.2,"COG-DEOLIVEIRA-2024",-1.21014309684142e-14,-7.63278329429795e-17
"Outputs",0.2,"COG-BERMAN-2017-DEMENTIA",-8.32667268468867e-17,-8.32667268468867e-17
"Outputs",0.2,"COG-YANG-2025-OLDER-WM",-1.12687636999453e-14,-3.81639164714898e-17
"Outputs",0.2,"COG-SABOURI-MOGHADAM-2017",6.66133814775094e-16,6.93889390390723e-17
"Outputs",0.2,"COG-SALEHPOUR-2026-STAGE1-ADHD",-3.10862446895044e-15,-1.11022302462516e-16
"Outputs",0.2,"COG-ZHAO-X-2022-SCD",5.68989300120393e-16,6.93889390390723e-18
"Outputs",0.5,"COG-TANG-2023",0,0
"Outputs",0.5,"COG-HWANG-2016",0,0
"Outputs",0.5,"COG-CHAN-2019-OLDER",-1.49880108324396e-15,-2.08166817117217e-17
"Outputs",0.5,"COG-DOUGAL-2021",2.1094237467878e-15,3.46944695195361e-17
"Outputs",0.5,"COG-CHAN-2021-DIFFICULT",-3.46944695195361e-16,0
"Outputs",0.5,"COG-YANG-2024-LANGUAGE",5.55111512312578e-17,0
"Outputs",0.5,"COG-CHAN-2021-MCI",-5.55111512312578e-16,-1.11022302462516e-16
"Outputs",0.5,"COG-HASSAN-2026-STROKE",0,0
"Outputs",0.5,"COG-PENA-2026",-1.11022302462516e-16,-1.38777878078145e-17
"Outputs",0.5,"COG-CHUN-2025-PILOT",3.99680288865056e-15,1.66533453693773e-16
"Outputs",0.5,"COG-LEE-2025-TBI",0,1.38777878078145e-17
"Outputs",0.5,"COG-DEOLIVEIRA-2024",-1.21014309684142e-14,-7.63278329429795e-17
"Outputs",0.5,"COG-BERMAN-2017-DEMENTIA",-8.32667268468867e-17,-8.32667268468867e-17
"Outputs",0.5,"COG-YANG-2025-OLDER-WM",0,0
"Outputs",0.5,"COG-SABOURI-MOGHADAM-2017",6.66133814775094e-16,6.93889390390723e-17
"Outputs",0.5,"COG-SALEHPOUR-2026-STAGE1-ADHD",-3.10862446895044e-15,-1.11022302462516e-16
"Outputs",0.5,"COG-ZHAO-X-2022-SCD",5.68989300120393e-16,6.93889390390723e-18
"Outputs",0.8,"COG-TANG-2023",0,0
"Outputs",0.8,"COG-HWANG-2016",0,0
"Outputs",0.8,"COG-CHAN-2019-OLDER",-1.49880108324396e-15,-2.08166817117217e-17
"Outputs",0.8,"COG-DOUGAL-2021",2.1094237467878e-15,3.46944695195361e-17
"Outputs",0.8,"COG-CHAN-2021-DIFFICULT",-3.46944695195361e-16,0
"Outputs",0.8,"COG-YANG-2024-LANGUAGE",4.21884749357559e-15,1.73472347597681e-17
"Outputs",0.8,"COG-CHAN-2021-MCI",-5.55111512312578e-16,-1.11022302462516e-16
"Outputs",0.8,"COG-HASSAN-2026-STROKE",0,0
"Outputs",0.8,"COG-PENA-2026",-1.11022302462516e-16,-1.38777878078145e-17
"Outputs",0.8,"COG-CHUN-2025-PILOT",3.99680288865056e-15,1.66533453693773e-16
"Outputs",0.8,"COG-LEE-2025-TBI",-6.93889390390723e-18,3.46944695195361e-18
"Outputs",0.8,"COG-DEOLIVEIRA-2024",-1.21014309684142e-14,-7.63278329429795e-17
"Outputs",0.8,"COG-BERMAN-2017-DEMENTIA",-8.32667268468867e-17,-8.32667268468867e-17
"Outputs",0.8,"COG-YANG-2025-OLDER-WM",5.6621374255883e-15,3.29597460435593e-17
"Outputs",0.8,"COG-SABOURI-MOGHADAM-2017",6.66133814775094e-16,6.93889390390723e-17
"Outputs",0.8,"COG-SALEHPOUR-2026-STAGE1-ADHD",-3.10862446895044e-15,-1.11022302462516e-16
"Outputs",0.8,"COG-ZHAO-X-2022-SCD",5.68989300120393e-16,6.93889390390723e-18
"Working_corrected/Outputs",0.2,"COG-TANG-2023",0,0
"Working_corrected/Outputs",0.2,"COG-HWANG-2016",2.22044604925031e-16,2.77555756156289e-17
"Working_corrected/Outputs",0.2,"COG-CHAN-2019-OLDER",-1.49880108324396e-15,-2.08166817117217e-17
"Working_corrected/Outputs",0.2,"COG-DOUGAL-2021",2.1094237467878e-15,3.46944695195361e-17
"Working_corrected/Outputs",0.2,"COG-CHAN-2021-DIFFICULT",-3.46944695195361e-16,0
"Working_corrected/Outputs",0.2,"COG-YANG-2024-LANGUAGE",5.55111512312578e-17,3.46944695195361e-18
"Working_corrected/Outputs",0.2,"COG-CHAN-2021-MCI",-5.55111512312578e-16,-1.11022302462516e-16
"Working_corrected/Outputs",0.2,"COG-HASSAN-2026-STROKE",0,0
"Working_corrected/Outputs",0.2,"COG-PENA-2026",-1.11022302462516e-16,-1.38777878078145e-17
"Working_corrected/Outputs",0.2,"COG-CHUN-2025-PILOT",3.99680288865056e-15,1.66533453693773e-16
"Working_corrected/Outputs",0.2,"COG-LEE-2025-TBI",-1.73472347597681e-16,-1.38777878078145e-17
"Working_corrected/Outputs",0.2,"COG-DEOLIVEIRA-2024",-1.21014309684142e-14,-7.63278329429795e-17
"Working_corrected/Outputs",0.2,"COG-BERMAN-2017-DEMENTIA",-8.32667268468867e-17,-8.32667268468867e-17
"Working_corrected/Outputs",0.2,"COG-YANG-2025-OLDER-WM",-1.12687636999453e-14,-3.81639164714898e-17
"Working_corrected/Outputs",0.2,"COG-SABOURI-MOGHADAM-2017",6.66133814775094e-16,6.93889390390723e-17
"Working_corrected/Outputs",0.2,"COG-SALEHPOUR-2026-STAGE1-ADHD",-3.10862446895044e-15,-1.11022302462516e-16
"Working_corrected/Outputs",0.2,"COG-ZHAO-X-2022-SCD",5.68989300120393e-16,6.93889390390723e-18
"Working_corrected/Outputs",0.5,"COG-TANG-2023",0,0
"Working_corrected/Outputs",0.5,"COG-HWANG-2016",2.22044604925031e-16,2.77555756156289e-17
"Working_corrected/Outputs",0.5,"COG-CHAN-2019-OLDER",-1.49880108324396e-15,-2.08166817117217e-17
"Working_corrected/Outputs",0.5,"COG-DOUGAL-2021",2.1094237467878e-15,3.46944695195361e-17
"Working_corrected/Outputs",0.5,"COG-CHAN-2021-DIFFICULT",-3.46944695195361e-16,0
"Working_corrected/Outputs",0.5,"COG-YANG-2024-LANGUAGE",5.55111512312578e-17,0
"Working_corrected/Outputs",0.5,"COG-CHAN-2021-MCI",-5.55111512312578e-16,-1.11022302462516e-16
"Working_corrected/Outputs",0.5,"COG-HASSAN-2026-STROKE",0,0
"Working_corrected/Outputs",0.5,"COG-PENA-2026",-1.11022302462516e-16,-1.38777878078145e-17
"Working_corrected/Outputs",0.5,"COG-CHUN-2025-PILOT",3.99680288865056e-15,1.66533453693773e-16
"Working_corrected/Outputs",0.5,"COG-LEE-2025-TBI",0,1.38777878078145e-17
"Working_corrected/Outputs",0.5,"COG-DEOLIVEIRA-2024",-1.21014309684142e-14,-7.63278329429795e-17
"Working_corrected/Outputs",0.5,"COG-BERMAN-2017-DEMENTIA",-8.32667268468867e-17,-8.32667268468867e-17
"Working_corrected/Outputs",0.5,"COG-YANG-2025-OLDER-WM",0,0
"Working_corrected/Outputs",0.5,"COG-SABOURI-MOGHADAM-2017",6.66133814775094e-16,6.93889390390723e-17
"Working_corrected/Outputs",0.5,"COG-SALEHPOUR-2026-STAGE1-ADHD",-3.10862446895044e-15,-1.11022302462516e-16
"Working_corrected/Outputs",0.5,"COG-ZHAO-X-2022-SCD",5.68989300120393e-16,6.93889390390723e-18
"Working_corrected/Outputs",0.8,"COG-TANG-2023",0,0
"Working_corrected/Outputs",0.8,"COG-HWANG-2016",2.22044604925031e-16,2.77555756156289e-17
"Working_corrected/Outputs",0.8,"COG-CHAN-2019-OLDER",-1.49880108324396e-15,-2.08166817117217e-17
"Working_corrected/Outputs",0.8,"COG-DOUGAL-2021",2.1094237467878e-15,3.46944695195361e-17
"Working_corrected/Outputs",0.8,"COG-CHAN-2021-DIFFICULT",-3.46944695195361e-16,0
"Working_corrected/Outputs",0.8,"COG-YANG-2024-LANGUAGE",4.21884749357559e-15,1.73472347597681e-17
"Working_corrected/Outputs",0.8,"COG-CHAN-2021-MCI",-5.55111512312578e-16,-1.11022302462516e-16
"Working_corrected/Outputs",0.8,"COG-HASSAN-2026-STROKE",0,0
"Working_corrected/Outputs",0.8,"COG-PENA-2026",-1.11022302462516e-16,-1.38777878078145e-17
"Working_corrected/Outputs",0.8,"COG-CHUN-2025-PILOT",3.99680288865056e-15,1.66533453693773e-16
"Working_corrected/Outputs",0.8,"COG-LEE-2025-TBI",-6.93889390390723e-18,3.46944695195361e-18
"Working_corrected/Outputs",0.8,"COG-DEOLIVEIRA-2024",-1.21014309684142e-14,-7.63278329429795e-17
"Working_corrected/Outputs",0.8,"COG-BERMAN-2017-DEMENTIA",-8.32667268468867e-17,-8.32667268468867e-17
"Working_corrected/Outputs",0.8,"COG-YANG-2025-OLDER-WM",5.6621374255883e-15,3.29597460435593e-17
"Working_corrected/Outputs",0.8,"COG-SABOURI-MOGHADAM-2017",6.66133814775094e-16,6.93889390390723e-17
"Working_corrected/Outputs",0.8,"COG-SALEHPOUR-2026-STAGE1-ADHD",-3.10862446895044e-15,-1.11022302462516e-16
"Working_corrected/Outputs",0.8,"COG-ZHAO-X-2022-SCD",5.68989300120393e-16,6.93889390390723e-18
