model,original_k,corrected_k,original_g,corrected_g,delta_g,original_CI,corrected_CI,original_p,corrected_p
primary__Overall cognition,17,17,0.389873538222383,0.380327280084903,-0.009546258137480002,"0.390 [0.205, 0.575]","0.380 [0.200, 0.561]",0.000390053914556551,0.000391680092318992
historical__Overall cognition,23,23,0.666901019371902,0.666901019371902,0.0,"0.667 [0.446, 0.887]","0.667 [0.446, 0.887]",2.57739021355881e-06,2.57739021355881e-06
historical_retained__Overall cognition,17,17,0.50033805779208,0.50033805779208,0.0,"0.500 [0.276, 0.725]","0.500 [0.276, 0.725]",0.00022680618349935,0.00022680618349935
Overall cognition__no_major_rob,15,15,0.430193591085807,0.420838973339,-0.009354617746807015,"0.430 [0.268, 0.592]","0.421 [0.267, 0.575]",5.60653641459799e-05,4.10059522172487e-05
Overall cognition__parallel_only,14,14,0.445680240052463,0.435555285312201,-0.010124954740261982,"0.446 [0.209, 0.683]","0.436 [0.202, 0.669]",0.00133651849993659,0.00141191871587995
Overall cognition__no_digitization,13,13,0.404693476949446,0.393532021624331,-0.011161455325115033,"0.405 [0.153, 0.657]","0.394 [0.147, 0.641]",0.00439942802769724,0.00462083892872129
Overall cognition__no_reconstruction,13,13,0.437512087821793,0.41916501285438,-0.018347074967413002,"0.438 [0.252, 0.623]","0.419 [0.253, 0.585]",0.000242747237357245,0.000134169802853148
Overall cognition__no_imputed_r,13,13,0.419761388474943,0.407980913190312,-0.011780475284630998,"0.420 [0.169, 0.671]","0.408 [0.162, 0.654]",0.00335516188867257,0.00356197078808961
Overall cognition__zero_output,14,13,0.381626848149788,0.356652511892827,-0.024974336256960994,"0.382 [0.232, 0.532]","0.357 [0.223, 0.490]",0.000102467947746911,8.08884800777718e-05
Overall cognition__no_industry,15,12,0.376128373995765,0.379076960644038,0.0029485866482730216,"0.376 [0.186, 0.566]","0.379 [0.147, 0.611]",0.000814687472979718,0.00420597889746033
Overall cognition__endpoint_only,9,9,0.389030409359715,0.365216525830484,-0.023813883529231028,"0.389 [0.042, 0.736]","0.365 [0.041, 0.689]",0.0323923038078327,0.0316296910311544
Overall cognition__controlled_change_only,8,8,0.402710088441233,0.402710088441233,0.0,"0.403 [0.151, 0.654]","0.403 [0.151, 0.654]",0.00687212464717211,0.00687212464717211
Overall cognition__exclude_Yang,16,16,0.396019094686779,0.385845373454175,-0.01017372123260396,"0.396 [0.192, 0.601]","0.386 [0.186, 0.586]",0.000895368363405184,0.000931654371229451
Overall cognition__exclude_ZhaoX,16,16,0.414371538122216,0.408801988185281,-0.005569549936934981,"0.414 [0.264, 0.565]","0.409 [0.262, 0.556]",3.12982574767365e-05,2.75800734680864e-05
Overall cognition__strict_no_reconstruction,11,11,0.420446713831773,0.398303271284796,-0.022143442546977032,"0.420 [0.200, 0.641]","0.398 [0.213, 0.584]",0.00167069534955237,0.000736139535059511
Overall cognition__paired_r__0.2,17,17,0.391329250115817,0.381413538670894,-0.009915711444922981,"0.391 [0.204, 0.578]","0.381 [0.199, 0.564]",0.000416612155800306,0.000424301871046444
Overall cognition__paired_r__0.8,17,17,0.390674511208013,0.382104228345064,-0.008570282862948975,"0.391 [0.206, 0.575]","0.382 [0.202, 0.562]",0.000367322084879641,0.000364989356142385
Overall cognition__adhoc,17,17,0.389873538222383,0.380327280084903,-0.009546258137480002,"0.390 [0.205, 0.575]","0.380 [0.200, 0.561]",0.000390053914556551,0.000391680092318992
Overall cognition__z,17,17,0.389873538222383,0.380327280084903,-0.009546258137480002,"0.390 [0.225, 0.554]","0.380 [0.220, 0.540]",3.39610847988304e-06,3.23324821390967e-06
Overall cognition__PM,17,17,0.395111915436982,0.386406920919923,-0.008704994517058973,"0.395 [0.208, 0.582]","0.386 [0.203, 0.570]",0.000383144453974574,0.000384813135219802
Overall cognition__FE,17,17,0.313870008666496,0.308974373021073,-0.004895635645423002,"0.314 [0.213, 0.415]","0.309 [0.208, 0.410]",1.12204983247966e-09,2.24521853923343e-09
primary__Memory,7,7,0.28134110637646,0.251222282609883,-0.030118823766576985,"0.281 [-0.109, 0.672]","0.251 [-0.111, 0.614]",0.128301142051469,0.140928756598641
historical__Memory,10,10,0.413171878237883,0.413171878237883,0.0,"0.413 [0.137, 0.689]","0.413 [0.137, 0.689]",0.00804016879740271,0.00804016879740271
historical_retained__Memory,7,7,0.287205268673964,0.287205268673964,0.0,"0.287 [-0.101, 0.676]","0.287 [-0.101, 0.676]",0.120511337253689,0.120511337253689
Memory__no_major_rob,6,6,0.375644250256548,0.344847617695705,-0.03079663256084303,"0.376 [-0.079, 0.830]","0.345 [-0.061, 0.751]",0.0870615159619713,0.0807962191650089
Memory__parallel_only,5,5,0.343464611415855,0.312528996359566,-0.030935615056289,"0.343 [-0.327, 1.014]","0.313 [-0.337, 0.962]",0.228191492301499,0.252574319099513
Memory__no_digitization,6,6,0.251205430232734,0.222145746846661,-0.02905968338607301,"0.251 [-0.189, 0.692]","0.222 [-0.181, 0.625]",0.202706856230119,0.215734292967107
Memory__no_reconstruction,4,4,0.430480170386974,0.391397365238966,-0.03908280514800799,"0.430 [-0.273, 1.134]","0.391 [-0.237, 1.019]",0.146615427152148,0.141584519012561
Memory__no_imputed_r,5,5,0.343464611415855,0.312528996359566,-0.030935615056289,"0.343 [-0.327, 1.014]","0.313 [-0.337, 0.962]",0.228191492301499,0.252574319099513
Memory__zero_output,6,5,0.375644250256548,0.273902260025526,-0.10174199023102204,"0.376 [-0.079, 0.830]","0.274 [-0.019, 0.566]",0.0870615159619713,0.0600219131996919
Memory__no_industry,7,6,0.28134110637646,0.305627288471675,0.024286182095214992,"0.281 [-0.109, 0.672]","0.306 [-0.120, 0.731]",0.128301142051469,0.124006511186237
Memory__endpoint_only,5,5,0.344909475480975,0.318769042511927,-0.026140432969048,"0.345 [-0.208, 0.898]","0.319 [-0.174, 0.812]",0.158556119632698,0.147157339928387
Memory__exclude_Yang,6,6,0.269069243721173,0.227846655011171,-0.041222588710002034,"0.269 [-0.241, 0.779]","0.228 [-0.251, 0.707]",0.233250314580977,0.276072537925629
Memory__exclude_ZhaoX,6,6,0.375644250256548,0.344847617695705,-0.03079663256084303,"0.376 [-0.079, 0.830]","0.345 [-0.061, 0.751]",0.0870615159619713,0.0807962191650089
Memory__strict_no_reconstruction,4,4,0.430480170386974,0.391397365238966,-0.03908280514800799,"0.430 [-0.273, 1.134]","0.391 [-0.237, 1.019]",0.146615427152148,0.141584519012561
Memory__paired_r__0.2,7,7,0.288268537460162,0.257340105284456,-0.03092843217570601,"0.288 [-0.110, 0.687]","0.257 [-0.116, 0.630]",0.127320488460908,0.142443157276842
Memory__paired_r__0.8,7,7,0.271285568700823,0.241993583548979,-0.029291985151843974,"0.271 [-0.108, 0.651]","0.242 [-0.107, 0.591]",0.130719220436398,0.14033891497107
Memory__adhoc,7,7,0.28134110637646,0.251222282609883,-0.030118823766576985,"0.281 [-0.109, 0.672]","0.251 [-0.111, 0.614]",0.128301142051469,0.140928756598641
Memory__z,7,7,0.28134110637646,0.251222282609883,-0.030118823766576985,"0.281 [-0.025, 0.587]","0.251 [-0.026, 0.529]",0.0715691770771457,0.0758978965339773
Memory__PM,7,7,0.284268005772748,0.259365101638253,-0.02490290413449503,"0.284 [-0.108, 0.677]","0.259 [-0.110, 0.629]",0.126730700108163,0.136713234709319
Memory__FE,7,7,0.176796117911812,0.164834584311089,-0.011961533600722996,"0.177 [0.031, 0.323]","0.165 [0.018, 0.312]",0.0177441367153609,0.0279950374274943
primary__Global cognition,5,5,0.398711445334661,0.398711445334661,0.0,"0.399 [-0.011, 0.808]","0.399 [-0.011, 0.808]",0.0540043627053709,0.0540043627053709
historical__Global cognition,8,8,0.987661673069043,0.987661673069043,0.0,"0.988 [0.466, 1.509]","0.988 [0.466, 1.509]",0.00286961839453014,0.00286961839453014
historical_retained__Global cognition,5,5,0.632700517229441,0.632700517229441,0.0,"0.633 [-0.046, 1.311]","0.633 [-0.046, 1.311]",0.0608121965992686,0.0608121965992686
Global cognition__no_major_rob,4,4,0.451832722840883,0.451832722840883,0.0,"0.452 [-0.228, 1.132]","0.452 [-0.228, 1.132]",0.124747233387466,0.124747233387466
Global cognition__parallel_only,5,5,0.398711445334661,0.398711445334661,0.0,"0.399 [-0.011, 0.808]","0.399 [-0.011, 0.808]",0.0540043627053709,0.0540043627053709
Global cognition__no_digitization,3,3,0.486020236041776,0.486020236041776,0.0,"0.486 [-1.048, 2.020]","0.486 [-1.048, 2.020]",0.305908840638627,0.305908840638627
Global cognition__no_reconstruction,5,5,0.398711445334661,0.398711445334661,0.0,"0.399 [-0.011, 0.808]","0.399 [-0.011, 0.808]",0.0540043627053709,0.0540043627053709
Global cognition__no_imputed_r,5,5,0.398711445334661,0.398711445334661,0.0,"0.399 [-0.011, 0.808]","0.399 [-0.011, 0.808]",0.0540043627053709,0.0540043627053709
Global cognition__zero_output,4,4,0.352119249115415,0.352119249115415,0.0,"0.352 [-0.025, 0.730]","0.352 [-0.025, 0.730]",0.0591626778577791,0.0591626778577791
Global cognition__controlled_change_only,3,3,0.414341850316679,0.414341850316679,0.0,"0.414 [0.050, 0.779]","0.414 [0.050, 0.779]",0.039388301849932,0.039388301849932
Global cognition__exclude_Yang,5,5,0.398711445334661,0.398711445334661,0.0,"0.399 [-0.011, 0.808]","0.399 [-0.011, 0.808]",0.0540043627053709,0.0540043627053709
Global cognition__exclude_ZhaoX,5,5,0.398711445334661,0.398711445334661,0.0,"0.399 [-0.011, 0.808]","0.399 [-0.011, 0.808]",0.0540043627053709,0.0540043627053709
Global cognition__strict_no_reconstruction,4,4,0.361892436098628,0.361892436098628,0.0,"0.362 [-0.376, 1.100]","0.362 [-0.376, 1.100]",0.21666020603947,0.21666020603947
Global cognition__paired_r__0.2,5,5,0.398711445334661,0.398711445334661,0.0,"0.399 [-0.011, 0.808]","0.399 [-0.011, 0.808]",0.0540043627053709,0.0540043627053709
Global cognition__paired_r__0.8,5,5,0.398711445334661,0.398711445334661,0.0,"0.399 [-0.011, 0.808]","0.399 [-0.011, 0.808]",0.0540043627053709,0.0540043627053709
Global cognition__adhoc,5,5,0.398711445334661,0.398711445334661,0.0,"0.399 [-0.011, 0.808]","0.399 [-0.011, 0.808]",0.0540043627053709,0.0540043627053709
Global cognition__z,5,5,0.398711445334661,0.398711445334661,0.0,"0.399 [0.175, 0.623]","0.399 [0.175, 0.623]",0.000480692354235835,0.000480692354235835
Global cognition__PM,5,5,0.400406497596303,0.400406497596303,0.0,"0.400 [-0.105, 0.906]","0.400 [-0.105, 0.906]",0.092751926316362,0.092751926316362
Global cognition__FE,5,5,0.401628701389679,0.401628701389679,0.0,"0.402 [0.197, 0.606]","0.402 [0.197, 0.606]",0.000120626238882705,0.000120626238882705
primary__Executive / sustained attention,3,3,0.617307059781905,0.617307059781905,0.0,"0.617 [0.057, 1.177]","0.617 [0.057, 1.177]",0.0416786773373177,0.0416786773373177
historical__Executive / sustained attention,3,3,0.919927261265947,0.919927261265947,0.0,"0.920 [0.481, 1.358]","0.920 [0.481, 1.358]",0.0120479813214533,0.0120479813214533
historical_retained__Executive / sustained attention,3,3,0.919927261265947,0.919927261265947,0.0,"0.920 [0.481, 1.358]","0.920 [0.481, 1.358]",0.0120479813214533,0.0120479813214533
Executive / sustained attention__no_major_rob,3,3,0.617307059781905,0.617307059781905,0.0,"0.617 [0.057, 1.177]","0.617 [0.057, 1.177]",0.0416786773373177,0.0416786773373177
Executive / sustained attention__parallel_only,3,3,0.617307059781905,0.617307059781905,0.0,"0.617 [0.057, 1.177]","0.617 [0.057, 1.177]",0.0416786773373177,0.0416786773373177
Executive / sustained attention__no_imputed_r,3,3,0.617307059781905,0.617307059781905,0.0,"0.617 [0.057, 1.177]","0.617 [0.057, 1.177]",0.0416786773373177,0.0416786773373177
Executive / sustained attention__no_industry,3,3,0.617307059781905,0.617307059781905,0.0,"0.617 [0.057, 1.177]","0.617 [0.057, 1.177]",0.0416786773373177,0.0416786773373177
Executive / sustained attention__exclude_Yang,3,3,0.617307059781905,0.617307059781905,0.0,"0.617 [0.057, 1.177]","0.617 [0.057, 1.177]",0.0416786773373177,0.0416786773373177
Executive / sustained attention__exclude_ZhaoX,3,3,0.617307059781905,0.617307059781905,0.0,"0.617 [0.057, 1.177]","0.617 [0.057, 1.177]",0.0416786773373177,0.0416786773373177
Executive / sustained attention__paired_r__0.2,3,3,0.617307059781905,0.617307059781905,0.0,"0.617 [0.057, 1.177]","0.617 [0.057, 1.177]",0.0416786773373177,0.0416786773373177
Executive / sustained attention__paired_r__0.8,3,3,0.617307059781905,0.617307059781905,0.0,"0.617 [0.057, 1.177]","0.617 [0.057, 1.177]",0.0416786773373177,0.0416786773373177
Executive / sustained attention__adhoc,3,3,0.617307059781905,0.617307059781905,0.0,"0.617 [-0.075, 1.310]","0.617 [-0.075, 1.310]",0.0617050057705012,0.0617050057705012
Executive / sustained attention__z,3,3,0.617307059781905,0.617307059781905,0.0,"0.617 [0.302, 0.933]","0.617 [0.302, 0.933]",0.000124580237560563,0.000124580237560563
Executive / sustained attention__PM,3,3,0.617307059781905,0.617307059781905,0.0,"0.617 [0.057, 1.177]","0.617 [0.057, 1.177]",0.0416786773373177,0.0416786773373177
Executive / sustained attention__FE,3,3,0.617307059781905,0.617307059781905,0.0,"0.617 [0.302, 0.933]","0.617 [0.302, 0.933]",0.000124580237560563,0.000124580237560563
external_expansion,23,23,0.447299892560048,0.440034669615928,-0.0072652229441199645,"0.447 [0.287, 0.608]","0.440 [0.282, 0.599]",8.21834057686253e-06,8.5783601819406e-06
external_add__SENS-BLANCO-2017,18,18,0.401675314804195,0.39246739676925,-0.009207918034944973,"0.402 [0.223, 0.580]","0.392 [0.218, 0.567]",0.000185754304921578,0.000187921293475027
external_add__SENS-HOLMES-2019,18,18,0.391488089600096,0.382136142158081,-0.009351947442015007,"0.391 [0.215, 0.568]","0.382 [0.210, 0.554]",0.000213835433371655,0.000214891725682724
external_add__SENS-CHEN-2023-PASSIVE,18,18,0.386722842492856,0.377513010560687,-0.00920983193216901,"0.387 [0.212, 0.562]","0.378 [0.207, 0.548]",0.000223449810564218,0.000223234311045586
external_add__SENS-JOSHI-2024-MIXED-ROUTE,18,18,0.390003114848337,0.38066302302391,-0.009340091824427021,"0.390 [0.214, 0.566]","0.381 [0.209, 0.553]",0.000220562942427145,0.00022137050804599
external_add__SENS-NIZAMUTDINOV-2021-MIXED-ROUTE,18,18,0.430708888192039,0.422598904383274,-0.008109983808764987,"0.431 [0.238, 0.623]","0.423 [0.233, 0.612]",0.000199960871292966,0.000206453748967486
external_add__SENS-PAOLILLO-2023,18,18,0.404918699049965,0.395396595543111,-0.009522103506854007,"0.405 [0.222, 0.588]","0.395 [0.216, 0.574]",0.000220309243044026,0.000224776430100911
