analysis,status,evidence,next_requirement
Mean age,Omitted; source metadata incomplete for this estimand,"Several means available, but enrolled vs analyzed/ADHD subgroup means differ; Oliveira reports median; no invented midpoints.","Complete cohort-specific mean-age ledger, then inspect confounding with population/schedule."
Wavelength,Omitted; cannot assign one numeric wavelength to all effects,"Tang660+850, Chan2019 633+870, Oliveira660+850; Berman1060–1080 band. Scalar slope would mix devices and mechanisms.",Use source-specific categories or a restricted continuous analysis only under a documented new coding rule.
Pulse structure,Completed as post-results exploratory audit,"11 CW,3 PW,1 mixed,2 unclear. Tang excluded from binary mode model; Dougal and Sabouri remain unclear. F(1,12)=1.460,p=.250.",PW occurs only in global cognition and convergent thinking; no causal pulse inference. Tang direct contrast separately verified.
Device / light source,Completed for laser vs LED only,"6 laser,11 LED; F(1,15)=.734,p=.405. Individual device models mostly singleton.",No model-brand meta-regression or optimal device inference.
Target distribution,Omitted; no frozen defensible grouping,"17 source descriptions recorded; focal left/right, bilateral frontal, frontal+posterior and whole-head are not interchangeable.",A transparent anatomical taxonomy is needed; likely sparse and confounded with clinical indication.
Session number,Omitted exact-dose regression; binary schedule completed,"16 point session counts, Dougal at least56; crossover active sessions distinguished from sham visits. Strong range/schedule/population dependence.",Do not replace lower bound with exact count or choose a transformation after inspecting p-values.
Sham dose,Completed corrected exclusion and exploratory omnibus,"Hwang reclassified as1/12 energy. 4 low/nonzero and13 zero/control; F(1,15)=.614,p=.446.",No inferential claim from separate subgroup p-values.
Industry association,Completed corrected exclusion and exploratory omnibus,"5 documented vs12 without documented association; F(1,15)=.038,p=.849. ChanMCI disclosure page unavailable.",Absence of documented link is not proof of independence; association definition is broader than trial sponsorship.
Fluence/irradiance/duty cycle,Omitted with justified comparability limits,"Peak vs average irradiance, device aperture vs cortical exposure, wavelength and schedule jointly vary.",No multivariable optimization at k17.
Follow-up durability,Missing finalized compatible input; not fitted,First end-of-course assessment must not be confused with later follow-up; no locked compatible follow-up family k>=3.,Retain missing-analysis status rather than treating treatment duration as durability.
Final domain certainty / JBI figure,Unresolved reviewer evidence,Declared final human review is not substantiated by item-level files in the package.,"Supply final items, tool edition, evidence, agreement denominator and adjudication. No automated GRADE grade assigned."
