cohort_id,study,source_file,age,wavelength,device,pulse,target,sessions,sham
COG-TANG-2023,Tang et al. 2023,Source_text\DataExtraction_Tang_2023_completed.docx.txt,Mean age or age range | Mean age 22.9 +/- 2.9 years; range 18-28. | Subjects,"Wavelength, nm | 660 nm and 850 nm. | Abstract; tPBM treatment",Device name/model | Self-made LED light source with 36 chips on aluminum substrate. | tPBM treatment,Pulsed or continuous | Both continuous and pulsed groups. | Abstract; Table 2,Not resolved by automated field extraction; inspect source,Number of sessions | 1 session. | Experimental protocol,"Sham/control adequate? | Partial/yes. Sham used same operations without light; eyes closed/protective eyewear improved blinding, though sensory/thermal matching not fully described. | Blinding adequate?"
COG-HWANG-2016,Hwang et al. 2016,Source_text\DataExtraction_Hwang_et_al_2016_completed.docx.txt,Mean age or age range | 18-30 years; group means approximately 22.8-24.1 years. | Participants; Table 1,"Wavelength, nm | 1064 nm. | Intervention/device parameters section; device table/figure where available","Device name/model | CG-5000 laser diode / HD Laser, Cell Gen Therapeutics. | LLLT and sham LLLT protocols",Pulsed or continuous | Continuous. | Intervention/device parameters section; device table/figure where available,Not resolved by automated field extraction; inspect source,Number of sessions | Single session. | Intervention/device parameters section; device table/figure where available,Sham/control adequate? | Yes for LLLT control; exercise sham may have been less convincing. | Blinding adequate?
COG-CHAN-2019-OLDER,Chan et al. 2019,Source_text\DataExtraction_Chan_et_al_2019_completed.docx.txt,Mean age or age range | Older adults aged ≥60 years. Exact group mean age values are reported in Table 2; groups did not differ significantly by age. | Participants; Table 2,"Wavelength, nm | 633 nm and 870 nm. | Abstract; Procedure",Device name/model | MedX Health Model 1100 LED device. | Procedure/PBM session,Pulsed or continuous | Continuous. | Procedure/PBM session,Not resolved by automated field extraction; inspect source,Number of sessions | 1 session. | Abstract; Procedure,Sham/control adequate? | Partial. Sham included device placement and beep but no light output; it may not fully mimic warmth/light sensation. | Blinding adequate?
COG-DOUGAL-2021,Dougal et al. 2021,Source_text\DataExtraction_Dougal_et_al.2021.txt,"18. Mean age or age range | Active group mean age 57 ± 10 years; placebo group mean age 57 ± 8 years. Eligibility described as healthy individuals older than 45, up to about 70. | 19. Sex distribution","26. Wavelength, nm | Peak 1068 nm; full width at half maximum bandwidth 60 nm. | 27. Power output","24. Device name/model | Transcranial phototherapy LED helmet by Maculume Ltd.; specific model name NR. | Abstract, COI/funding","35. Pulsed or continuous | Unclear / likely continuous, but pulse parameters are not explicitly stated. | 36. Pulse frequency, Hz",Not resolved by automated field extraction; inspect source,32. Number of sessions | at least 56 sessions if used twice daily for 28 days | 33. Treatment frequency,"75. Sham/control adequate? | Yes. Placebo helmet looked and functioned externally the same, but LEDs emitted no NIR light. Both active and placebo devices produced warmth sensation. | 76. Blinding adequate?"
COG-CHAN-2021-DIFFICULT,Chan et al. 2021 difficult task,Source_text\DataExtraction_Chan_et_al.2021.txt,18. Mean age or age range | Overall mean age 25.24 ± 8.86 years. Control: 23.07 ± 5.19; experimental: 27.06 ± 10.85. Age range: 18–40 years by inclusion criteria. | 19. Sex distribution,"26. Wavelength, nm | 810 | 27. Power output","24. Device name/model | Wisefor i5-3800, Wisefor Limited, Hong Kong | Methology, Procedures","35. Pulsed or continuous | Pulsed / continuous / both / unclear | 36. Pulse frequency, Hz",Not resolved by automated field extraction; inspect source,32. Number of sessions | 1 | 33. Treatment frequency,75. Sham/control adequate? | Yes. Sham used the same headset and beep cues but delivered no light/energy. Participants reportedly could not identify group assignment. | 76. Blinding adequate?
COG-YANG-2024-LANGUAGE,Yang et al. 2024,Source_text\DataExtraction_Yang_et_al..txt,"22. Mean age or age range | L1: 22.47 SD= 1.74, L2: 21.97 SD=2.92 | 23. Sex distribution","30. Wavelength, nm | 1064 | 31. Power output",28. Device name/model | Model JL-LS- 100 by Jieliang Medical Device Inc. | 2.3 tPBM protocol,"39. Pulsed or continuous | Pulsed / continuous / both / unclear | 40. Pulse frequency, Hz",Not resolved by automated field extraction; inspect source,36. Number of sessions | 1 sham and 1 active (2 total) | 37. Treatment frequency,81. Sham/control adequate? | Yes / No / Unclear / N/A | 82. Blinding adequate?
COG-CHAN-2021-MCI,Chan et al. 2021 MCI,Source_text\DataExtraction_Chan_et_al_2021_MCI_completed.docx.txt,Mean age or age range | Control: 66.2 ± 9.1 years. Experimental: 66.4 ± 6.9 years. | Table 1 || Mean age or age range | Sex distribution | Baseline cognitive status,"Wavelength, nm | 810 nm. | Materials → Photobiomodulation || Wavelength, nm | Power output | Irradiance/power density","Device name/model | Wisefori 5-3800 model, Wisefor Ltd., Hong Kong. | Materials → Photobiomodulation || Device name/model | Light source | LED / laser / mixed / unclear","Pulsed or continuous | Continuous. | Materials → Photobiomodulation || Pulsed or continuous | Pulsed / continuous / both / unclear | Pulse frequency, Hz",Not resolved by automated field extraction; inspect source,Number of sessions | 1 session. | Procedure; Fig. 2 || Number of sessions | Treatment frequency | Total treatment Period,"Sham/control adequate? | Partial. Sham involved wearing the headset with the device off, but authors acknowledge warmth may differ, so sham credibility is imperfect. | Blinding adequate? || Sham/control adequate? | Yes / No / Unclear / N/A | Blinding adequate?"
COG-HASSAN-2026-STROKE,Hassan et al. 2026,Source_text\DataExtraction_Hassan_et_al_2026_completed.txt,Mean age or age range: Eligible age 40-85 years; exact arm mean ages reported in baseline table but age-range eligibility is sufficient for adult criterion. | Sex distribution: Reported in baseline characteristics; no material sex imbalance was identified. Exact counts should be retained from Table 1 if needed for descriptive table. | Baseline cognitive status: Chronic stroke; severe dementia excluded. Baseline MMSE was measured; participants were not selected for cognitive impairment per se.,"Wavelength, nm: 980 ± 5 nm. | Power output: 6 W. | Irradiance/power density: NR because illuminated area/spot size was not reported in the reviewed full text.","Device name/model: Class IV continuous-wave laser device; specific commercial model NR. | Light source: Laser. | Wavelength, nm: 980 ± 5 nm.","Pulsed or continuous: Continuous wave. | Pulse frequency, Hz: N/A. | Dose fully reported?: Partially. Wavelength, power, duration, session count, and total energy are reported; irradiance/fluence and spot area are not.",Not resolved by automated field extraction; inspect source,Number of sessions: 24. | Treatment frequency: 3 sessions/week. | Total treatment period: 8 weeks.,"Sham/control adequate?: Yes — identical setup with inactive emitter; both groups received same rehabilitation. | Blinding adequate?: Good but not complete: participants, outcome assessors, and data analysts blinded; treating physician unblinded. | Attrition concern?: Low; 0/40 lost."
COG-PENA-2026,Peña et al. 2026,Source_text\DataExtraction_Pena_et_al_2026_completed.txt,"Mean age or age range: Active 29.13±11.80 years; sham 27.48±10.74 years; adults ≥18. | Sex distribution: Table 1 lists females active 15 (51.7%) and sham 16 (55.2%), but these percentages imply denominators inconsistent with n=28 and the table labels N=58. Treat exact sex denominators as unclear pending author clarification. | Baseline cognitive status: Healthy; no clinical cognitive impairment required.","Wavelength, nm: 810 nm. | Power output: Total radiant power NR; power density reported per LED. | Irradiance/power density: 100 mW/cm² per LED.","Device name/model: Vielight Neuro Gamma (Toronto, Canada). | Light source: LED; two of the four headset modules used. | Wavelength, nm: 810 nm.","Pulsed or continuous: Pulsed. | Pulse frequency, Hz: 40 Hz. | Dose fully reported?: Partially.",Not resolved by automated field extraction; inspect source,Number of sessions: 1. | Treatment frequency: Single session. | Total treatment period: One day.,"Sham/control adequate?: Yes; indistinguishable device with automatic light shutoff. | Blinding adequate?: Strong for participants and experimenters per report; blinding efficacy test nonsignificant. | Attrition concern?: Low based on reported analyzed sample, but sample-size/table inconsistency needs clarification."
COG-CHUN-2025-PILOT,Chun et al. 2025,Source_text\DataExtraction_Chun_et_al.2025.txt,"17. Mean age or age range | Inclusion age 55–90 years. Treatment group: 69.31 ± 5.86 years. Sham group: 71.15 ± 8.09 years. | 18. Sex distribution || 17. Mean age or age range | Total sample: 67.7 ± 7.5 years. Group 1: 69.5 ± 7.3 years. Group 2: 65.9 ± 7.5 years. Group difference in age was not statistically significant, p = 0.30. | Location in Text:","25. Wavelength, nm | 808 nm | 26. Power output || 25. Wavelength, nm | 904 nm. | Location in Text:","23. Device name/model | DE-100 wearable helmet, manufactured by Y&J Bio, Gyeonggi-do, Republic of Korea. | Device parameters || 5. Device name/model | Class 3B Irradia Australia Mid-Laser 2.5. | Location in Text:","34. Pulsed or continuous | Pulsed | 35. Pulse frequency, Hz || 34. Pulsed or continuous | Pulsed. | Location in Text:",Not resolved by automated field extraction; inspect source,"31. Number of sessions | 72 total treatments: once daily, 6 days/week, for 12 weeks. | 32. Treatment frequency || 31. Number of sessions | Varied by phase/group. Maximum active exposure in a 4-week phase was 12 active sessions for 3 times/week. Group 1 received placebo 3 times/week in Phase 1, then active 2 times/week plus placebo 1 time/week in Phase 3. Group 2 received active 3 times/week in Phase 1, then active 1 time/week plus placebo 2 times/week in Phase 3. | Location in Text:","78. Sham/control adequate? | Yes / mostly. Sham device was identical in appearance and emitted light at 1/50 active power. This is a credible sham, although not fully inert if any light exposure occurred. | 79. Blinding adequate? || 78. Sham/control adequate? | Yes. Placebo devices provided the same visual and auditory cues, and active/placebo identity was blinded to participants and administering researcher. | 79. Blinding adequate?"
COG-LEE-2025-TBI,Lee et al. 2025 TBI,Source_text\DataExtraction_Lee_2025_TBI.docx.txt,"Mean age or age range | Mean age 60.25 years, SD 2.89. Injury duration mean 5.92 years, SD 7.03. | Table 1, p. 1700.","Wavelength, nm | 810 nm. | tPBM device, p. 1699.","Device name/model | Custom-built 81-LED tPBM device. | tPBM device, p. 1699.","Pulsed or continuous | Continuous wave. | tPBM device, p. 1699.",Not resolved by automated field extraction; inspect source,"Number of sessions | 18 sessions in each active tPBM condition. | Procedures, p. 1698.",Sham/control adequate? | Yes. Identical sham device with no light emission and beeping sounds; participants were blinded. | Blinding adequate?
COG-DEOLIVEIRA-2024,de Oliveira et al. 2024,Source_text\DataExtraction_de_Oliveira_et_al_2024_completed.docx.txt,Not resolved by automated field extraction; inspect source,Wavelengths | 850 nm NIR (102 diodes) + 660 nm red (102 diodes). | Methods 2.5; Table 1,Not resolved by automated field extraction; inspect source,Not resolved by automated field extraction; inspect source,Not resolved by automated field extraction; inspect source,Not resolved by automated field extraction; inspect source,Not resolved by automated field extraction; inspect source
COG-BERMAN-2017-DEMENTIA,Berman et al. 2017,Source_text\DataExtraction_Berman_2017_completed.docx.txt,"Mean age or age range | Average age 81.8 years; individual table range 74.01-95.52 years. | Table 1, p. 13; Table 3, p. 15.","Wavelength, nm | 1060-1080 nm, described as 1072 nm infrared stimulation. | Abstract, p. 1; Study hypothesis/Endpoints, p. 3; Experimental device and procedure, p. 4.","Device name/model | Cognitolite Transcranial Photomodulation System / 1072-nm NIR LED helmet. | Experimental device and procedure, p. 4; Figure 1, p. 10.","Pulsed or continuous | Pulsed. | Experimental device and procedure, p. 4.",Not resolved by automated field extraction; inspect source,"Number of sessions | 28 active treatment sessions. | Abstract, p. 1; Experimental device and procedure, p. 4.","Sham/control adequate? | Unclear/partial. Placebo control was used, but sham hardware and credibility details were not described. | Blinding adequate?"
COG-YANG-2025-OLDER-WM,Yang et al. 2025,Source_text\DataExtraction_Yang_et_al_2025_completed.txt,"Mean age or age range: Inclusion age 55-79 years; mean age 64.80 ± 5.40 years. | Sex distribution: 42 female, 13 male. | Education: Median 13 years, IQR 12-15.",Wavelength: 1064 nm. | Mode: Continuous wave. | Power output: 3.4 W.,"Device name/model: CNI laser-MIL-N-1064, China. | Light source: Laser. | Wavelength: 1064 nm.",Mode: Continuous wave. | Power output: 3.4 W. | Beam diameter: 4.16 cm.,Not resolved by automated field extraction; inspect source,Not resolved by automated field extraction; inspect source,"Sham/control adequate?: Generally yes. Sham followed the same procedure but output was 0 W. No formal blinding-success assessment is reported. | Blinding adequate?: Partial. Participants were blinded; experimenters were not stated to be blinded, so the trial is single-blind. | Carryover/period concern?: Some concern but mitigated by a long washout of 34-48 days. No formal period, sequence, or carryover effect analysis is reported."
COG-SABOURI-MOGHADAM-2017,Sabouri Moghadam et al. 2017,Sources/Prior_source_records/Sabouri_source_verified.txt,Not resolved by automated field extraction; inspect source,Not resolved by automated field extraction; inspect source,Not resolved by automated field extraction; inspect source,Not resolved by automated field extraction; inspect source,Not resolved by automated field extraction; inspect source,Not resolved by automated field extraction; inspect source,Not resolved by automated field extraction; inspect source
COG-SALEHPOUR-2026-STAGE1-ADHD,Salehpour et al. 2026,Source_text\DataExtraction_Salehpour_et_al_2026_completed.txt,Not resolved by automated field extraction; inspect source,Wavelength: 1064 nm. | Mode: Continuous wave. | Output power: 3.4 W.,"Device name/model: HD Laser, Cell Gen Therapeutics LLC, Dallas, Texas. | Light source: Laser. | Wavelength: 1064 nm.",Mode: Continuous wave. | Output power: 3.4 W. | Aperture diameter: 4.16 cm.,Not resolved by automated field extraction; inspect source,"Number of sessions: One active or sham session per participant in each stage. | Brain target/site: Right prefrontal cortex, including right frontopolar and right ventrolateral prefrontal regions surrounding Fp2. | Laterality: Right.",Not resolved by automated field extraction; inspect source
COG-ZHAO-X-2022-SCD,Zhao X et al. 2022 — SCD sleep/cognition (JAD),Source_text\DataExtraction_Zhao_et_al_2022_SCD_completed.txt,Not resolved by automated field extraction; inspect source,Wavelength: 1064 nm. | Mode: Continuous wave. | Irradiance: 250 mW/cm2.,Not resolved by automated field extraction; inspect source,"Mode: Continuous wave. | Irradiance: 250 mW/cm2. | Target: Prefrontal/frontal pole cortex, described relative to the 10-20 system as centered on ""PF2"" in the paper.","Target: Prefrontal/frontal pole cortex, described relative to the 10-20 system as centered on ""PF2"" in the paper. | Session duration: 12 minutes. | Number of sessions: 6 consecutive days.",Number of sessions: 6 consecutive days. | Calculated active fluence: 0.25 W/cm2 x 720 s = 180 J/cm2 per session. | Calculated active cumulative fluence: 1080 J/cm2 across 6 sessions.,Not resolved by automated field extraction; inspect source
