effect_id,source_row,study,route,source_g,recomputed_g,abs_g_difference,source_variance,recomputed_variance,abs_variance_difference,tolerance,passed,note
EEG-R004,4,Spera et al. 2021,Reported paired t; recorded unscaled-leading variance,0.9490944351926104,0.9490944351926104,0.0,0.18934144620811288,0.18934144620811288,0.0,1e-07,True,"Agreement verifies arithmetic of supplied values, not original extraction or scientific validity"
EEG-R005,5,Spera et al. 2021,Reported paired t; recorded unscaled-leading variance,0.9145247703346013,0.9145247703346013,0.0,0.18473968253968254,0.18473968253968254,0.0,1e-07,True,"Agreement verifies arithmetic of supplied values, not original extraction or scientific validity"
EEG-R006,6,Spera et al. 2021,Reported paired t; recorded unscaled-leading variance,1.186479780489835,1.1864797804898348,2.220446049250313e-16,0.26016833198307676,0.26016833198307676,0.0,1e-07,True,"Agreement verifies arithmetic of supplied values, not original extraction or scientific validity"
EEG-R018,18,He et al. 2026,Master-transcribed author paired summary; raw arrays not retrieved,0.5932067256,0.5932067257340946,1.3409462429336827e-10,0.03871115572,0.03871115571944649,5.535086278207757e-13,1e-05,True,"Agreement verifies arithmetic of supplied values, not original extraction or scientific validity"
EEG-R021,21,Wang et al. 2019,Digitized reported d; recorded independent working variance,1.4157480315,1.415748031496063,3.936850845320805e-12,0.1434724286,0.14347242863603377,3.6033759309717084e-11,1e-07,True,"Agreement verifies arithmetic of supplied values, not original extraction or scientific validity"
EEG-R023,23,Chaudhari et al. 2023,Digitized group means and SEM; working 8/8,1.05689324,1.0568932395395303,4.604696623999871e-10,0.28989369,0.2898936899922987,7.701284054917323e-12,1e-07,True,"Agreement verifies arithmetic of supplied values, not original extraction or scientific validity"
EEG-R025,25,Ghaderi et al. 2021,Recorded permutation t treated as ordinary between-group t; conditional route,-0.7736392548,-0.7736392548174035,1.7403523067116566e-11,0.1153583184,0.11535831837957061,2.0429394287369007e-11,1e-07,True,"Agreement verifies arithmetic of supplied values, not original extraction or scientific validity"
EEG-R027,27,Ghaderi et al. 2021,Recorded permutation t treated as ordinary between-group t; conditional route,-0.7573177516,-0.7573177515512134,4.8786641393405716e-11,0.1149908549,0.11499085485339647,4.6603526593358424e-11,1e-07,True,"Agreement verifies arithmetic of supplied values, not original extraction or scientific validity"
EEG-R028,28,Ghaderi et al. 2021,Recorded permutation t treated as ordinary between-group t; conditional route,-0.5386096078,-0.5386096077842683,1.5731749236636006e-11,0.1108227686,0.11082276857079261,2.9207386509355615e-11,1e-07,True,"Agreement verifies arithmetic of supplied values, not original extraction or scientific validity"
EEG-R029,29,Ghaderi et al. 2021,Recorded permutation t treated as ordinary between-group t; conditional route,0.5875741176,0.5875741175828381,1.7161938536958132e-11,0.1116336955,0.11163369554220036,4.220035432211944e-11,1e-07,True,"Agreement verifies arithmetic of supplied values, not original extraction or scientific validity"
EEG-R030,30,Ghaderi et al. 2021,Recorded permutation t treated as ordinary between-group t; conditional route,-0.6822388365,-0.6822388365267397,2.6739721548096895e-11,0.113401438,0.11340143798943725,1.0562745123010586e-11,1e-07,True,"Agreement verifies arithmetic of supplied values, not original extraction or scientific validity"
EEG-R031,31,Ghaderi et al. 2021,Recorded permutation t treated as ordinary between-group t; conditional route,-0.639802928,-0.6398029280346459,3.464584175105756e-11,0.1125764079,0.11257640794026588,4.026588784622476e-11,1e-07,True,"Agreement verifies arithmetic of supplied values, not original extraction or scientific validity"
EEG-R032,32,Ghaderi et al. 2021,Recorded permutation t treated as ordinary between-group t; conditional route,-0.6430672287,-0.6430672286878838,1.2116196934641721e-11,0.1126379914,0.11263799137983366,2.0166340819471884e-11,1e-07,True,"Agreement verifies arithmetic of supplied values, not original extraction or scientific validity"
EEG-R033,33,Ghaderi et al. 2021,Recorded permutation t treated as ordinary between-group t; conditional route,0.7050889411,0.7050889410994057,5.943023850818463e-13,0.1138676231,0.1138676230599567,4.004330200757522e-11,1e-07,True,"Agreement verifies arithmetic of supplied values, not original extraction or scientific validity"
EEG-R034,34,Chaudhari et al. 2023,Digitized group means and SEM; working 8/8,2.253087672,2.2530876717171386,2.8286128994636783e-10,0.4313001449,0.4313001448729913,2.700872858696357e-11,1e-07,True,"Agreement verifies arithmetic of supplied values, not original extraction or scientific validity"
EEG-R035,35,Chaudhari et al. 2023,Digitized group means and SEM; working 8/8,2.589408969,2.589408968813465,1.8653478761621045e-10,0.4894656717,0.48946567170612904,6.129041718594408e-12,1e-07,True,"Agreement verifies arithmetic of supplied values, not original extraction or scientific validity"
EEG-R036,36,Chaudhari et al. 2023,Digitized group means and SEM; working 8/8,0.9479507994,0.947950799424123,2.41229258790554e-11,0.2820932399,0.28209323993317265,3.317263130853121e-11,1e-07,True,"Agreement verifies arithmetic of supplied values, not original extraction or scientific validity"
EEG-R037,37,Chaudhari et al. 2023,Digitized group means and SEM; working 8/8,-0.07492054598,-0.07492054598366732,3.667316450517433e-12,0.2502004674,0.250200467436089,3.608896514961657e-11,1e-07,True,"Agreement verifies arithmetic of supplied values, not original extraction or scientific validity"
EEG-R038,38,Chaudhari et al. 2023,Digitized group means and SEM; working 8/8,1.188185492,1.1881854917981252,2.0187473914745624e-10,0.3004208844,0.30042088438998404,1.0015932527807081e-11,1e-07,True,"Agreement verifies arithmetic of supplied values, not original extraction or scientific validity"
EEG-R039,39,Chaudhari et al. 2023,Digitized group means and SEM; working 8/8,-0.5048791053,-0.50487910528631,1.3690049094350343e-11,0.2591036754,0.25910367539123946,8.760547842712185e-12,1e-07,True,"Agreement verifies arithmetic of supplied values, not original extraction or scientific validity"
EEG-R040,40,Chaudhari et al. 2023,Digitized group means and SEM; working 8/8,-0.3285725646,-0.32857256460701617,7.016165426421139e-12,0.2538557118,0.25385571179330113,6.6988636859832695e-12,1e-07,True,"Agreement verifies arithmetic of supplied values, not original extraction or scientific validity"
EEG-R041,41,Chaudhari et al. 2023,Digitized group means and SEM; working 8/8,1.656130522,1.656130521606598,3.934019776608011e-10,0.3479560109,0.34795601087846223,2.1537771566215724e-11,1e-07,True,"Agreement verifies arithmetic of supplied values, not original extraction or scientific validity"
EEG-R042,42,Chaudhari et al. 2023,Digitized group means and SEM; working 8/8,1.846634869,1.8466348689325507,6.744937941505214e-11,0.3717878693,0.37178786925562635,4.437367140397441e-11,1e-07,True,"Agreement verifies arithmetic of supplied values, not original extraction or scientific validity"
EEG-R043,43,Chaudhari et al. 2023,Digitized group means and SEM; working 8/8,1.530689344,1.5306893435706797,4.29320357042684e-10,0.3336789238,0.33367892380431563,4.315603430171677e-12,1e-07,True,"Agreement verifies arithmetic of supplied values, not original extraction or scientific validity"
EEG-R044,44,Chaudhari et al. 2023,Digitized group means and SEM; working 8/8,-1.547352259,-1.5473522590896032,8.960321373763236e-11,0.3355106791,0.3355106790610607,3.8939296231887965e-11,1e-07,True,"Agreement verifies arithmetic of supplied values, not original extraction or scientific validity"
EEG-R045,45,Chaudhari et al. 2023,Digitized group means and SEM; working 8/8,1.345938646,1.3459386456370863,3.629136990923598e-10,0.3146982442,0.31469824420783554,7.835565529745736e-12,1e-07,True,"Agreement verifies arithmetic of supplied values, not original extraction or scientific validity"
EEG-R046,46,Chaudhari et al. 2023,Digitized group means and SEM; working 8/8,2.19522434,2.1952243395585103,4.414899557048102e-10,0.4221074965,0.4221074964639321,3.606792642329992e-11,1e-07,True,"Agreement verifies arithmetic of supplied values, not original extraction or scientific validity"
EEG-R047,47,Chaudhari et al. 2023,Digitized group means and SEM; working 8/8,3.634951534,3.634951533863656,1.3634382511895637e-10,0.7218883091,0.7218883090549195,4.508049489260202e-11,1e-07,True,"Agreement verifies arithmetic of supplied values, not original extraction or scientific validity"
EEG-R048,48,Chaudhari et al. 2023,Digitized group means and SEM; working 8/8,1.319680505,1.31968050466736,3.3263991561227613e-10,0.3121984512,0.31219845122853923,2.853922653756058e-11,1e-07,True,"Agreement verifies arithmetic of supplied values, not original extraction or scientific validity"
EEG-R049,49,Chaudhari et al. 2023,Digitized group means and SEM; working 8/8,1.079620546,1.0796205456878967,3.121032321473649e-10,0.2916278758,0.291627875809694,9.694023361817017e-12,1e-07,True,"Agreement verifies arithmetic of supplied values, not original extraction or scientific validity"
EEG-R050,50,Chaudhari et al. 2023,Digitized group means and SEM; working 8/8,1.600286644,1.6002866438210497,1.7895041004578616e-10,0.3414613337,0.34146133365685855,4.314143486894295e-11,1e-07,True,"Agreement verifies arithmetic of supplied values, not original extraction or scientific validity"
EEG-R051,51,Chaudhari et al. 2023,Digitized group means and SEM; working 8/8,-0.8127977099,-0.8127977099336546,3.365463463467222e-11,0.2735942899,0.2735942899026212,2.6211810499887633e-12,1e-07,True,"Agreement verifies arithmetic of supplied values, not original extraction or scientific validity"
EEG-R052,52,Chaudhari et al. 2023,Digitized group means and SEM; working 8/8,1.677709679,1.6777096793915434,3.915434643175786e-10,0.3505253489,0.350525348868717,3.128297620946796e-11,1e-07,True,"Agreement verifies arithmetic of supplied values, not original extraction or scientific validity"
EEG-R053,53,Chaudhari et al. 2023,Digitized group means and SEM; working 8/8,1.847784097,1.8477840972650028,2.6500290850606234e-10,0.3719395025,0.37193950250376573,3.765709966074837e-12,1e-07,True,"Agreement verifies arithmetic of supplied values, not original extraction or scientific validity"
EEG-R054,54,Chaudhari et al. 2023,Digitized group means and SEM; working 8/8,2.466655645,2.466655644919937,8.006306728702839e-11,0.4672996454,0.46729964537912105,2.0878965223403156e-11,1e-07,True,"Agreement verifies arithmetic of supplied values, not original extraction or scientific validity"
EEG-R055,55,Chaudhari et al. 2023,Digitized group means and SEM; working 8/8,2.602514227,2.6025142273387116,3.387117253339511e-10,0.4918957251,0.49189572512501467,2.5014657012434327e-11,1e-07,True,"Agreement verifies arithmetic of supplied values, not original extraction or scientific validity"
EEG-R056,56,Chaudhari et al. 2023,Digitized group means and SEM; working 8/8,1.142176401,1.1421764011712066,1.712066044490257e-10,0.2965916761,0.29659167612115744,2.1157464669130377e-11,1e-07,True,"Agreement verifies arithmetic of supplied values, not original extraction or scientific validity"
EEG-R057,57,Chaudhari et al. 2023,Digitized group means and SEM; working 8/8,0.3087232754,0.3087232753536817,4.6318282542756606e-11,0.2534039307,0.2534039307408966,4.0896619424302116e-11,1e-07,True,"Agreement verifies arithmetic of supplied values, not original extraction or scientific validity"
EEG-R058,58,Chaudhari et al. 2023,Digitized group means and SEM; working 8/8,2.891030919,2.89103091857712,4.228799532768335e-10,0.5485021347,0.5485021347203167,2.0316748283732977e-11,1e-07,True,"Agreement verifies arithmetic of supplied values, not original extraction or scientific validity"
EEG-R059,59,Chaudhari et al. 2023,Digitized group means and SEM; working 8/8,1.808268418,1.8082684180467352,4.6735282310805815e-11,0.3667798097,0.3667798097037587,3.7586600498684675e-12,1e-07,True,"Agreement verifies arithmetic of supplied values, not original extraction or scientific validity"
EEG-R060,60,Chaudhari et al. 2023,Digitized group means and SEM; working 8/8,0.6375547628,0.6375547627840785,1.5921486351544445e-11,0.2645170027,0.2645170026981665,1.8334778140172148e-12,1e-07,True,"Agreement verifies arithmetic of supplied values, not original extraction or scientific validity"
EEG-R061,61,Chaudhari et al. 2023,Digitized group means and SEM; working 8/8,0.9898977345,0.9898977344593187,4.0681236157524836e-11,0.2849963402,0.2849963401674176,3.2582381237489244e-11,1e-07,True,"Agreement verifies arithmetic of supplied values, not original extraction or scientific validity"
EEG-R062,62,Chaudhari et al. 2023,Digitized group means and SEM; working 8/8,0.5326334205,0.5326334205208472,2.0847212844898877e-11,0.2601320843,0.2601320843091335,9.133471756683775e-12,1e-07,True,"Agreement verifies arithmetic of supplied values, not original extraction or scientific validity"
EEG-R063,63,Chaudhari et al. 2023,Digitized group means and SEM; working 8/8,-0.2112267863,-0.21122678625480681,4.519318252960147e-11,0.2515934555,0.2515934555439833,4.398331698851621e-11,1e-07,True,"Agreement verifies arithmetic of supplied values, not original extraction or scientific validity"
EEG-R064,64,Chaudhari et al. 2023,Digitized group means and SEM; working 8/8,0.6189884674,0.6189884673843082,1.56917812077495e-11,0.2636838115,0.26368381152695625,2.6956270549050032e-11,1e-07,True,"Agreement verifies arithmetic of supplied values, not original extraction or scientific validity"
EEG-R065,65,Chaudhari et al. 2023,Digitized group means and SEM; working 8/8,3.389658332,3.3896583318318942,1.6810597358585255e-10,0.6603494145,0.6603494145199065,1.9906520876133982e-11,1e-07,True,"Agreement verifies arithmetic of supplied values, not original extraction or scientific validity"
EEG-R066,66,Chaudhari et al. 2023,Digitized group means and SEM; working 8/8,1.664740049,1.664740048958089,4.191091917959966e-11,0.3489771225,0.34897712252160645,2.160643886028879e-11,1e-07,True,"Agreement verifies arithmetic of supplied values, not original extraction or scientific validity"
EEG-R067,67,Chaudhari et al. 2023,Digitized group means and SEM; working 8/8,1.661792768,1.6617927678378914,1.6210854880682746e-10,0.3486269715,0.34862697154422573,4.422573418594311e-11,1e-07,True,"Agreement verifies arithmetic of supplied values, not original extraction or scientific validity"
EEG-R068,68,Chaudhari et al. 2023,Digitized group means and SEM; working 8/8,1.004862706,1.0048627058167026,1.832973772764035e-10,0.2860624663,0.28606246634075944,4.075945136960968e-11,1e-07,True,"Agreement verifies arithmetic of supplied values, not original extraction or scientific validity"
EEG-R069,69,Chaudhari et al. 2023,Digitized group means and SEM; working 8/8,0.5742050341,0.5742050341268679,2.6867841285138638e-11,0.2617754079,0.26177540790059417,5.941913627793838e-13,1e-07,True,"Agreement verifies arithmetic of supplied values, not original extraction or scientific validity"
EEG-R070,70,Chaudhari et al. 2023,Digitized group means and SEM; working 8/8,1.98824542,1.9882454204290103,4.2901038277420867e-10,0.3911828519,0.3911828518520333,4.796674168972004e-11,1e-07,True,"Agreement verifies arithmetic of supplied values, not original extraction or scientific validity"
EEG-R071,71,Chaudhari et al. 2023,Digitized group means and SEM; working 8/8,2.560206432,2.560206431785301,2.1469936939411127e-10,0.4840948919,0.48409489190552935,5.52935475184313e-12,1e-07,True,"Agreement verifies arithmetic of supplied values, not original extraction or scientific validity"
EEG-R072,72,Chaudhari et al. 2023,Digitized group means and SEM; working 8/8,1.439756161,1.4397561609707106,2.928945974645103e-11,0.3240320644,0.32403206439475424,5.245748280202633e-12,1e-07,True,"Agreement verifies arithmetic of supplied values, not original extraction or scientific validity"
EEG-R073,73,Chaudhari et al. 2023,Digitized group means and SEM; working 8/8,0.3531266771,0.353126677051716,4.8283987919006677e-11,0.2544535161,0.25445351607305666,2.694333645081315e-11,1e-07,True,"Agreement verifies arithmetic of supplied values, not original extraction or scientific validity"
EEG-R074,74,Chaudhari et al. 2023,Digitized group means and SEM; working 8/8,1.005038576,1.005038575519868,4.801319342107035e-10,0.2860750907,0.2860750906529645,4.703548661666446e-11,1e-07,True,"Agreement verifies arithmetic of supplied values, not original extraction or scientific validity"
EEG-R075,75,Chaudhari et al. 2023,Digitized group means and SEM; working 8/8,-0.2381796497,-0.23817964973020658,3.0206587231518256e-11,0.2520260552,0.25202605519805726,1.94272375964033e-12,1e-07,True,"Agreement verifies arithmetic of supplied values, not original extraction or scientific validity"
EEG-R076,76,Chaudhari et al. 2023,Digitized group means and SEM; working 8/8,-0.1318739743,-0.13187397426312217,3.6877834119763975e-11,0.250621098,0.2506210980388554,3.8855418882377535e-11,1e-07,True,"Agreement verifies arithmetic of supplied values, not original extraction or scientific validity"
EEG-R077,77,Chaudhari et al. 2023,Digitized group means and SEM; working 8/8,2.348759113,2.348759112895433,1.0456702170813514e-10,0.4470239061,0.4470239060860479,1.395206172816188e-11,1e-07,True,"Agreement verifies arithmetic of supplied values, not original extraction or scientific validity"
EEG-R078,78,Chaudhari et al. 2023,Digitized group means and SEM; working 8/8,2.517994671,2.5179946710187817,1.8781864952188698e-11,0.4764391844,0.47643918440282085,2.8208546609675977e-12,1e-07,True,"Agreement verifies arithmetic of supplied values, not original extraction or scientific validity"
EEG-R079,79,Chaudhari et al. 2023,Digitized group means and SEM; working 8/8,3.100884807,3.100884806955486,4.4513726038530876e-11,0.5934102352,0.5934102352145487,1.4548695581595439e-11,1e-07,True,"Agreement verifies arithmetic of supplied values, not original extraction or scientific validity"
EEG-R080,80,Chaudhari et al. 2023,Digitized group means and SEM; working 8/8,1.513457092,1.5134570919961983,3.801625680921461e-12,0.3318054418,0.33180544176119964,3.880035182035613e-11,1e-07,True,"Agreement verifies arithmetic of supplied values, not original extraction or scientific validity"
EEG-R081,81,Chaudhari et al. 2023,Digitized group means and SEM; working 8/8,1.236452158,1.2364521575478962,4.521039098648316e-10,0.3046004978,0.30460049778231596,1.7684020914288112e-11,1e-07,True,"Agreement verifies arithmetic of supplied values, not original extraction or scientific validity"
EEG-R082,82,Chaudhari et al. 2023,Digitized group means and SEM; working 8/8,2.952415498,2.9524154979090853,9.091483121892452e-11,0.5613127597,0.5613127597247769,2.477684724055962e-11,1e-07,True,"Agreement verifies arithmetic of supplied values, not original extraction or scientific validity"
EEG-R083,83,Chaudhari et al. 2023,Digitized group means and SEM; working 8/8,3.959245304,3.9592453035458006,4.5419934480150914e-10,0.8098436919,0.8098436919160529,1.60528257353576e-11,1e-07,True,"Agreement verifies arithmetic of supplied values, not original extraction or scientific validity"
EEG-R084,84,Chaudhari et al. 2023,Digitized group means and SEM; working 8/8,1.753202243,1.7532022434039682,4.0396819223076363e-10,0.3597756467,0.35977564665273953,4.7260473312604745e-11,1e-07,True,"Agreement verifies arithmetic of supplied values, not original extraction or scientific validity"
EEG-R085,85,Chaudhari et al. 2023,Digitized group means and SEM; working 8/8,1.444136531,1.444136531458937,4.589368884921896e-10,0.3244832258,0.32448322576765176,3.23482352015958e-11,1e-07,True,"Agreement verifies arithmetic of supplied values, not original extraction or scientific validity"
EEG-R086,86,Chaudhari et al. 2023,Digitized group means and SEM; working 8/8,2.95310935,2.9531093502019017,2.0190160654465217e-10,0.5614591012,0.5614591012232106,2.321065561972091e-11,1e-07,True,"Agreement verifies arithmetic of supplied values, not original extraction or scientific validity"
EEG-R087,87,Chaudhari et al. 2023,Digitized group means and SEM; working 8/8,0.6614916485,0.661491648450957,4.9042991889791665e-11,0.2656275429,0.26562754289179874,8.201272994057263e-12,1e-07,True,"Agreement verifies arithmetic of supplied values, not original extraction or scientific validity"
EEG-R088,88,Chaudhari et al. 2023,Digitized group means and SEM; working 8/8,1.503764872,1.5037648715096144,4.903857320215366e-10,0.3307610282,0.3307610281709402,2.9059754602656085e-11,1e-07,True,"Agreement verifies arithmetic of supplied values, not original extraction or scientific validity"
EEG-R089,89,Chaudhari et al. 2023,Digitized group means and SEM; working 8/8,0.6579805926,0.6579805926405718,4.057187918959926e-11,0.2654620879,0.2654620878675585,3.244149393566431e-11,1e-07,True,"Agreement verifies arithmetic of supplied values, not original extraction or scientific validity"
EEG-R090,90,Chaudhari et al. 2023,Digitized group means and SEM; working 8/8,0.8613075512,0.8613075511903016,9.698464253915517e-12,0.2764946678,0.2764946677763369,2.366307150225566e-11,1e-07,True,"Agreement verifies arithmetic of supplied values, not original extraction or scientific validity"
EEG-R091,91,Chaudhari et al. 2023,Digitized group means and SEM; working 8/8,0.3966905027,0.3966905027357892,3.578920493296778e-11,0.2556201198,0.25562011982002764,2.0027646208120586e-11,1e-07,True,"Agreement verifies arithmetic of supplied values, not original extraction or scientific validity"
EEG-R092,92,Chaudhari et al. 2023,Digitized group means and SEM; working 8/8,2.666000509,2.6660005091083354,1.0833556274292278e-10,0.5038413827,0.503841382663068,3.693201300336568e-11,1e-07,True,"Agreement verifies arithmetic of supplied values, not original extraction or scientific validity"
EEG-R093,93,Chaudhari et al. 2023,Digitized group means and SEM; working 8/8,0.2876790665,0.28767906650743513,7.435108084763442e-12,0.2529556873,0.25295568733237817,3.2378155712109447e-11,1e-07,True,"Agreement verifies arithmetic of supplied values, not original extraction or scientific validity"
EEG-R094,94,Chaudhari et al. 2023,Digitized group means and SEM; working 8/8,1.531564603,1.531564602659499,3.4050118280504194e-10,0.3337746476,0.3337746475756982,2.4301782808322514e-11,1e-07,True,"Agreement verifies arithmetic of supplied values, not original extraction or scientific validity"
EEG-R095,95,Chaudhari et al. 2023,Digitized group means and SEM; working 8/8,0.969458561,0.969458560971694,2.8306024191238066e-11,0.2835660679,0.28356606790861816,8.618161739804009e-12,1e-07,True,"Agreement verifies arithmetic of supplied values, not original extraction or scientific validity"
EEG-R096,96,Chaudhari et al. 2023,Digitized group means and SEM; working 8/8,-0.1216446011,-0.12164460111006636,1.0066364408700679e-11,0.2505284789,0.25052847889211527,7.88474840973663e-12,1e-07,True,"Agreement verifies arithmetic of supplied values, not original extraction or scientific validity"
EEG-R097,97,Chaudhari et al. 2023,Digitized group means and SEM; working 8/8,-1.13905226,-1.1390522599847395,1.5260459562682627e-11,0.2963371447,0.29633714467772654,2.2273460853483584e-11,1e-07,True,"Agreement verifies arithmetic of supplied values, not original extraction or scientific validity"
EEG-R098,98,Chaudhari et al. 2023,Digitized group means and SEM; working 8/8,0.7301881036,0.7301881035701073,2.989264391572988e-11,0.2690419524,0.2690419523784039,2.1596113786159776e-11,1e-07,True,"Agreement verifies arithmetic of supplied values, not original extraction or scientific validity"
EEG-R099,99,Chaudhari et al. 2023,Digitized group means and SEM; working 8/8,0.3209055454,0.3209055454032088,3.2088220969228587e-12,0.2536778703,0.2536778703239475,2.3947510641164627e-11,1e-07,True,"Agreement verifies arithmetic of supplied values, not original extraction or scientific validity"
EEG-R100,100,Chaudhari et al. 2023,Digitized group means and SEM; working 8/8,0.820152293,0.8201522929744222,2.557787315282667e-11,0.2740232066,0.2740232065596858,4.031419642558376e-11,1e-07,True,"Agreement verifies arithmetic of supplied values, not original extraction or scientific validity"
EEG-R101,101,Chaudhari et al. 2023,Digitized group means and SEM; working 8/8,0.7360707072,0.7360707071634245,3.6575520390158545e-11,0.2693500031,0.26935000306943085,3.0569158315785216e-11,1e-07,True,"Agreement verifies arithmetic of supplied values, not original extraction or scientific validity"
EEG-R102,102,Chaudhari et al. 2023,Digitized group means and SEM; working 8/8,0.8143236477,0.8143236476635195,3.648048529925063e-11,0.2736829644,0.2736829643980007,1.999289622744982e-12,1e-07,True,"Agreement verifies arithmetic of supplied values, not original extraction or scientific validity"
EEG-R103,103,Chaudhari et al. 2023,Digitized group means and SEM; working 8/8,0.654308807,0.6543088069942352,5.764833055366125e-12,0.2652900005,0.26529000053250784,3.2507829761385665e-11,1e-07,True,"Agreement verifies arithmetic of supplied values, not original extraction or scientific validity"
EEG-R104,104,Chaudhari et al. 2023,Digitized group means and SEM; working 8/8,1.15653983,1.1565398302179901,2.1799007043910024e-10,0.2977708707,0.2977708706743092,2.569083834558228e-11,1e-07,True,"Agreement verifies arithmetic of supplied values, not original extraction or scientific validity"
EEG-R105,105,Chaudhari et al. 2023,Digitized group means and SEM; working 8/8,-0.9954685858,-0.9954685858409634,4.096345485038455e-11,0.2853913466,0.2853913466212931,2.129313392273957e-11,1e-07,True,"Agreement verifies arithmetic of supplied values, not original extraction or scientific validity"
EEG-R106,106,Chaudhari et al. 2023,Digitized group means and SEM; working 8/8,-0.3407574489,-0.34075744886269554,3.730443731697619e-11,0.2541469871,0.25414698710555045,5.550448989311008e-12,1e-07,True,"Agreement verifies arithmetic of supplied values, not original extraction or scientific validity"
EEG-R107,107,Chaudhari et al. 2023,Digitized group means and SEM; working 8/8,2.472108977,2.472108976514628,4.853721868869343e-10,0.4682615283,0.46826152827729284,2.2707169478053402e-11,1e-07,True,"Agreement verifies arithmetic of supplied values, not original extraction or scientific validity"
EEG-R108,108,Chaudhari et al. 2023,Digitized group means and SEM; working 8/8,1.452636601,1.4526366014204928,4.2049275172928446e-10,0.3253626106,0.32536261056380283,3.619715638336629e-11,1e-07,True,"Agreement verifies arithmetic of supplied values, not original extraction or scientific validity"
EEG-R109,109,Chaudhari et al. 2023,Digitized group means and SEM; working 8/8,-0.5970373135,-0.5970373135064576,6.457612222732223e-12,0.2627304841,0.26273048406139315,3.860683994716396e-11,1e-07,True,"Agreement verifies arithmetic of supplied values, not original extraction or scientific validity"
EEG-R110,110,Chaudhari et al. 2023,Digitized group means and SEM; working 8/8,0.4751437461,0.4751437461220942,2.2094215346157853e-11,0.2580629136,0.2580629135528192,4.718081481058789e-11,1e-07,True,"Agreement verifies arithmetic of supplied values, not original extraction or scientific validity"
EEG-R111,111,Chaudhari et al. 2023,Digitized group means and SEM; working 8/8,-1.505781341,-1.5057813409095233,9.047673721340743e-11,0.330977766,0.3309777659511172,4.8882786707338255e-11,1e-07,True,"Agreement verifies arithmetic of supplied values, not original extraction or scientific validity"
EEG-R112,112,Chaudhari et al. 2023,Digitized group means and SEM; working 8/8,1.347961114,1.3479611144032104,4.032103539941545e-10,0.3148928274,0.3148928273551123,4.488770466437586e-11,1e-07,True,"Agreement verifies arithmetic of supplied values, not original extraction or scientific validity"
EEG-R113,113,Chaudhari et al. 2023,Digitized group means and SEM; working 8/8,1.271628835,1.27162883471294,2.8705993138089525e-10,0.3077514248,0.3077514247597639,4.023609223580138e-11,1e-07,True,"Agreement verifies arithmetic of supplied values, not original extraction or scientific validity"
EEG-R114,114,Chaudhari et al. 2023,Digitized group means and SEM; working 8/8,2.299925993,2.299925993376014,3.760138866937268e-10,0.4389164134,0.43891641339309445,6.9055317020172424e-12,1e-07,True,"Agreement verifies arithmetic of supplied values, not original extraction or scientific validity"
EEG-R115,115,Chaudhari et al. 2023,Digitized group means and SEM; working 8/8,0.3116367043,0.31163670433287755,3.287753402858584e-11,0.2534684798,0.25346847983883775,3.8837766336285995e-11,1e-07,True,"Agreement verifies arithmetic of supplied values, not original extraction or scientific validity"
EEG-R116,116,Chaudhari et al. 2023,Digitized group means and SEM; working 8/8,0.5925718096,0.5925718096446969,4.469691283759403e-11,0.2625407625,0.2625407624851997,1.480032763012673e-11,1e-07,True,"Agreement verifies arithmetic of supplied values, not original extraction or scientific validity"
EEG-R117,117,Chaudhari et al. 2023,Digitized group means and SEM; working 8/8,-1.586738063,-1.5867380625296035,4.703966105523705e-10,0.3399192028,0.3399192028242929,2.4292901024125513e-11,1e-07,True,"Agreement verifies arithmetic of supplied values, not original extraction or scientific validity"
EEG-R118,118,Chaudhari et al. 2023,Digitized group means and SEM; working 8/8,-0.9467002042,-0.9467002041574187,4.258127184186833e-11,0.282008617,0.28200861701970353,1.9703516596081272e-11,1e-07,True,"Agreement verifies arithmetic of supplied values, not original extraction or scientific validity"
EEG-R119,119,Chaudhari et al. 2023,Digitized group means and SEM; working 8/8,0.7223555568,0.7223555568007064,7.064349105689871e-13,0.2686356268,0.26863562680145925,1.4592216324160745e-12,1e-07,True,"Agreement verifies arithmetic of supplied values, not original extraction or scientific validity"
EEG-R120,120,Chaudhari et al. 2023,Digitized group means and SEM; working 8/8,-0.6426865925,-0.6426865925148486,1.4848566820546694e-11,0.2647516449,0.2647516448642267,3.577332874371564e-11,1e-07,True,"Agreement verifies arithmetic of supplied values, not original extraction or scientific validity"
EEG-R121,121,Chaudhari et al. 2023,Digitized group means and SEM; working 8/8,-0.72401409,-0.724014090006509,6.508904526469905e-12,0.2687213001,0.26872130009028405,9.715950266553364e-12,1e-07,True,"Agreement verifies arithmetic of supplied values, not original extraction or scientific validity"
EEG-R122,122,Chaudhari et al. 2023,Digitized group means and SEM; working 8/8,0.05036111299,0.050361112990743515,7.435163595914673e-13,0.2500905801,0.2500905800607738,3.922623337260234e-11,1e-07,True,"Agreement verifies arithmetic of supplied values, not original extraction or scientific validity"
EEG-R123,123,Chaudhari et al. 2023,Digitized group means and SEM; working 8/8,-0.7934754499,-0.793475449915614,1.561406559602574e-11,0.2724858318,0.2724858317720995,2.7900515231493728e-11,1e-07,True,"Agreement verifies arithmetic of supplied values, not original extraction or scientific validity"
EEG-R124,124,Chaudhari et al. 2023,Digitized group means and SEM; working 8/8,0.0,0.0,0.0,0.25,0.25,0.0,1e-07,True,"Agreement verifies arithmetic of supplied values, not original extraction or scientific validity"
EEG-R125,125,Chaudhari et al. 2023,Digitized group means and SEM; working 8/8,1.411923439,1.4119234386988462,3.0115376858930176e-10,0.3211974213,0.3211974213123991,1.239908176131621e-11,1e-07,True,"Agreement verifies arithmetic of supplied values, not original extraction or scientific validity"
EEG-R126,126,Chaudhari et al. 2023,Digitized group means and SEM; working 8/8,2.01323161,2.013231609573956,4.2604408889701517e-10,0.3947536255,0.3947536254924193,7.5806583232918e-12,1e-07,True,"Agreement verifies arithmetic of supplied values, not original extraction or scientific validity"
EEG-R127,127,Chaudhari et al. 2023,Digitized group means and SEM; working 8/8,0.2543926203,0.25439262027496906,2.5030921779745086e-11,0.2523112716,0.25231127161608446,1.6084467091559418e-11,1e-07,True,"Agreement verifies arithmetic of supplied values, not original extraction or scientific validity"
EEG-R128,128,Chaudhari et al. 2023,Digitized group means and SEM; working 8/8,0.5771918647,0.5771918646732791,2.6720847756678268e-11,0.2618982303,0.2618982303087506,8.75061134664179e-12,1e-07,True,"Agreement verifies arithmetic of supplied values, not original extraction or scientific validity"
EEG-R129,129,Chaudhari et al. 2023,Digitized group means and SEM; working 8/8,-1.561121277,-1.5611212769524028,4.7597259467124786e-11,0.3370392729,0.3370392729054822,5.4821702732965605e-12,1e-07,True,"Agreement verifies arithmetic of supplied values, not original extraction or scientific validity"
EEG-R130,130,Chaudhari et al. 2023,Digitized group means and SEM; working 8/8,0.6237949134,0.6237949133962306,3.7694292132073315e-12,0.2638971462,0.2638971462135361,1.3536116671986065e-11,1e-07,True,"Agreement verifies arithmetic of supplied values, not original extraction or scientific validity"
EEG-R131,131,Chaudhari et al. 2023,Digitized group means and SEM; working 8/8,1.438045276,1.4380452759939635,6.036504629491901e-12,0.323856222,0.32385622199316266,6.837364008305258e-12,1e-07,True,"Agreement verifies arithmetic of supplied values, not original extraction or scientific validity"
EEG-R132,132,Chaudhari et al. 2023,Digitized group means and SEM; working 8/8,0.1836613267,0.18366132670028265,2.8266278206956486e-13,0.2512046958,0.251204695818761,1.8760992759325745e-11,1e-07,True,"Agreement verifies arithmetic of supplied values, not original extraction or scientific validity"
EEG-R133,133,Chaudhari et al. 2023,Digitized group means and SEM; working 8/8,-0.6884732337,-0.6884732337412298,4.1229797353992126e-11,0.2669284069,0.2669284069135038,1.3503753670818242e-11,1e-07,True,"Agreement verifies arithmetic of supplied values, not original extraction or scientific validity"
EEG-R134,134,Chaudhari et al. 2023,Digitized group means and SEM; working 8/8,0.5677455531,0.5677455531329129,3.291289463192015e-11,0.2615119648,0.2615119647536499,4.6350090432412117e-11,1e-07,True,"Agreement verifies arithmetic of supplied values, not original extraction or scientific validity"
EEG-R135,135,Chaudhari et al. 2023,Digitized group means and SEM; working 8/8,-0.7550897674,-0.7550897674158894,1.5889400906132778e-11,0.270362877,0.27036287703057793,3.0577929077679755e-11,1e-07,True,"Agreement verifies arithmetic of supplied values, not original extraction or scientific validity"
EEG-R136,136,Chaudhari et al. 2023,Digitized group means and SEM; working 8/8,-0.7684111418,-0.768411141750262,4.973799150320701e-11,0.271087703,0.2710877029559265,4.4073522609267e-11,1e-07,True,"Agreement verifies arithmetic of supplied values, not original extraction or scientific validity"
EEG-R137,137,Chaudhari et al. 2023,Digitized group means and SEM; working 8/8,1.678198987,1.6781989867429565,2.5704349759791967e-10,0.3505839943,0.3505839942537531,4.624689520227321e-11,1e-07,True,"Agreement verifies arithmetic of supplied values, not original extraction or scientific validity"
EEG-R138,138,Chaudhari et al. 2023,Digitized group means and SEM; working 8/8,1.856909299,1.8569092993651453,3.651452473718564e-10,0.3731468624,0.3731468623595984,4.040162648877299e-11,1e-07,True,"Agreement verifies arithmetic of supplied values, not original extraction or scientific validity"
EEG-R139,139,Chaudhari et al. 2023,Digitized group means and SEM; working 8/8,1.580226937,1.580226937337688,3.376880997052467e-10,0.3391827562,0.3391827561959875,4.0125125444490095e-12,1e-07,True,"Agreement verifies arithmetic of supplied values, not original extraction or scientific validity"
EEG-R140,140,Chaudhari et al. 2023,Digitized group means and SEM; working 8/8,0.9211728297,0.9211728296968003,3.1997737792721637e-12,0.2803056922,0.2803056922204146,2.0414614443353685e-11,1e-07,True,"Agreement verifies arithmetic of supplied values, not original extraction or scientific validity"
EEG-R141,141,Chaudhari et al. 2023,Digitized group means and SEM; working 8/8,-1.506413567,-1.506413566802036,1.979640895655166e-10,0.3310457798,0.3310457797944726,5.527411861550036e-12,1e-07,True,"Agreement verifies arithmetic of supplied values, not original extraction or scientific validity"
EEG-R142,142,Chaudhari et al. 2023,Digitized group means and SEM; working 8/8,0.2645918071,0.26459180710249613,2.4961144262647394e-12,0.2525003152,0.25250031515663446,4.336553338646354e-11,1e-07,True,"Agreement verifies arithmetic of supplied values, not original extraction or scientific validity"
EEG-R143,143,Chaudhari et al. 2023,Digitized group means and SEM; working 8/8,2.374731755,2.374731754932421,6.757883141972343e-11,0.4514053896,0.4514053895673006,3.2699398744284736e-11,1e-07,True,"Agreement verifies arithmetic of supplied values, not original extraction or scientific validity"
EEG-R144,144,Chaudhari et al. 2023,Digitized group means and SEM; working 8/8,0.486134919,0.48613491897969174,2.0308255077594595e-11,0.2584402557,0.25844025569469253,5.307476680371792e-12,1e-07,True,"Agreement verifies arithmetic of supplied values, not original extraction or scientific validity"
EEG-R145,145,Chaudhari et al. 2023,Digitized group means and SEM; working 8/8,0.6260567665,0.6260567664549895,4.501043981974817e-11,0.2639981098,0.2639981098151456,1.5145606990785154e-11,1e-07,True,"Agreement verifies arithmetic of supplied values, not original extraction or scientific validity"
EEG-R146,146,Chaudhari et al. 2023,Digitized group means and SEM; working 8/8,1.338084331,1.3380843311155908,1.1559087020884817e-10,0.3139453456,0.3139453456134664,1.3466394666039605e-11,1e-07,True,"Agreement verifies arithmetic of supplied values, not original extraction or scientific validity"
EEG-R147,147,Chaudhari et al. 2023,Digitized group means and SEM; working 8/8,0.257582621,0.25758262100672774,6.727729484623524e-12,0.2523696002,0.25236960023731053,3.731054354361163e-11,1e-07,True,"Agreement verifies arithmetic of supplied values, not original extraction or scientific validity"
EEG-R148,148,Chaudhari et al. 2023,Digitized group means and SEM; working 8/8,1.546945141,1.5469451411418476,1.4184764474123313e-10,0.3354656882,0.3354656882036561,3.656075442393103e-12,1e-07,True,"Agreement verifies arithmetic of supplied values, not original extraction or scientific validity"
EEG-R149,149,Chaudhari et al. 2023,Digitized group means and SEM; working 8/8,-0.1555497853,-0.15554978532688346,2.6883467674210237e-11,0.2508641334,0.2508641334184014,1.8401391521649657e-11,1e-07,True,"Agreement verifies arithmetic of supplied values, not original extraction or scientific validity"
EEG-R150,150,Chaudhari et al. 2023,Digitized group means and SEM; working 8/8,1.167224252,1.1672242515753704,4.246296647636427e-10,0.2986575876,0.2986575876237744,2.3774426871625565e-11,1e-07,True,"Agreement verifies arithmetic of supplied values, not original extraction or scientific validity"
EEG-R151,151,Chaudhari et al. 2023,Digitized group means and SEM; working 8/8,0.7943144993,0.7943144992574757,4.252431740070506e-11,0.2725334116,0.2725334115618091,3.819089489098815e-11,1e-07,True,"Agreement verifies arithmetic of supplied values, not original extraction or scientific validity"
EEG-R152,152,Chaudhari et al. 2023,Digitized group means and SEM; working 8/8,2.211168945,2.2111689451364382,1.3643841612065444e-10,0.424616718,0.4246167179977067,2.2932766796657233e-12,1e-07,True,"Agreement verifies arithmetic of supplied values, not original extraction or scientific validity"
EEG-R153,153,Wang et al. 2019,Digitized reported d; recorded independent working variance,1.4450393701,1.4450393700787403,2.1259660698547123e-11,0.1447817457,0.1447817457046679,4.667904951460855e-12,1e-07,True,"Agreement verifies arithmetic of supplied values, not original extraction or scientific validity"
EEG-R154,154,Wang et al. 2022,Rounded digitized sham-subtracted mean/SEM; paired dz,0.4337531624,0.4337251004508273,2.8061949172708545e-05,0.0240747948,0.024074518161220058,2.7663877994257846e-07,0.0005,True,"Agreement verifies arithmetic of supplied values, not original extraction or scientific validity"
EEG-R155,155,Wang et al. 2022,Rounded digitized sham-subtracted mean/SEM; paired dz,0.4738473483,0.47383477273219166,1.2575567808370547e-05,0.0244883119,0.024488176446323322,1.35453676677888e-07,0.0005,True,"Agreement verifies arithmetic of supplied values, not original extraction or scientific validity"
EEG-R156,156,Wang et al. 2022,Rounded digitized sham-subtracted mean/SEM; paired dz,0.3361796312,0.3361627285102246,1.690268977538878e-05,0.0232211009,0.023220971766655954,1.2913334404562882e-07,0.0005,True,"Agreement verifies arithmetic of supplied values, not original extraction or scientific validity"
EEG-R157,157,Wang et al. 2022,Rounded digitized sham-subtracted mean/SEM; paired dz,0.199869999,0.1999004611437578,3.046214375782008e-05,0.0223907745,0.022390912838542863,1.3833854286410263e-07,0.0005,True,"Agreement verifies arithmetic of supplied values, not original extraction or scientific validity"
EEG-R158,158,Wang et al. 2022,Rounded digitized sham-subtracted mean/SEM; paired dz,0.3143725096,0.31440997284812466,3.74632481246473e-05,0.0230598888,0.023060156436961857,2.676369618564989e-07,0.0005,True,"Agreement verifies arithmetic of supplied values, not original extraction or scientific validity"
EEG-R159,159,Wang et al. 2022,Rounded digitized sham-subtracted mean/SEM; paired dz,0.2867832362,0.2868286525792642,4.541637926419595e-05,0.0228714177,0.022871713765530922,2.960655309212912e-07,0.0005,True,"Agreement verifies arithmetic of supplied values, not original extraction or scientific validity"
EEG-R160,160,Wang et al. 2022,Rounded digitized sham-subtracted mean/SEM; paired dz,0.2005442341,0.20055351389202347,9.279792023475508e-06,0.0223938423,0.022393884629099123,4.232909912166294e-08,0.0005,True,"Agreement verifies arithmetic of supplied values, not original extraction or scientific validity"
EEG-R161,161,Wang et al. 2022,Rounded digitized sham-subtracted mean/SEM; paired dz,0.223554793,0.22355428268157673,5.10318423269096e-07,0.0225047373,0.022504734690131357,2.6098686441156094e-09,0.0005,True,"Agreement verifies arithmetic of supplied values, not original extraction or scientific validity"
EEG-R162,162,Wang et al. 2022,Rounded digitized sham-subtracted mean/SEM; paired dz,0.2910550148,0.29102361609247457,3.139870752544294e-05,0.0228994677,0.02289926000624801,2.0769375198848028e-07,0.0005,True,"Agreement verifies arithmetic of supplied values, not original extraction or scientific validity"
EEG-R163,163,Wang et al. 2022,Rounded digitized sham-subtracted mean/SEM; paired dz,0.4419939157,0.44204048000659446,4.656430659444322e-05,0.0241568041,0.024157271833985743,4.677339857442342e-07,0.0005,True,"Agreement verifies arithmetic of supplied values, not original extraction or scientific validity"
EEG-R164,164,Wang et al. 2022,Rounded digitized sham-subtracted mean/SEM; paired dz,0.5768169711,0.576901095234872,8.41241348720212e-05,0.025717704,0.02571880692169863,1.1029216986299661e-06,0.0005,True,"Agreement verifies arithmetic of supplied values, not original extraction or scientific validity"
EEG-R165,165,Wang et al. 2022,Rounded digitized sham-subtracted mean/SEM; paired dz,0.3348877751,0.3348291270180069,5.8648081993128987e-05,0.0232112495,0.0232108031787037,4.4632129629976203e-07,0.0005,True,"Agreement verifies arithmetic of supplied values, not original extraction or scientific validity"
EEG-R166,166,Wang et al. 2022,Rounded digitized sham-subtracted mean/SEM; paired dz,0.1888413158,0.18887288898592933,3.1573185929334446e-05,0.0223420588,0.022342194359320184,1.3555932018224914e-07,0.0005,True,"Agreement verifies arithmetic of supplied values, not original extraction or scientific validity"
EEG-R167,167,Wang et al. 2022,Rounded digitized sham-subtracted mean/SEM; paired dz,0.2996187094,0.299657747369038,3.903796903798051e-05,0.0229569489,0.022957214783915582,2.658839155823822e-07,0.0005,True,"Agreement verifies arithmetic of supplied values, not original extraction or scientific validity"
EEG-R168,168,Wang et al. 2022,Rounded digitized sham-subtracted mean/SEM; paired dz,0.0759068034,0.07590589631839863,9.070816013728722e-07,0.0220022952,0.02200229364229755,1.557702449667131e-09,0.0005,True,"Agreement verifies arithmetic of supplied values, not original extraction or scientific validity"
EEG-R169,169,Wang et al. 2022,Rounded digitized sham-subtracted mean/SEM; paired dz,0.2312485221,0.23126654520568643,1.8023105686437724e-05,0.0225445002,0.022544594890427937,9.469042793613935e-08,0.0005,True,"Agreement verifies arithmetic of supplied values, not original extraction or scientific validity"
EEG-R170,170,Wang et al. 2022,Rounded digitized sham-subtracted mean/SEM; paired dz,0.439871338,0.4398729183357208,1.5803357207855306e-06,0.0241355333,0.024135549087630322,1.5787630321117962e-08,0.0005,True,"Agreement verifies arithmetic of supplied values, not original extraction or scientific validity"
EEG-R171,171,Wang et al. 2022,Rounded digitized sham-subtracted mean/SEM; paired dz,0.3312148913,0.33125143984742694,3.654854742696223e-05,0.0231834482,0.023183723316219075,2.75116219073529e-07,0.0005,True,"Agreement verifies arithmetic of supplied values, not original extraction or scientific validity"
EEG-R172,172,Wang et al. 2022,Rounded digitized sham-subtracted mean/SEM; paired dz,0.0478806582,0.047893924645318546,1.3266445318543818e-05,0.0219628715,0.021962885948229732,1.4448229730679163e-08,0.0005,True,"Agreement verifies arithmetic of supplied values, not original extraction or scientific validity"
EEG-R173,173,Wang et al. 2022,Rounded digitized sham-subtracted mean/SEM; paired dz,0.2395580566,0.2395503096982149,7.746901785121718e-06,0.0225889568,0.022588914617077224,4.218292277632929e-08,0.0005,True,"Agreement verifies arithmetic of supplied values, not original extraction or scientific validity"
EEG-R174,174,Wang et al. 2022,Rounded digitized sham-subtracted mean/SEM; paired dz,0.231027586,0.23098591925521028,4.166674478972565e-05,0.0225433396,0.02254312079909613,2.1880090387074724e-07,0.0005,True,"Agreement verifies arithmetic of supplied values, not original extraction or scientific validity"
EEG-R175,175,Wang et al. 2022,Rounded digitized sham-subtracted mean/SEM; paired dz,0.4940275909,0.49400836650436314,1.9224395636840974e-05,0.0247102659,0.024710050018211294,2.1588178870587948e-07,0.0005,True,"Agreement verifies arithmetic of supplied values, not original extraction or scientific validity"
EEG-R176,176,Wang et al. 2022,Rounded digitized sham-subtracted mean/SEM; paired dz,0.3654993209,0.3655242444807153,2.4923580715319194e-05,0.0234548851,0.02345509214465321,2.0704465321028098e-07,0.0005,True,"Agreement verifies arithmetic of supplied values, not original extraction or scientific validity"
EEG-R177,177,Wang et al. 2022,Rounded digitized sham-subtracted mean/SEM; paired dz,0.313761113,0.31371387476873147,4.7238231268509345e-05,0.0230555247,0.023055187848280638,3.368517193617915e-07,0.0005,True,"Agreement verifies arithmetic of supplied values, not original extraction or scientific validity"
EEG-R178,178,Wang et al. 2022,Rounded digitized sham-subtracted mean/SEM; paired dz,0.2221662539,0.22212839325627265,3.7860643727349874e-05,0.0224977043,0.02249751316496475,1.9113503525042264e-07,0.0005,True,"Agreement verifies arithmetic of supplied values, not original extraction or scientific validity"
EEG-R179,179,Wang et al. 2022,Rounded digitized sham-subtracted mean/SEM; paired dz,0.302119891,0.3020782918091109,4.159919088908559e-05,0.0229740519,0.022973766247824944,2.856521750561891e-07,0.0005,True,"Agreement verifies arithmetic of supplied values, not original extraction or scientific validity"
EEG-R180,180,Wang et al. 2022,Rounded digitized sham-subtracted mean/SEM; paired dz,0.1716478292,0.17163710134890206,1.0727851097930285e-05,0.0222716263,0.022271584431656114,4.186834388561489e-08,0.0005,True,"Agreement verifies arithmetic of supplied values, not original extraction or scientific validity"
EEG-R181,181,Wang et al. 2022,Rounded digitized sham-subtracted mean/SEM; paired dz,0.1110831269,0.1110652822706743,1.7844629325691752e-05,0.0220770409,0.022076995822183518,4.507781648302456e-08,0.0005,True,"Agreement verifies arithmetic of supplied values, not original extraction or scientific validity"
EEG-R182,182,Wang et al. 2022,Rounded digitized sham-subtracted mean/SEM; paired dz,0.1982774094,0.1982864719299442,9.062529944203757e-06,0.0223835689,0.022383609777008064,4.087700806315597e-08,0.0005,True,"Agreement verifies arithmetic of supplied values, not original extraction or scientific validity"
EEG-R183,183,Wang et al. 2022,Rounded digitized sham-subtracted mean/SEM; paired dz,0.2414206626,0.2414131147821051,7.547817894915099e-06,0.0225991372,0.022599095766080483,4.143391951760833e-08,0.0005,True,"Agreement verifies arithmetic of supplied values, not original extraction or scientific validity"
EEG-R184,184,Wang et al. 2022,Rounded digitized sham-subtracted mean/SEM; paired dz,0.1178715403,0.11785007229548698,2.1468004513011674e-05,0.0220947027,0.022094645170072005,5.7529927995070285e-08,0.0005,True,"Agreement verifies arithmetic of supplied values, not original extraction or scientific validity"
EEG-R185,185,Wang et al. 2022,Rounded digitized sham-subtracted mean/SEM; paired dz,0.1539713366,0.15396885757410808,2.479025891927167e-06,0.0222062194,0.022206210733283646,8.666716354993609e-09,0.0005,True,"Agreement verifies arithmetic of supplied values, not original extraction or scientific validity"
EEG-R186,186,Wang et al. 2022,Rounded digitized sham-subtracted mean/SEM; paired dz,0.1134806045,0.11346392718889511,1.6677311104884573e-05,0.0220831589,0.022083115888629677,4.301137032300395e-08,0.0005,True,"Agreement verifies arithmetic of supplied values, not original extraction or scientific validity"
EEG-R187,187,Wang et al. 2022,Rounded digitized sham-subtracted mean/SEM; paired dz,-0.2221662539,-0.2221882092560506,2.1955356050595842e-05,0.0224977043,0.022497815179076085,1.1087907608384184e-07,0.0005,True,"Agreement verifies arithmetic of supplied values, not original extraction or scientific validity"
EEG-R188,188,Wang et al. 2022,Rounded digitized sham-subtracted mean/SEM; paired dz,-0.2089868999,-0.20896183920754038,2.5060692459610845e-05,0.0224331325,0.022433013473537305,1.1902646269643102e-07,0.0005,True,"Agreement verifies arithmetic of supplied values, not original extraction or scientific validity"
EEG-R189,189,Wang et al. 2022,Rounded digitized sham-subtracted mean/SEM; paired dz,-0.2353735896,-0.23538449222664592,1.0902626645936664e-05,0.0225663734,0.022566431756898646,5.8356898646749755e-08,0.0005,True,"Agreement verifies arithmetic of supplied values, not original extraction or scientific validity"
EEG-R190,190,Wang et al. 2022,Rounded digitized sham-subtracted mean/SEM; paired dz,-0.2381931727,-0.2382252903702225,3.2117670222486794e-05,0.0225815469,0.022581720731798427,1.7383179842789254e-07,0.0005,True,"Agreement verifies arithmetic of supplied values, not original extraction or scientific validity"
EEG-R191,191,Wang et al. 2022,Rounded digitized sham-subtracted mean/SEM; paired dz,-0.2875485148,-0.2875468487851244,1.6660148756120208e-06,0.0228764123,0.022876401428097045,1.0871902954290302e-08,0.0005,True,"Agreement verifies arithmetic of supplied values, not original extraction or scientific validity"
EEG-R192,192,Wang et al. 2022,Rounded digitized sham-subtracted mean/SEM; paired dz,-0.2544362126,-0.2544345234483586,1.6891516413930496e-06,0.0226724764,0.02267246661532589,9.7846741091423e-09,0.0005,True,"Agreement verifies arithmetic of supplied values, not original extraction or scientific validity"
EEG-R193,193,Wang et al. 2022,Rounded digitized sham-subtracted mean/SEM; paired dz,-0.0678191722,-0.06780883363932319,1.0338560676809161e-05,0.0219890861,0.021989070151656933,1.594834306631321e-08,0.0005,True,"Agreement verifies arithmetic of supplied values, not original extraction or scientific validity"
EEG-R194,194,Wang et al. 2022,Rounded digitized sham-subtracted mean/SEM; paired dz,0.0641813622,0.06419202536474283,1.066316474283846e-05,0.0219836293,0.021983644903939916,1.56039399144825e-08,0.0005,True,"Agreement verifies arithmetic of supplied values, not original extraction or scientific validity"
EEG-R195,195,Wang et al. 2022,Rounded digitized sham-subtracted mean/SEM; paired dz,-0.0060931673,-0.006094512866139971,1.3455661399715269e-06,0.0219372416,0.021937241801288185,2.012881840374181e-10,0.0005,True,"Agreement verifies arithmetic of supplied values, not original extraction or scientific validity"
EEG-R196,196,Wang et al. 2022,Rounded digitized sham-subtracted mean/SEM; paired dz,-0.2970354677,-0.2970420032750834,6.535575083399525e-06,0.0229394341,0.02293947826290863,4.4162908632155995e-08,0.0005,True,"Agreement verifies arithmetic of supplied values, not original extraction or scientific validity"
EEG-R197,197,Wang et al. 2022,Rounded digitized sham-subtracted mean/SEM; paired dz,-0.3313979954,-0.3313987729662828,7.775662828057861e-07,0.0231848269,0.023184832751702758,5.8517027577698055e-09,0.0005,True,"Agreement verifies arithmetic of supplied values, not original extraction or scientific validity"
EEG-R198,198,Wang et al. 2022,Rounded digitized sham-subtracted mean/SEM; paired dz,-0.3067357127,-0.306703928880881,3.17838191190023e-05,0.0230059879,0.0230057663115597,2.2158844030159552e-07,0.0005,True,"Agreement verifies arithmetic of supplied values, not original extraction or scientific validity"
EEG-R199,199,Wang et al. 2022,Rounded digitized sham-subtracted mean/SEM; paired dz,-0.2984657754,-0.2984457846986659,1.999070133412717e-05,0.0229491131,0.022948977520803267,1.355791967340425e-07,0.0005,True,"Agreement verifies arithmetic of supplied values, not original extraction or scientific validity"
EEG-R200,200,Wang et al. 2022,Rounded digitized sham-subtracted mean/SEM; paired dz,-0.3531402989,-0.35309721985844594,4.307904155403941e-05,0.0233539569,0.023353611160205096,3.457397949047092e-07,0.0005,True,"Agreement verifies arithmetic of supplied values, not original extraction or scientific validity"
EEG-R201,201,Wang et al. 2022,Rounded digitized sham-subtracted mean/SEM; paired dz,-0.280710064,-0.2807120236283869,1.959628386893897e-06,0.0228322531,0.02283226563222533,1.2532225326933322e-08,0.0005,True,"Agreement verifies arithmetic of supplied values, not original extraction or scientific validity"
EEG-R202,202,Wang et al. 2022,Rounded digitized sham-subtracted mean/SEM; paired dz,-0.0961615129,-0.0961411443475925,2.036855240750146e-05,0.0220418997,0.022041855171167607,4.452883239219885e-08,0.0005,True,"Agreement verifies arithmetic of supplied values, not original extraction or scientific validity"
EEG-R203,203,Wang et al. 2022,Rounded digitized sham-subtracted mean/SEM; paired dz,-0.0776243538,-0.07760756005472022,1.679374527978339e-05,0.0220052918,0.022005262145499225,2.9654500775105896e-08,0.0005,True,"Agreement verifies arithmetic of supplied values, not original extraction or scientific validity"
EEG-R204,204,Wang et al. 2022,Rounded digitized sham-subtracted mean/SEM; paired dz,-0.0310768272,-0.03109527676089779,1.8449560897790263e-05,0.0219477944,0.021947807405262747,1.3005262745197088e-08,0.0005,True,"Agreement verifies arithmetic of supplied values, not original extraction or scientific validity"
EEG-R205,205,Wang et al. 2022,Rounded digitized sham-subtracted mean/SEM; paired dz,-0.1663483642,-0.16635657554852304,8.21134852305172e-06,0.0222512717,0.022251302791528597,3.109152859823161e-08,0.0005,True,"Agreement verifies arithmetic of supplied values, not original extraction or scientific validity"
EEG-R206,206,Wang et al. 2022,Rounded digitized sham-subtracted mean/SEM; paired dz,-0.1610144315,-0.1610047918675335,9.639632466501569e-06,0.0222314293,0.022231394073074916,3.5226925085285465e-08,0.0005,True,"Agreement verifies arithmetic of supplied values, not original extraction or scientific validity"
EEG-R207,207,Wang et al. 2022,Rounded digitized sham-subtracted mean/SEM; paired dz,-0.1295207927,-0.12952594414834112,5.151448341123022e-06,0.0221274519,0.02212746710947505,1.520947504746184e-08,0.0005,True,"Agreement verifies arithmetic of supplied values, not original extraction or scientific validity"
EEG-R208,208,Wang et al. 2022,Rounded digitized sham-subtracted mean/SEM; paired dz,-0.1471734256,-0.14716595021725593,7.475382744065451e-06,0.0221829563,0.0221829312764731,2.502352689989773e-08,0.0005,True,"Agreement verifies arithmetic of supplied values, not original extraction or scientific validity"
EEG-R209,209,Wang et al. 2022,Rounded digitized sham-subtracted mean/SEM; paired dz,-0.1969070416,-0.19692173263519555,1.4691035195552038e-05,0.022377415,0.022377480729662867,6.572966286533255e-08,0.0005,True,"Agreement verifies arithmetic of supplied values, not original extraction or scientific validity"
EEG-R210,210,Wang et al. 2022,Rounded digitized sham-subtracted mean/SEM; paired dz,-0.2694356696,-0.2694584806007794,2.2811000779443535e-05,0.0227617695,0.022761909184022336,1.39684022334996e-07,0.0005,True,"Agreement verifies arithmetic of supplied values, not original extraction or scientific validity"
EEG-R211,211,Wang et al. 2022,Rounded digitized sham-subtracted mean/SEM; paired dz,-0.386146108,-0.38611183363078694,3.427436921304983e-05,0.0236312381,0.0236309373124547,3.007875453014952e-07,0.0005,True,"Agreement verifies arithmetic of supplied values, not original extraction or scientific validity"
EEG-R212,212,Wang et al. 2022,Rounded digitized sham-subtracted mean/SEM; paired dz,-0.3539160091,-0.35389506798508563,2.0941114914352355e-05,0.0233601895,0.02336002107466424,1.684253357579768e-07,0.0005,True,"Agreement verifies arithmetic of supplied values, not original extraction or scientific validity"
EEG-R213,213,Wang et al. 2022,Rounded digitized sham-subtracted mean/SEM; paired dz,-0.3726095439,-0.37259866841144884,1.0875488551165269e-05,0.0235145228,0.0235144307173667,9.208263329965605e-08,0.0005,True,"Agreement verifies arithmetic of supplied values, not original extraction or scientific validity"
EEG-R214,214,Wang et al. 2022,Rounded digitized sham-subtracted mean/SEM; paired dz,-0.2145924043,-0.21461650338506835,2.409908506834091e-05,0.022460114,0.02246023157899452,1.1757899451986242e-07,0.0005,True,"Agreement verifies arithmetic of supplied values, not original extraction or scientific validity"
EEG-R215,215,Wang et al. 2022,Rounded digitized sham-subtracted mean/SEM; paired dz,-0.3500166453,-0.3500289370359935,1.2291735993541497e-05,0.0233289976,0.023329095365782187,9.77657821851774e-08,0.0005,True,"Agreement verifies arithmetic of supplied values, not original extraction or scientific validity"
EEG-R216,216,Wang et al. 2022,Rounded digitized sham-subtracted mean/SEM; paired dz,-0.2057094944,-0.20573524615754465,2.5751757544656417e-05,0.0224176879,0.02241780826065671,1.203606567086457e-07,0.0005,True,"Agreement verifies arithmetic of supplied values, not original extraction or scientific validity"
EEG-R217,217,Wang et al. 2022,Rounded digitized sham-subtracted mean/SEM; paired dz,-0.2819541143,-0.2819756353923235,2.152109232350652e-05,0.0228402075,0.022840345390695335,1.378906953342085e-07,0.0005,True,"Agreement verifies arithmetic of supplied values, not original extraction or scientific validity"
EEG-R218,218,Wang et al. 2022,Rounded digitized sham-subtracted mean/SEM; paired dz,-0.38479776,-0.38482957107661675,3.181107661676119e-05,0.0236194256,0.023619703797742017,2.7819774201659486e-07,0.0005,True,"Agreement verifies arithmetic of supplied values, not original extraction or scientific validity"
EEG-R219,219,Wang et al. 2022,Rounded digitized sham-subtracted mean/SEM; paired dz,-0.2874473332,-0.2874478781691411,5.449691410919222e-07,0.0228757512,0.0228757547510253,3.5510253001969083e-09,0.0005,True,"Agreement verifies arithmetic of supplied values, not original extraction or scientific validity"
EEG-R220,220,Bastola et al. 2026,Author-defined d_av per extraction; original email not retrieved,0.6585263158,0.6585263157894737,1.0526246541076034e-11,0.0845172595,0.0845172594644506,3.5549396759648744e-11,1e-07,True,"Agreement verifies arithmetic of supplied values, not original extraction or scientific validity"
EEG-R221,221,Bastola et al. 2026,Author-defined d_av per extraction; original email not retrieved,0.7166315789,0.7166315789473684,4.736844250174954e-11,0.0853495919,0.0853495918744229,2.557709599670943e-11,1e-07,True,"Agreement verifies arithmetic of supplied values, not original extraction or scientific validity"
EEG-R222,222,Bastola et al. 2026,Author-defined d_av per extraction; original email not retrieved,0.7941052632,0.7941052631578946,4.2105319231211524e-11,0.086568783,0.08656878301015697,1.01569724852979e-11,1e-07,True,"Agreement verifies arithmetic of supplied values, not original extraction or scientific validity"
EEG-R223,223,Bastola et al. 2026,Author-defined d_av per extraction; original email not retrieved,0.4454736842,0.44547368421052636,1.0526357563378497e-11,0.0820671542,0.08206715420129271,1.2927020565101088e-12,1e-07,True,"Agreement verifies arithmetic of supplied values, not original extraction or scientific validity"
EEG-R224,224,Bastola et al. 2026,Author-defined d_av per extraction; original email not retrieved,0.5616842105,0.5616842105263158,2.631583839729501e-11,0.0832863453,0.08328634533702678,3.702678441630525e-11,1e-07,True,"Agreement verifies arithmetic of supplied values, not original extraction or scientific validity"
