cluster_id,study,source_effect_rows,available_effect_rows,independent_experiments,families,state,timing,status,note
CHAUDHARI-2023,Chaudhari et al. 2023,120,120,1,source network power,rest/task combined by source analysis,repeated treatment TP1; repeated treatment TP2,Available study-level estimate; source/working assumptions retained,Multiple effects are dependent; no overall EEG mean is defined
GHADERI-2021,Ghaderi et al. 2021,8,8,1,graph Shannon entropy; graph clustering coefficient; graph global efficiency; graph graph energy; graph local efficiency,rest; eye state not verified,immediate post,Available study-level estimate; source/working assumptions retained,Multiple effects are dependent; no overall EEG mean is defined
HE-2026,He et al. 2026,1,1,1,microstate C mean duration,eyes closed,immediate post,Available study-level estimate; source/working assumptions retained,Multiple effects are dependent; no overall EEG mean is defined
MEHDIZADEH-2025,Mehdizadeh et al. 2025,1,1,1,scalp spectral power,not verified in this snapshot,1-week post,Available study-level estimate; source/working assumptions retained,Multiple effects are dependent; no overall EEG mean is defined
SPERA-2021,Spera et al. 2021,3,3,1,scalp spectral power,eyes closed; eyes open,immediate post,Available study-level estimate; source/working assumptions retained,Multiple effects are dependent; no overall EEG mean is defined
UTA-1064-EEG-49,Wang et al. 2022,66,66,1,source network power,eyes closed,during 0-4 min; during 4-8 min; recovery,Available study-level estimate; source/working assumptions retained,Multiple effects are dependent; no overall EEG mean is defined
UTSW-1064-MEGEEG-25,Bastola et al. 2026,5,5,1,directional PTE,eyes open,immediate post,Available study-level estimate; source/working assumptions retained,Multiple effects are dependent; no overall EEG mean is defined
WANG-2019,Wang et al. 2019,2,2,1,scalp spectral power,eyes open,during T8,Available study-level estimate; source/working assumptions retained,Multiple effects are dependent; no overall EEG mean is defined
ZHAO-C-2022,Zhao C et al. — visual WM/CDA (Sci Adv) 2022,1,1,2,CDA amplitude set-size contrast,task visual working memory,task endpoint,Available study-level estimate; source/working assumptions retained,Multiple effects are dependent; no overall EEG mean is defined
ZOMORRODI-2019,Zomorrodi et al. 2019,5,0,1,scalp spectral power,eyes closed,immediate post,QUARANTINED: source design/statistic conflict,Multiple effects are dependent; no overall EEG mean is defined
