"effect_id","study","band","metric","timing","scenario","reference_g","reference_vi","sensitivity_g","sensitivity_vi","change_in_g","raw_mean_difference","raw_mean_difference_variance","note","ci_low","ci_high"
"EEG-R023","Chaudhari et al. 2023","delta","Delta / network 1","repeated treatment TP1","7 active / 9 sham instead of 8/8",1.05689324,0.28989369,0.976643761041071,0.288033719538984,-0.0802494789589289,0.17620253164557,0.00621131228969716,"Reconvert digitized SEM to SD using 7/9; no pooled inference; matched longitudinal n remains uncertain",-0.0752448607152288,2.02853238279737
"EEG-R034","Chaudhari et al. 2023","delta","Delta N2 [CHA-NP-TP1-DELTA-N02]","repeated treatment TP1","7 active / 9 sham instead of 8/8",2.253087672,0.4313001449,2.31445156666942,0.445278470198916,0.061363894669423,0.309873417721519,0.0042270149014581,"Reconvert digitized SEM to SD using 7/9; no pooled inference; matched longitudinal n remains uncertain",1.00658348960247,3.62231964373638
"EEG-R035","Chaudhari et al. 2023","delta","Delta N3 [CHA-NP-TP1-DELTA-N03]","repeated treatment TP1","7 active / 9 sham instead of 8/8",2.589408969,0.4894656717,2.48068708843652,0.473747126494527,-0.108721880563485,0.52253164556962,0.00910008011536613,"Reconvert digitized SEM to SD using 7/9; no pooled inference; matched longitudinal n remains uncertain",1.13165777895103,3.829716397922
"EEG-R036","Chaudhari et al. 2023","delta","Delta N4 [CHA-NP-TP1-DELTA-N04]","repeated treatment TP1","7 active / 9 sham instead of 8/8",0.9479507994,0.2820932399,0.944125352409482,0.285802992577623,-0.00382544699051823,0.236962025316456,0.0139639160390963,"Reconvert digitized SEM to SD using 7/9; no pooled inference; matched longitudinal n remains uncertain",-0.103682085442572,1.99193279026154
"EEG-R037","Chaudhari et al. 2023","delta","Delta N5 [CHA-NP-TP1-DELTA-N05]","repeated treatment TP1","7 active / 9 sham instead of 8/8",-0.07492054598,0.2502004674,-0.0707654941916113,0.254147102367118,0.00415505178838867,-0.0243037974683544,0.0235162313731774,"Reconvert digitized SEM to SD using 7/9; no pooled inference; matched longitudinal n remains uncertain",-1.05884222610165,0.917311237718424
"EEG-R038","Chaudhari et al. 2023","delta","Delta N6 [CHA-NP-TP1-DELTA-N06]","repeated treatment TP1","7 active / 9 sham instead of 8/8",1.188185492,0.3004208844,1.09303448063196,0.296636981677196,-0.0951510113680387,0.467848101265823,0.0346467553276718,"Reconvert digitized SEM to SD using 7/9; no pooled inference; matched longitudinal n remains uncertain",0.0255520452692306,2.16051691599469
"EEG-R039","Chaudhari et al. 2023","delta","Delta N7 [CHA-NP-TP1-DELTA-N07]","repeated treatment TP1","7 active / 9 sham instead of 8/8",-0.5048791053,0.2591036754,-0.506965308041993,0.263147319095329,-0.00208620274199256,-0.188354430379747,0.0311027078993751,"Reconvert digitized SEM to SD using 7/9; no pooled inference; matched longitudinal n remains uncertain",-1.51238541430642,0.498454798222431
"EEG-R040","Chaudhari et al. 2023","delta","Delta N8 [CHA-NP-TP1-DELTA-N08]","repeated treatment TP1","7 active / 9 sham instead of 8/8",-0.3285725646,0.2538557118,-0.333691438802696,0.25794503883719,-0.00511887420269613,-0.115443037974684,0.0275863483416119,"Reconvert digitized SEM to SD using 7/9; no pooled inference; matched longitudinal n remains uncertain",-1.32912362870586,0.66174075110047
"EEG-R041","Chaudhari et al. 2023","delta","Delta N9 [CHA-NP-TP1-DELTA-N09]","repeated treatment TP1","7 active / 9 sham instead of 8/8",1.656130522,0.3479560109,1.53705429014507,0.338344535784446,-0.119076231854929,0.595443037974684,0.0288876782566896,"Reconvert digitized SEM to SD using 7/9; no pooled inference; matched longitudinal n remains uncertain",0.396994378814611,2.67711420147553
"EEG-R042","Chaudhari et al. 2023","delta","Delta N10 [CHA-NP-TP1-DELTA-N10]","repeated treatment TP1","7 active / 9 sham instead of 8/8",1.846634869,0.3717878693,1.66360608402185,0.352810582639487,-0.183028784978147,0.637974683544304,0.0266726486140042,"Reconvert digitized SEM to SD using 7/9; no pooled inference; matched longitudinal n remains uncertain",0.49942941155556,2.82778275648815
"EEG-R043","Chaudhari et al. 2023","delta","Delta N11 [CHA-NP-TP1-DELTA-N11]","repeated treatment TP1","7 active / 9 sham instead of 8/8",1.530689344,0.3336789238,1.60811790046129,0.346326939031969,0.0774285564612893,0.455696202531646,0.0198060567216792,"Reconvert digitized SEM to SD using 7/9; no pooled inference; matched longitudinal n remains uncertain",0.454687939523759,2.76154786139882
"EEG-R044","Chaudhari et al. 2023","delta","Delta N12 [CHA-NP-TP1-DELTA-N12]","repeated treatment TP1","7 active / 9 sham instead of 8/8",-1.547352259,0.3355106791,-1.42267293526633,0.326253906851801,0.124679323733672,-0.431392405063291,0.0173695241147252,"Reconvert digitized SEM to SD using 7/9; no pooled inference; matched longitudinal n remains uncertain",-2.54217771339895,-0.303168157133707
"EEG-R045","Chaudhari et al. 2023","theta","Theta N1 [CHA-NP-TP1-THETA-N01]","repeated treatment TP1","7 active / 9 sham instead of 8/8",1.345938646,0.3146982442,1.2784937965771,0.312344910678472,-0.0674448494229039,0.253369272237197,0.0079191519968614,"Reconvert digitized SEM to SD using 7/9; no pooled inference; matched longitudinal n remains uncertain",0.183112533169357,2.37387505998484
"EEG-R046","Chaudhari et al. 2023","theta","Theta N2 [CHA-NP-TP1-THETA-N02]","repeated treatment TP1","7 active / 9 sham instead of 8/8",2.19522434,0.4221074965,2.23489247281289,0.432351981290959,0.0396681328128938,0.355795148247978,0.00587034386556331,"Reconvert digitized SEM to SD using 7/9; no pooled inference; matched longitudinal n remains uncertain",0.946147993804455,3.52363695182133
"EEG-R047","Chaudhari et al. 2023","theta","Theta N3 [CHA-NP-TP1-THETA-N03]","repeated treatment TP1","7 active / 9 sham instead of 8/8",3.634951534,0.7218883091,3.93810925544016,0.807850557817662,0.303157721440158,0.76010781671159,0.00977179764750329,"Reconvert digitized SEM to SD using 7/9; no pooled inference; matched longitudinal n remains uncertain",2.17648368480055,5.69973482607977
"EEG-R048","Chaudhari et al. 2023","theta","Theta N4 [CHA-NP-TP1-THETA-N04]","repeated treatment TP1","7 active / 9 sham instead of 8/8",1.319680505,0.3121984512,1.23486866439529,0.308428990336305,-0.0848118406047054,0.334231805929919,0.0143343916420253,"Reconvert digitized SEM to SD using 7/9; no pooled inference; matched longitudinal n remains uncertain",0.146375547519869,2.32336178127072
"EEG-R049","Chaudhari et al. 2023","theta","Theta N5 [CHA-NP-TP1-THETA-N05]","repeated treatment TP1","7 active / 9 sham instead of 8/8",1.079620546,0.2916278758,0.976906376483343,0.28805204212589,-0.102714169516657,0.30188679245283,0.0174729913325245,"Reconvert digitized SEM to SD using 7/9; no pooled inference; matched longitudinal n remains uncertain",-0.0750157014499307,2.02882845441662
"EEG-R050","Chaudhari et al. 2023","theta","Theta N6 [CHA-NP-TP1-THETA-N06]","repeated treatment TP1","7 active / 9 sham instead of 8/8",1.600286644,0.3414613337,1.43575532354192,0.327589445006789,-0.164531320458076,0.609164420485175,0.0323813398623957,"Reconvert digitized SEM to SD using 7/9; no pooled inference; matched longitudinal n remains uncertain",0.313961508668789,2.55754913841506
"EEG-R051","Chaudhari et al. 2023","theta","Theta N7 [CHA-NP-TP1-THETA-N07]","repeated treatment TP1","7 active / 9 sham instead of 8/8",-0.8127977099,0.2735942899,-0.883990023597457,0.281876766890391,-0.0711923136974573,-0.296495956873315,0.0297367790120676,"Reconvert digitized SEM to SD using 7/9; no pooled inference; matched longitudinal n remains uncertain",-1.92457543216315,0.156595384968237
"EEG-R052","Chaudhari et al. 2023","theta","Theta N8 [CHA-NP-TP1-THETA-N08]","repeated treatment TP1","7 active / 9 sham instead of 8/8",1.677709679,0.3505253489,1.77070892176853,0.365947185597921,0.0929992427685327,0.528301886792453,0.0221590950370892,"Reconvert digitized SEM to SD using 7/9; no pooled inference; matched longitudinal n remains uncertain",0.585056761974893,2.95636108156217
"EEG-R053","Chaudhari et al. 2023","theta","Theta N9 [CHA-NP-TP1-THETA-N09]","repeated treatment TP1","7 active / 9 sham instead of 8/8",1.847784097,0.3719395025,1.7688986583516,0.365718341951043,-0.0788854386484017,0.646900269541779,0.0273900945212546,"Reconvert digitized SEM to SD using 7/9; no pooled inference; matched longitudinal n remains uncertain",0.583617278012962,2.95418003869023
"EEG-R054","Chaudhari et al. 2023","theta","Theta N10 [CHA-NP-TP1-THETA-N10]","repeated treatment TP1","7 active / 9 sham instead of 8/8",2.466655645,0.4672996454,2.24859900213876,0.434546735126091,-0.218056642861238,0.932614555256065,0.0319454232387152,"Reconvert digitized SEM to SD using 7/9; no pooled inference; matched longitudinal n remains uncertain",0.956587628870727,3.5406103754068
"EEG-R055","Chaudhari et al. 2023","theta","Theta N11 [CHA-NP-TP1-THETA-N11]","repeated treatment TP1","7 active / 9 sham instead of 8/8",2.602514227,0.4918957251,2.82828335874394,0.539653495302108,0.225769131743944,0.803234501347709,0.0212872617897284,"Reconvert digitized SEM to SD using 7/9; no pooled inference; matched longitudinal n remains uncertain",1.38847202400363,4.26809469348426
"EEG-R056","Chaudhari et al. 2023","theta","Theta N12 [CHA-NP-TP1-THETA-N12]","repeated treatment TP1","7 active / 9 sham instead of 8/8",1.142176401,0.2965916761,1.08729321694961,0.296189916097705,-0.0548831840503909,0.31266846361186,0.0167464636263904,"Reconvert digitized SEM to SD using 7/9; no pooled inference; matched longitudinal n remains uncertain",0.0206154934575595,2.15397094044166
"EEG-R057","Chaudhari et al. 2023","alpha","Alpha N1 [CHA-NP-TP1-ALPHA-N01]","repeated treatment TP1","7 active / 9 sham instead of 8/8",0.3087232754,0.2534039307,0.283240092739354,0.25683343075879,-0.0254831826606458,0.0789873417721519,0.0146284249319019,"Reconvert digitized SEM to SD using 7/9; no pooled inference; matched longitudinal n remains uncertain",-0.710044885520906,1.27652507099961
"EEG-R058","Chaudhari et al. 2023","alpha","Alpha N2 [CHA-NP-TP1-ALPHA-N02]","repeated treatment TP1","7 active / 9 sham instead of 8/8",2.891030919,0.5485021347,2.84819037709515,0.543689269117446,-0.0428405419048543,0.56506329113924,0.0085370934145169,"Reconvert digitized SEM to SD using 7/9; no pooled inference; matched longitudinal n remains uncertain",1.40300528909847,4.29337546509182
"EEG-R059","Chaudhari et al. 2023","alpha","Alpha N3 [CHA-NP-TP1-ALPHA-N03]","repeated treatment TP1","7 active / 9 sham instead of 8/8",1.808268418,0.3667798097,1.77100034503507,0.365984047615195,-0.0372680729649286,0.534683544303797,0.0195384073065214,"Reconvert digitized SEM to SD using 7/9; no pooled inference; matched longitudinal n remains uncertain",0.585288471119351,2.95671221895079
"EEG-R060","Chaudhari et al. 2023","alpha","Alpha N4 [CHA-NP-TP1-ALPHA-N04]","repeated treatment TP1","7 active / 9 sham instead of 8/8",0.6375547628,0.2645170027,0.580514795990668,0.266003876409828,-0.0570399668093317,0.202025316455696,0.0224387117449127,"Reconvert digitized SEM to SD using 7/9; no pooled inference; matched longitudinal n remains uncertain",-0.430347676046633,1.59137726802797
"EEG-R061","Chaudhari et al. 2023","alpha","Alpha N5 [CHA-NP-TP1-ALPHA-N05]","repeated treatment TP1","7 active / 9 sham instead of 8/8",0.9898977345,0.2849963402,0.919961241389972,0.284194278456103,-0.0699364931100278,0.182278481012658,0.00757724723601987,"Reconvert digitized SEM to SD using 7/9; no pooled inference; matched longitudinal n remains uncertain",-0.124893111027626,1.96481559380757
"EEG-R062","Chaudhari et al. 2023","alpha","Alpha N6 [CHA-NP-TP1-ALPHA-N06]","repeated treatment TP1","7 active / 9 sham instead of 8/8",0.5326334205,0.2601320843,0.475024349508002,0.262027115847736,-0.0576090709919978,0.133670886075949,0.0140746675212306,"Reconvert digitized SEM to SD using 7/9; no pooled inference; matched longitudinal n remains uncertain",-0.528253466171347,1.47830216518735
"EEG-R063","Chaudhari et al. 2023","alpha","Alpha N7 [CHA-NP-TP1-ALPHA-N07]","repeated treatment TP1","7 active / 9 sham instead of 8/8",-0.2112267863,0.2515934555,-0.225743075636876,0.255788251689611,-0.0145162893368764,-0.0729113924050633,0.0266265021631149,"Reconvert digitized SEM to SD using 7/9; no pooled inference; matched longitudinal n remains uncertain",-1.21700491575935,0.765518764485593
"EEG-R064","Chaudhari et al. 2023","alpha","Alpha N8 [CHA-NP-TP1-ALPHA-N08]","repeated treatment TP1","7 active / 9 sham instead of 8/8",0.6189884674,0.2636838115,0.656070703720878,0.269340709978283,0.0370822363208775,0.194430379746835,0.0220487742348983,"Reconvert digitized SEM to SD using 7/9; no pooled inference; matched longitudinal n remains uncertain",-0.361112291672819,1.67325369911457
"EEG-R065","Chaudhari et al. 2023","alpha","Alpha N9 [CHA-NP-TP1-ALPHA-N09]","repeated treatment TP1","7 active / 9 sham instead of 8/8",3.389658332,0.6603494145,3.40594933420552,0.668271499224505,0.0162910022055209,1.20303797468354,0.0281493350424611,"Reconvert digitized SEM to SD using 7/9; no pooled inference; matched longitudinal n remains uncertain",1.80372043504209,5.00817823336895
"EEG-R066","Chaudhari et al. 2023","alpha","Alpha N10 [CHA-NP-TP1-ALPHA-N10]","repeated treatment TP1","7 active / 9 sham instead of 8/8",1.664740049,0.3489771225,1.65832403121601,0.352183917986415,-0.00641601778399203,0.401012658227848,0.0129671526998878,"Reconvert digitized SEM to SD using 7/9; no pooled inference; matched longitudinal n remains uncertain",0.495181727688391,2.82146633474362
"EEG-R067","Chaudhari et al. 2023","alpha","Alpha N11 [CHA-NP-TP1-ALPHA-N11]","repeated treatment TP1","7 active / 9 sham instead of 8/8",1.661792768,0.3486269715,1.64715113645937,0.35086492776609,-0.0146416315406273,0.528607594936709,0.0226117609357475,"Reconvert digitized SEM to SD using 7/9; no pooled inference; matched longitudinal n remains uncertain",0.486188961520304,2.80811331139844
"EEG-R068","Chaudhari et al. 2023","alpha","Alpha N12 [CHA-NP-TP1-ALPHA-N12]","repeated treatment TP1","7 active / 9 sham instead of 8/8",1.004862706,0.2860624663,0.956045820930833,0.286611954386801,-0.048816885069167,0.388860759493671,0.0334654061849063,"Reconvert digitized SEM to SD using 7/9; no pooled inference; matched longitudinal n remains uncertain",-0.0932434720172834,2.00533511387895
"EEG-R069","Chaudhari et al. 2023","beta","Beta N1 [CHA-NP-TP1-BETA-N01]","repeated treatment TP1","7 active / 9 sham instead of 8/8",0.5742050341,0.2617754079,0.521019777735475,0.263663311425094,-0.0531852563645246,0.0911392405063291,0.00562986700849223,"Reconvert digitized SEM to SD using 7/9; no pooled inference; matched longitudinal n remains uncertain",-0.48538558461478,1.52742514008573
"EEG-R070","Chaudhari et al. 2023","beta","Beta N2 [CHA-NP-TP1-BETA-N02]","repeated treatment TP1","7 active / 9 sham instead of 8/8",1.98824542,0.3911828519,2.00314331660538,0.397274794927568,0.014897896605379,0.443544303797468,0.0111212946643166,"Reconvert digitized SEM to SD using 7/9; no pooled inference; matched longitudinal n remains uncertain",0.76778314029486,3.2385034929159
"EEG-R071","Chaudhari et al. 2023","beta","Beta N3 [CHA-NP-TP1-BETA-N03]","repeated treatment TP1","7 active / 9 sham instead of 8/8",2.560206432,0.4840948919,2.57939002412199,0.491584428844685,0.0191835921219945,0.571139240506329,0.0111212946643166,"Reconvert digitized SEM to SD using 7/9; no pooled inference; matched longitudinal n remains uncertain",1.2051988655486,3.95358118269539
"EEG-R072","Chaudhari et al. 2023","beta","Beta N4 [CHA-NP-TP1-BETA-N04]","repeated treatment TP1","7 active / 9 sham instead of 8/8",1.439756161,0.3240320644,1.43288239335576,0.327295109439287,-0.00687376764423808,0.425316455696203,0.01950149014581,"Reconvert digitized SEM to SD using 7/9; no pooled inference; matched longitudinal n remains uncertain",0.311592651529146,2.55417213518238
"EEG-R073","Chaudhari et al. 2023","beta","Beta N5 [CHA-NP-TP1-BETA-N05]","repeated treatment TP1","7 active / 9 sham instead of 8/8",0.3531266771,0.2544535161,0.351765703591275,0.258387507904792,-0.00136097350872544,0.0850632911392405,0.0129671526998878,"Reconvert digitized SEM to SD using 7/9; no pooled inference; matched longitudinal n remains uncertain",-0.644519883676772,1.34805129085932
"EEG-R074","Chaudhari et al. 2023","beta","Beta N6 [CHA-NP-TP1-BETA-N06]","repeated treatment TP1","7 active / 9 sham instead of 8/8",1.005038576,0.2860750907,0.903442153192802,0.283118529831313,-0.101596422807198,0.236962025316456,0.0124226245793943,"Reconvert digitized SEM to SD using 7/9; no pooled inference; matched longitudinal n remains uncertain",-0.139432802745084,1.94631710913069
"EEG-R075","Chaudhari et al. 2023","beta","Beta N7 [CHA-NP-TP1-BETA-N07]","repeated treatment TP1","7 active / 9 sham instead of 8/8",-0.2381796497,0.2520260552,-0.242776270894122,0.256073265315013,-0.00459662119412219,-0.0729113924050633,0.0209412594135555,"Reconvert digitized SEM to SD using 7/9; no pooled inference; matched longitudinal n remains uncertain",-1.2345902170495,0.749037675261256
"EEG-R076","Chaudhari et al. 2023","beta","Beta N8 [CHA-NP-TP1-BETA-N08]","repeated treatment TP1","7 active / 9 sham instead of 8/8",-0.1318739743,0.250621098,-0.140174510291128,0.254670000158802,-0.00830053599112818,-0.030379746835443,0.0118596378785451,"Reconvert digitized SEM to SD using 7/9; no pooled inference; matched longitudinal n remains uncertain",-1.12926718465294,0.848918164070686
"EEG-R077","Chaudhari et al. 2023","beta","Beta N9 [CHA-NP-TP1-BETA-N09]","repeated treatment TP1","7 active / 9 sham instead of 8/8",2.348759113,0.4470239061,2.42096198222923,0.463291715375372,0.0722028692292329,0.96,0.037332478769428,"Reconvert digitized SEM to SD using 7/9; no pooled inference; matched longitudinal n remains uncertain",1.08690199610296,3.75502196835551
"EEG-R078","Chaudhari et al. 2023","beta","Beta N10 [CHA-NP-TP1-BETA-N10]","repeated treatment TP1","7 active / 9 sham instead of 8/8",2.517994671,0.4764391844,2.48068194134093,0.473746214471648,-0.0373127296590665,0.492151898734177,0.0085370934145169,"Reconvert digitized SEM to SD using 7/9; no pooled inference; matched longitudinal n remains uncertain",1.13165393038172,3.82970995230014
"EEG-R079","Chaudhari et al. 2023","beta","Beta N11 [CHA-NP-TP1-BETA-N11]","repeated treatment TP1","7 active / 9 sham instead of 8/8",3.100884807,0.5934102352,3.19746608691322,0.619103588859686,0.0965812799132153,0.868860759493671,0.0175448806281045,"Reconvert digitized SEM to SD using 7/9; no pooled inference; matched longitudinal n remains uncertain",1.65530495968026,4.73962721414617
"EEG-R080","Chaudhari et al. 2023","beta","Beta N12 [CHA-NP-TP1-BETA-N12]","repeated treatment TP1","7 active / 9 sham instead of 8/8",1.513457092,0.3318054418,1.45978366656189,0.330074266581142,-0.0536734254381102,0.449620253164557,0.0197229931100785,"Reconvert digitized SEM to SD using 7/9; no pooled inference; matched longitudinal n remains uncertain",0.333743390709257,2.58582394241452
"EEG-R081","Chaudhari et al. 2023","gamma","Gamma N1 [CHA-NP-TP1-GAMMA-N01]","repeated treatment TP1","7 active / 9 sham instead of 8/8",1.236452158,0.3046004978,1.17638450622349,0.303392557771207,-0.0600676517765142,0.245231607629428,0.00879062135734915,"Reconvert digitized SEM to SD using 7/9; no pooled inference; matched longitudinal n remains uncertain",0.0968151396781245,2.25595387276885
"EEG-R082","Chaudhari et al. 2023","gamma","Gamma N2 [CHA-NP-TP1-GAMMA-N02]","repeated treatment TP1","7 active / 9 sham instead of 8/8",2.952415498,0.5613127597,2.76693212075338,0.527393731141712,-0.185483377246617,0.779291553133515,0.0155692001573996,"Reconvert digitized SEM to SD using 7/9; no pooled inference; matched longitudinal n remains uncertain",1.34356944719716,4.1902947943096
"EEG-R083","Chaudhari et al. 2023","gamma","Gamma N3 [CHA-NP-TP1-GAMMA-N03]","repeated treatment TP1","7 active / 9 sham instead of 8/8",3.959245304,0.8098436919,3.65768371947005,0.731777189385264,-0.301561584529948,0.643051771117166,0.00589506195754665,"Reconvert digitized SEM to SD using 7/9; no pooled inference; matched longitudinal n remains uncertain",1.98105259159882,5.33431484734129
"EEG-R084","Chaudhari et al. 2023","gamma","Gamma N4 [CHA-NP-TP1-GAMMA-N04]","repeated treatment TP1","7 active / 9 sham instead of 8/8",1.753202243,0.3597756467,1.77245721028687,0.366168416907465,0.0192549672868685,0.386920980926431,0.0108843335387448,"Reconvert digitized SEM to SD using 7/9; no pooled inference; matched longitudinal n remains uncertain",0.586446714975472,2.95846770559827
"EEG-R085","Chaudhari et al. 2023","gamma","Gamma N5 [CHA-NP-TP1-GAMMA-N05]","repeated treatment TP1","7 active / 9 sham instead of 8/8",1.444136531,0.3244832258,1.59441714914308,0.344759898449738,0.150280618143082,0.321525885558583,0.011077370832065,"Reconvert digitized SEM to SD using 7/9; no pooled inference; matched longitudinal n remains uncertain",0.443599634103727,2.74523466418244
"EEG-R086","Chaudhari et al. 2023","gamma","Gamma N6 [CHA-NP-TP1-GAMMA-N06]","repeated treatment TP1","7 active / 9 sham instead of 8/8",2.95310935,0.5614591012,2.79263498592761,0.532497188419215,-0.160474364072387,0.88283378746594,0.0199719353473558,"Reconvert digitized SEM to SD using 7/9; no pooled inference; matched longitudinal n remains uncertain",1.36240213025417,4.22286784160106
"EEG-R087","Chaudhari et al. 2023","gamma","Gamma N7 [CHA-NP-TP1-GAMMA-N07]","repeated treatment TP1","7 active / 9 sham instead of 8/8",0.6614916485,0.2656275429,0.718545100371871,0.272407791870698,0.0570534518718713,0.223433242506812,0.0254957717408252,"Reconvert digitized SEM to SD using 7/9; no pooled inference; matched longitudinal n remains uncertain",-0.304413019449024,1.74150322019277
"EEG-R088","Chaudhari et al. 2023","gamma","Gamma N8 [CHA-NP-TP1-GAMMA-N08]","repeated treatment TP1","7 active / 9 sham instead of 8/8",1.503764872,0.3307610282,1.38259764131516,0.32223883388862,-0.121167230684837,0.376021798365123,0.0139729302318675,"Reconvert digitized SEM to SD using 7/9; no pooled inference; matched longitudinal n remains uncertain",0.270002831507196,2.49519245112313
"EEG-R089","Chaudhari et al. 2023","gamma","Gamma N9 [CHA-NP-TP1-GAMMA-N09]","repeated treatment TP1","7 active / 9 sham instead of 8/8",0.6579805926,0.2654620879,0.66967211827539,0.269984709182377,0.0116915256753897,0.245231607629428,0.0310418816681392,"Reconvert digitized SEM to SD using 7/9; no pooled inference; matched longitudinal n remains uncertain",-0.348726203866384,1.68807044041716
"EEG-R090","Chaudhari et al. 2023","gamma","Gamma N10 [CHA-NP-TP1-GAMMA-N10]","repeated treatment TP1","7 active / 9 sham instead of 8/8",0.8613075512,0.2764946678,0.95049700545935,0.286234131017797,0.0891894542593502,0.245231607629428,0.0181158075269695,"Reconvert digitized SEM to SD using 7/9; no pooled inference; matched longitudinal n remains uncertain",-0.0981004518053676,1.99909446272407
"EEG-R091","Chaudhari et al. 2023","gamma","Gamma N11 [CHA-NP-TP1-GAMMA-N11]","repeated treatment TP1","7 active / 9 sham instead of 8/8",0.3966905027,0.2556201198,0.416193240736063,0.260154568740911,0.0195027380360629,0.147138964577657,0.0307449012168774,"Reconvert digitized SEM to SD using 7/9; no pooled inference; matched longitudinal n remains uncertain",-0.583493241534077,1.4158797230062
"EEG-R092","Chaudhari et al. 2023","gamma","Gamma N12 [CHA-NP-TP1-GAMMA-N12]","repeated treatment TP1","7 active / 9 sham instead of 8/8",2.666000509,0.5038413827,2.77891567583502,0.529767265875455,0.112915166835025,0.762942779291553,0.0183014203090082,"Reconvert digitized SEM to SD using 7/9; no pooled inference; matched longitudinal n remains uncertain",1.35235367703782,4.20547767463223
"EEG-R093","Chaudhari et al. 2023","delta","Delta N1 [CHA-NP-TP2-DELTA-N01]","repeated treatment TP2","7 active / 9 sham instead of 8/8",0.2876790665,0.2529556873,0.288664455441247,0.256944224248082,0.000985388941246501,0.0427480916030534,0.00493444437969815,"Reconvert digitized SEM to SD using 7/9; no pooled inference; matched longitudinal n remains uncertain",-0.704834742678311,1.2821636535608
"EEG-R094","Chaudhari et al. 2023","delta","Delta N2 [CHA-NP-TP2-DELTA-N02]","repeated treatment TP2","7 active / 9 sham instead of 8/8",1.531564603,0.3337746476,1.65004321220827,0.35120548975949,0.118478609208274,0.216793893129771,0.00447759454577239,"Reconvert digitized SEM to SD using 7/9; no pooled inference; matched longitudinal n remains uncertain",0.488517738310783,2.81156868610577
"EEG-R095","Chaudhari et al. 2023","delta","Delta N3 [CHA-NP-TP2-DELTA-N03]","repeated treatment TP2","7 active / 9 sham instead of 8/8",0.969458561,0.2835660679,1.01106628529723,0.290477362299137,0.0416077242972276,0.189312977099237,0.00852164792261523,"Reconvert digitized SEM to SD using 7/9; no pooled inference; matched longitudinal n remains uncertain",-0.0452749595739474,2.0674075301684
"EEG-R096","Chaudhari et al. 2023","delta","Delta N4 [CHA-NP-TP2-DELTA-N04]","repeated treatment TP2","7 active / 9 sham instead of 8/8",-0.1216446011,0.2505284789,-0.115963226561076,0.254448520750913,0.00568137453892351,-0.0213740458015267,0.00689936483887885,"Reconvert digitized SEM to SD using 7/9; no pooled inference; matched longitudinal n remains uncertain",-1.10462571419332,0.872699261071162
"EEG-R097","Chaudhari et al. 2023","delta","Delta N5 [CHA-NP-TP2-DELTA-N05]","repeated treatment TP2","7 active / 9 sham instead of 8/8",-1.13905226,0.2963371447,-1.04839927258344,0.293223290923736,0.0906529874165616,-0.381679389312977,0.0250917778684226,"Reconvert digitized SEM to SD using 7/9; no pooled inference; matched longitudinal n remains uncertain",-2.10972165402649,0.0129231088596096
"EEG-R098","Chaudhari et al. 2023","delta","Delta N6 [CHA-NP-TP2-DELTA-N06]","repeated treatment TP2","7 active / 9 sham instead of 8/8",0.7301881036,0.2690419524,0.680246085132096,0.270494494551738,-0.049942018467904,0.250381679389313,0.0262758580502302,"Reconvert digitized SEM to SD using 7/9; no pooled inference; matched longitudinal n remains uncertain",-0.339113253886766,1.69960542415096
"EEG-R099","Chaudhari et al. 2023","delta","Delta N7 [CHA-NP-TP2-DELTA-N07]","repeated treatment TP2","7 active / 9 sham instead of 8/8",0.3209055454,0.2536778703,0.287782291773415,0.256926062806053,-0.0331232536265849,0.0885496183206107,0.017015325447235,"Reconvert digitized SEM to SD using 7/9; no pooled inference; matched longitudinal n remains uncertain",-0.705681794257138,1.28124637780397
"EEG-R100","Chaudhari et al. 2023","delta","Delta N8 [CHA-NP-TP2-DELTA-N08]","repeated treatment TP2","7 active / 9 sham instead of 8/8",0.820152293,0.2740232066,0.816890949652327,0.277800783383393,-0.00326134334767347,0.305343511450382,0.0309748849134666,"Reconvert digitized SEM to SD using 7/9; no pooled inference; matched longitudinal n remains uncertain",-0.216143546249853,1.84992544555451
"EEG-R101","Chaudhari et al. 2023","delta","Delta N9 [CHA-NP-TP2-DELTA-N09]","repeated treatment TP2","7 active / 9 sham instead of 8/8",0.7360707072,0.2693500031,0.712307536855125,0.27208904064899,-0.0237631703448747,0.287022900763359,0.0339793718314784,"Reconvert digitized SEM to SD using 7/9; no pooled inference; matched longitudinal n remains uncertain",-0.310051913248049,1.7346669869583
"EEG-R102","Chaudhari et al. 2023","delta","Delta N10 [CHA-NP-TP2-DELTA-N10]","repeated treatment TP2","7 active / 9 sham instead of 8/8",0.8143236477,0.2736829644,0.74293035274198,0.273680593576301,-0.0713932949580204,0.23206106870229,0.0181481265660509,"Reconvert digitized SEM to SD using 7/9; no pooled inference; matched longitudinal n remains uncertain",-0.28241482340432,1.76827552888828
"EEG-R103","Chaudhari et al. 2023","delta","Delta N11 [CHA-NP-TP2-DELTA-N11]","repeated treatment TP2","7 active / 9 sham instead of 8/8",0.654308807,0.2652900005,0.685803883825175,0.270765645649314,0.0314950768251752,0.189312977099237,0.01870753452596,"Reconvert digitized SEM to SD using 7/9; no pooled inference; matched longitudinal n remains uncertain",-0.334066244093325,1.70567401174368
"EEG-R104","Chaudhari et al. 2023","delta","Delta N12 [CHA-NP-TP2-DELTA-N12]","repeated treatment TP2","7 active / 9 sham instead of 8/8",1.15653983,0.2977708707,1.09026171659278,0.296420775777819,-0.0662781134072226,0.348091603053435,0.0202435755492104,"Reconvert digitized SEM to SD using 7/9; no pooled inference; matched longitudinal n remains uncertain",0.0231683730896428,2.15735506009591
"EEG-R105","Chaudhari et al. 2023","theta","Theta N1 [CHA-NP-TP2-THETA-N01]","repeated treatment TP2","7 active / 9 sham instead of 8/8",-0.9954685858,0.2853913466,-1.09943682884703,0.297138301847726,-0.103968243047032,-0.149732620320856,0.00505590666018474,"Reconvert digitized SEM to SD using 7/9; no pooled inference; matched longitudinal n remains uncertain",-2.16782091268534,-0.0310527450087246
"EEG-R106","Chaudhari et al. 2023","theta","Theta N2 [CHA-NP-TP2-THETA-N02]","repeated treatment TP2","7 active / 9 sham instead of 8/8",-0.3407574489,0.2541469871,-0.336026353353962,0.258000886473553,0.00473109554603829,-0.0556149732620321,0.00595270096371072,"Reconvert digitized SEM to SD using 7/9; no pooled inference; matched longitudinal n remains uncertain",-1.33156629785179,0.659513591143863
"EEG-R107","Chaudhari et al. 2023","theta","Theta N3 [CHA-NP-TP2-THETA-N03]","repeated treatment TP2","7 active / 9 sham instead of 8/8",2.472108977,0.4682615283,2.68885387553327,0.512180224110051,0.216744898533273,0.53048128342246,0.0102902570848466,"Reconvert digitized SEM to SD using 7/9; no pooled inference; matched longitudinal n remains uncertain",1.28617100342973,4.09153674763682
"EEG-R108","Chaudhari et al. 2023","theta","Theta N4 [CHA-NP-TP2-THETA-N04]","repeated treatment TP2","7 active / 9 sham instead of 8/8",1.452636601,0.3253626106,1.40684400081024,0.324654326918817,-0.0457926001897595,0.359358288770053,0.0136761131287712,"Reconvert digitized SEM to SD using 7/9; no pooled inference; matched longitudinal n remains uncertain",0.290086987033831,2.52360101458665
"EEG-R109","Chaudhari et al. 2023","theta","Theta N5 [CHA-NP-TP2-THETA-N05]","repeated treatment TP2","7 active / 9 sham instead of 8/8",-0.5970373135,0.2627304841,-0.542084687297539,0.264463104261199,0.0549526262024609,-0.154010695187166,0.0148703137064257,"Reconvert digitized SEM to SD using 7/9; no pooled inference; matched longitudinal n remains uncertain",-1.55001530227673,0.465845927681654
"EEG-R110","Chaudhari et al. 2023","theta","Theta N6 [CHA-NP-TP2-THETA-N06]","repeated treatment TP2","7 active / 9 sham instead of 8/8",0.4751437461,0.2580629136,0.426674886012363,0.260470091766599,-0.0484688600876368,0.132620320855615,0.0174097057393692,"Reconvert digitized SEM to SD using 7/9; no pooled inference; matched longitudinal n remains uncertain",-0.573617636974693,1.42696740899942
"EEG-R111","Chaudhari et al. 2023","theta","Theta N7 [CHA-NP-TP2-THETA-N07]","repeated treatment TP2","7 active / 9 sham instead of 8/8",-1.505781341,0.330977766,-1.62834424344316,0.348664860223771,-0.122562902443156,-0.645989304812834,0.0411289999714032,"Reconvert digitized SEM to SD using 7/9; no pooled inference; matched longitudinal n remains uncertain",-2.78566083918206,-0.471027647704252
"EEG-R112","Chaudhari et al. 2023","theta","Theta N8 [CHA-NP-TP2-THETA-N08]","repeated treatment TP2","7 active / 9 sham instead of 8/8",1.347961114,0.3148928274,1.41220416154759,0.325193989464408,0.0642430475475853,0.444919786096257,0.0243461351482742,"Reconvert digitized SEM to SD using 7/9; no pooled inference; matched longitudinal n remains uncertain",0.294519358365238,2.52988896472993
"EEG-R113","Chaudhari et al. 2023","theta","Theta N9 [CHA-NP-TP2-THETA-N09]","repeated treatment TP2","7 active / 9 sham instead of 8/8",1.271628835,0.3077514248,1.25088161956505,0.309850569188457,-0.0207472154349524,0.419251336898396,0.0242912293745889,"Reconvert digitized SEM to SD using 7/9; no pooled inference; matched longitudinal n remains uncertain",0.159882901826987,2.34188033730311
"EEG-R114","Chaudhari et al. 2023","theta","Theta N10 [CHA-NP-TP2-THETA-N10]","repeated treatment TP2","7 active / 9 sham instead of 8/8",2.299925993,0.4389164134,2.16547158466048,0.421442081967252,-0.134454408339524,0.594652406417112,0.0149389459235323,"Reconvert digitized SEM to SD using 7/9; no pooled inference; matched longitudinal n remains uncertain",0.893090979973027,3.43785218934792
"EEG-R115","Chaudhari et al. 2023","theta","Theta N11 [CHA-NP-TP2-THETA-N11]","repeated treatment TP2","7 active / 9 sham instead of 8/8",0.3116367043,0.2534684798,0.338211898282197,0.258053514258956,0.0265751939821972,0.0983957219251337,0.0222780176727959,"Reconvert digitized SEM to SD using 7/9; no pooled inference; matched longitudinal n remains uncertain",-0.657429577632292,1.33385337419669
"EEG-R116","Chaudhari et al. 2023","theta","Theta N12 [CHA-NP-TP2-THETA-N12]","repeated treatment TP2","7 active / 9 sham instead of 8/8",0.5925718096,0.2625407625,0.571454826269025,0.265631133199188,-0.0211169833309752,0.158288770053476,0.0159455517744288,"Reconvert digitized SEM to SD using 7/9; no pooled inference; matched longitudinal n remains uncertain",-0.438699151933802,1.58160880447185
"EEG-R117","Chaudhari et al. 2023","alpha","Alpha N1 [CHA-NP-TP2-ALPHA-N01]","repeated treatment TP2","7 active / 9 sham instead of 8/8",-1.586738063,0.3399192028,-1.6372327319385,0.349701504630068,-0.0504946689384957,-0.205567451820128,0.00375076230346326,"Reconvert digitized SEM to SD using 7/9; no pooled inference; matched longitudinal n remains uncertain",-2.79626850773283,-0.478196956144159
"EEG-R118","Chaudhari et al. 2023","alpha","Alpha N2 [CHA-NP-TP2-ALPHA-N02]","repeated treatment TP2","7 active / 9 sham instead of 8/8",-0.9467002042,0.282008617,-1.01063172721602,0.290445985684527,-0.0639315230160237,-0.167023554603854,0.00695587581216843,"Reconvert digitized SEM to SD using 7/9; no pooled inference; matched longitudinal n remains uncertain",-2.06691591891967,0.0456524644876226
"EEG-R119","Chaudhari et al. 2023","alpha","Alpha N3 [CHA-NP-TP2-ALPHA-N03]","repeated treatment TP2","7 active / 9 sham instead of 8/8",0.7223555568,0.2686356268,0.732311070702809,0.273121093406607,0.00995551390280891,0.19271948608137,0.0159063501597971,"Reconvert digitized SEM to SD using 7/9; no pooled inference; matched longitudinal n remains uncertain",-0.291985484687492,1.75660762609311
"EEG-R120","Chaudhari et al. 2023","alpha","Alpha N4 [CHA-NP-TP2-ALPHA-N04]","repeated treatment TP2","7 active / 9 sham instead of 8/8",-0.6426865925,0.2647516449,-0.591999426022288,0.26648480112578,0.0506871664777118,-0.162740899357602,0.0143290124673872,"Reconvert digitized SEM to SD using 7/9; no pooled inference; matched longitudinal n remains uncertain",-1.60377528552159,0.419776433477011
"EEG-R121","Chaudhari et al. 2023","alpha","Alpha N5 [CHA-NP-TP2-ALPHA-N05]","repeated treatment TP2","7 active / 9 sham instead of 8/8",-0.72401409,0.2687213001,-0.672960932960055,0.270142411728628,0.0510531570399451,-0.154175588865096,0.0101334776169362,"Reconvert digitized SEM to SD using 7/9; no pooled inference; matched longitudinal n remains uncertain",-1.69165664335572,0.345734777435606
"EEG-R122","Chaudhari et al. 2023","alpha","Alpha N6 [CHA-NP-TP2-ALPHA-N06]","repeated treatment TP2","7 active / 9 sham instead of 8/8",0.05036111299,0.2500905801,0.0451804778809388,0.254041156667595,-0.00518063510906115,0.012847965738758,0.0145445208148967,"Reconvert digitized SEM to SD using 7/9; no pooled inference; matched longitudinal n remains uncertain",-0.942690283959936,1.03305123972181
"EEG-R123","Chaudhari et al. 2023","alpha","Alpha N7 [CHA-NP-TP2-ALPHA-N07]","repeated treatment TP2","7 active / 9 sham instead of 8/8",-0.7934754499,0.2724858318,-0.832526724973729,0.278721852103807,-0.0390512750737286,-0.30406852248394,0.0328168775133088,"Reconvert digitized SEM to SD using 7/9; no pooled inference; matched longitudinal n remains uncertain",-1.86727235423938,0.202218904291924
"EEG-R124","Chaudhari et al. 2023","alpha","Alpha N8 [CHA-NP-TP2-ALPHA-N08]","repeated treatment TP2","7 active / 9 sham instead of 8/8",0,0.25,0,0.253968253968254,0,0,0.0132423001618605,"Reconvert digitized SEM to SD using 7/9; no pooled inference; matched longitudinal n remains uncertain",-0.987729006044995,0.987729006044995
"EEG-R125","Chaudhari et al. 2023","alpha","Alpha N9 [CHA-NP-TP2-ALPHA-N09]","repeated treatment TP2","7 active / 9 sham instead of 8/8",1.411923439,0.3211974213,1.44893820074119,0.328947607881366,0.0370147617411929,0.492505353319058,0.0271907340581139,"Reconvert digitized SEM to SD using 7/9; no pooled inference; matched longitudinal n remains uncertain",0.324821351902913,2.57305504957947
"EEG-R126","Chaudhari et al. 2023","alpha","Alpha N10 [CHA-NP-TP2-ALPHA-N10]","repeated treatment TP2","7 active / 9 sham instead of 8/8",2.01323161,0.3947536255,2.12992934597284,0.415989647498121,0.116697735972837,0.458244111349036,0.0115778420736488,"Reconvert digitized SEM to SD using 7/9; no pooled inference; matched longitudinal n remains uncertain",0.865806289977458,3.39405240196822
"EEG-R127","Chaudhari et al. 2023","alpha","Alpha N11 [CHA-NP-TP2-ALPHA-N11]","repeated treatment TP2","7 active / 9 sham instead of 8/8",0.2543926203,0.2523112716,0.255364258702945,0.256297214847643,0.000971638402944675,0.0685224839400428,0.0162135641870979,"Reconvert digitized SEM to SD using 7/9; no pooled inference; matched longitudinal n remains uncertain",-0.736883289389676,1.24761180679557
"EEG-R128","Chaudhari et al. 2023","alpha","Alpha N12 [CHA-NP-TP2-ALPHA-N12]","repeated treatment TP2","7 active / 9 sham instead of 8/8",0.5771918647,0.2618982303,0.517232931791944,0.263522893458614,-0.0599589329080564,0.171306209850107,0.0196846241671978,"Reconvert digitized SEM to SD using 7/9; no pooled inference; matched longitudinal n remains uncertain",-0.488904406513037,1.52337027009692
"EEG-R129","Chaudhari et al. 2023","beta","Beta N1 [CHA-NP-TP2-BETA-N01]","repeated treatment TP2","7 active / 9 sham instead of 8/8",-1.561121277,0.3370392729,-1.4498606227833,0.329043104878882,0.111260654216698,-0.21656050955414,0.00430037729725344,"Reconvert digitized SEM to SD using 7/9; no pooled inference; matched longitudinal n remains uncertain",-2.57414063133347,-0.325580614233135
"EEG-R130","Chaudhari et al. 2023","beta","Beta N2 [CHA-NP-TP2-BETA-N02]","repeated treatment TP2","7 active / 9 sham instead of 8/8",0.6237949134,0.2638971462,0.649880378321388,0.269051986329938,0.0260854649213884,0.118895966029724,0.00811842716179606,"Reconvert digitized SEM to SD using 7/9; no pooled inference; matched longitudinal n remains uncertain",-0.36675727891565,1.66651803555843
"EEG-R131","Chaudhari et al. 2023","beta","Beta N3 [CHA-NP-TP2-BETA-N03]","repeated treatment TP2","7 active / 9 sham instead of 8/8",1.438045276,0.323856222,1.49925927345628,0.334246052862706,0.061213997456278,0.343949044585987,0.0127839308333446,"Reconvert digitized SEM to SD using 7/9; no pooled inference; matched longitudinal n remains uncertain",0.366125367842456,2.6323931790701
"EEG-R132","Chaudhari et al. 2023","beta","Beta N4 [CHA-NP-TP2-BETA-N04]","repeated treatment TP2","7 active / 9 sham instead of 8/8",0.1836613267,0.2512046958,0.196191184563791,0.255342931857559,0.0125298578637914,0.0509554140127388,0.0172015091890138,"Reconvert digitized SEM to SD using 7/9; no pooled inference; matched longitudinal n remains uncertain",-0.794207400797738,1.18658976992532
"EEG-R133","Chaudhari et al. 2023","beta","Beta N5 [CHA-NP-TP2-BETA-N05]","repeated treatment TP2","7 active / 9 sham instead of 8/8",-0.6884732337,0.2669284069,-0.737300257065526,0.273382956435,-0.0488270233655262,-0.123142250530786,0.00714926456335844,"Reconvert digitized SEM to SD using 7/9; no pooled inference; matched longitudinal n remains uncertain",-1.76208773231328,0.287487218182229
"EEG-R134","Chaudhari et al. 2023","beta","Beta N6 [CHA-NP-TP2-BETA-N06]","repeated treatment TP2","7 active / 9 sham instead of 8/8",0.5677455531,0.2615119648,0.515462525094675,0.263457597353146,-0.0522830280053252,0.131634819532909,0.0120131084876105,"Reconvert digitized SEM to SD using 7/9; no pooled inference; matched longitudinal n remains uncertain",-0.490550154363752,1.5214752045531
"EEG-R135","Chaudhari et al. 2023","beta","Beta N7 [CHA-NP-TP2-BETA-N07]","repeated treatment TP2","7 active / 9 sham instead of 8/8",-0.7550897674,0.270362877,-0.772395137797569,0.27527519142873,-0.0173053703975687,-0.246284501061571,0.0237737839263256,"Reconvert digitized SEM to SD using 7/9; no pooled inference; matched longitudinal n remains uncertain",-1.80072305837162,0.255932782776485
"EEG-R136","Chaudhari et al. 2023","beta","Beta N8 [CHA-NP-TP2-BETA-N08]","repeated treatment TP2","7 active / 9 sham instead of 8/8",-0.7684111418,0.271087703,-0.823627820712276,0.278195496362942,-0.0552166789122759,-0.152866242038217,0.00884417217737028,"Reconvert digitized SEM to SD using 7/9; no pooled inference; matched longitudinal n remains uncertain",-1.85739594915347,0.210140307728915
"EEG-R137","Chaudhari et al. 2023","beta","Beta N9 [CHA-NP-TP2-BETA-N09]","repeated treatment TP2","7 active / 9 sham instead of 8/8",1.678198987,0.3505839943,1.73524756527995,0.361506972282896,0.0570485782799453,0.717622080679405,0.0408625997899396,"Reconvert digitized SEM to SD using 7/9; no pooled inference; matched longitudinal n remains uncertain",0.556810402161539,2.91368472839835
"EEG-R138","Chaudhari et al. 2023","beta","Beta N10 [CHA-NP-TP2-BETA-N10]","repeated treatment TP2","7 active / 9 sham instead of 8/8",1.856909299,0.3731468624,1.88129929910009,0.380371362996629,0.0243900001000945,0.360934182590234,0.00844298393894726,"Reconvert digitized SEM to SD using 7/9; no pooled inference; matched longitudinal n remains uncertain",0.672506129230721,3.09009246896947
"EEG-R139","Chaudhari et al. 2023","beta","Beta N11 [CHA-NP-TP2-BETA-N11]","repeated treatment TP2","7 active / 9 sham instead of 8/8",1.580226937,0.3391827562,1.6369578781506,0.349669364498229,0.0567309411506003,0.462845010615711,0.0191713885170009,"Reconvert digitized SEM to SD using 7/9; no pooled inference; matched longitudinal n remains uncertain",0.47797536552229,2.79594039077891
"EEG-R140","Chaudhari et al. 2023","beta","Beta N12 [CHA-NP-TP2-BETA-N12]","repeated treatment TP2","7 active / 9 sham instead of 8/8",0.9211728297,0.2803056922,0.890395488354409,0.282282687028321,-0.0307773413455908,0.267515923566879,0.0188468317398497,"Reconvert digitized SEM to SD using 7/9; no pooled inference; matched longitudinal n remains uncertain",-0.150938904630949,1.93172988133977
"EEG-R141","Chaudhari et al. 2023","gamma","Gamma N1 [CHA-NP-TP2-GAMMA-N01]","repeated treatment TP2","7 active / 9 sham instead of 8/8",-1.506413567,0.3310457798,-1.48763835609585,0.333006392487095,0.018775210904155,-0.341151385927505,0.0114611226535613,"Reconvert digitized SEM to SD using 7/9; no pooled inference; matched longitudinal n remains uncertain",-2.61866901163401,-0.356607700557685
"EEG-R142","Chaudhari et al. 2023","gamma","Gamma N2 [CHA-NP-TP2-GAMMA-N02]","repeated treatment TP2","7 active / 9 sham instead of 8/8",0.2645918071,0.2525003152,0.249170319505991,0.256185605686922,-0.0154214875940095,0.0724946695095949,0.0167757011470215,"Reconvert digitized SEM to SD using 7/9; no pooled inference; matched longitudinal n remains uncertain",-0.742861159178479,1.24120179819046
"EEG-R143","Chaudhari et al. 2023","gamma","Gamma N3 [CHA-NP-TP2-GAMMA-N03]","repeated treatment TP2","7 active / 9 sham instead of 8/8",2.374731755,0.4514053896,2.26657018518011,0.437444696980661,-0.108161569819893,0.452025586353945,0.00809688990321011,"Reconvert digitized SEM to SD using 7/9; no pooled inference; matched longitudinal n remains uncertain",0.970257803930037,3.56288256643018
"EEG-R144","Chaudhari et al. 2023","gamma","Gamma N4 [CHA-NP-TP2-GAMMA-N04]","repeated treatment TP2","7 active / 9 sham instead of 8/8",0.486134919,0.2584402557,0.500165616407344,0.262902741248116,0.0140306974073441,0.123667377398721,0.0144616545660367,"Reconvert digitized SEM to SD using 7/9; no pooled inference; matched longitudinal n remains uncertain",-0.504787145841827,1.50511837865652
"EEG-R145","Chaudhari et al. 2023","gamma","Gamma N5 [CHA-NP-TP2-GAMMA-N05]","repeated treatment TP2","7 active / 9 sham instead of 8/8",0.6260567665,0.2639981098,0.696166967775211,0.271277127076159,0.0701102012752112,0.170575692963753,0.0165893044676102,"Reconvert digitized SEM to SD using 7/9; no pooled inference; matched longitudinal n remains uncertain",-0.324665982642863,1.71699991819329
"EEG-R146","Chaudhari et al. 2023","gamma","Gamma N6 [CHA-NP-TP2-GAMMA-N06]","repeated treatment TP2","7 active / 9 sham instead of 8/8",1.338084331,0.3139453456,1.28746677008358,0.313167206970734,-0.0506175609164179,0.418976545842217,0.0219095657866622,"Reconvert digitized SEM to SD using 7/9; no pooled inference; matched longitudinal n remains uncertain",0.19064457411476,2.3842889660524
"EEG-R147","Chaudhari et al. 2023","gamma","Gamma N7 [CHA-NP-TP2-GAMMA-N07]","repeated treatment TP2","7 active / 9 sham instead of 8/8",0.257582621,0.2523696002,0.2811347267375,0.256790994488889,0.0235521057375001,0.0852878464818763,0.0244997976914089,"Reconvert digitized SEM to SD using 7/9; no pooled inference; matched longitudinal n remains uncertain",-0.712068188509005,1.27433764198401
"EEG-R148","Chaudhari et al. 2023","gamma","Gamma N8 [CHA-NP-TP2-GAMMA-N08]","repeated treatment TP2","7 active / 9 sham instead of 8/8",1.546945141,0.3354656882,1.45440559056698,0.329514526177985,-0.0925395504330231,0.272921108742004,0.00695577852437478,"Reconvert digitized SEM to SD using 7/9; no pooled inference; matched longitudinal n remains uncertain",0.329320490170893,2.57949069096306
"EEG-R149","Chaudhari et al. 2023","gamma","Gamma N9 [CHA-NP-TP2-GAMMA-N09]","repeated treatment TP2","7 active / 9 sham instead of 8/8",-0.1555497853,0.2508641334,-0.172596725007484,0.255032169306944,-0.0170469397074837,-0.0597014925373134,0.0329194720882338,"Reconvert digitized SEM to SD using 7/9; no pooled inference; matched longitudinal n remains uncertain",-1.16239244956125,0.817198999546283
"EEG-R150","Chaudhari et al. 2023","gamma","Gamma N10 [CHA-NP-TP2-GAMMA-N10]","repeated treatment TP2","7 active / 9 sham instead of 8/8",1.167224252,0.2986575876,1.27606155481715,0.312123007242624,0.108837302817155,0.37953091684435,0.023626915680507,"Reconvert digitized SEM to SD using 7/9; no pooled inference; matched longitudinal n remains uncertain",0.18106946383487,2.37105364579944
"EEG-R151","Chaudhari et al. 2023","gamma","Gamma N11 [CHA-NP-TP2-GAMMA-N11]","repeated treatment TP2","7 active / 9 sham instead of 8/8",0.7943144993,0.2725334116,0.83377356976294,0.278796052740941,0.0394590704629396,0.336886993603412,0.0401980351062234,"Reconvert digitized SEM to SD using 7/9; no pooled inference; matched longitudinal n remains uncertain",-0.20110978403902,1.8686569235649
"EEG-R152","Chaudhari et al. 2023","gamma","Gamma N12 [CHA-NP-TP2-GAMMA-N12]","repeated treatment TP2","7 active / 9 sham instead of 8/8",2.211168945,0.424616718,2.50123174896397,0.477402549040588,0.290062803963971,0.575692963752665,0.0151481398975273,"Reconvert digitized SEM to SD using 7/9; no pooled inference; matched longitudinal n remains uncertain",1.14700790002546,3.85545559790248
