effect_id,study,band,metric,timing,scenario,reference_g,reference_vi,sensitivity_g,sensitivity_vi,change_in_g,raw_mean_difference,raw_mean_difference_variance,note
EEG-R023,Chaudhari et al. 2023,delta,Delta / network 1,repeated treatment TP1,7 active / 9 sham instead of 8/8,1.05689324,0.28989369,0.9766437610410711,0.28803371953898427,-0.08024947895892887,0.17620253164556962,0.006211312289697162,Reconvert digitized SEM to SD using 7/9; no pooled inference; matched longitudinal n remains uncertain
EEG-R034,Chaudhari et al. 2023,delta,Delta N2 [CHA-NP-TP1-DELTA-N02],repeated treatment TP1,7 active / 9 sham instead of 8/8,2.253087672,0.4313001449,2.314451566669423,0.4452784701989163,0.06136389466942305,0.309873417721519,0.0042270149014581,Reconvert digitized SEM to SD using 7/9; no pooled inference; matched longitudinal n remains uncertain
EEG-R035,Chaudhari et al. 2023,delta,Delta N3 [CHA-NP-TP1-DELTA-N03],repeated treatment TP1,7 active / 9 sham instead of 8/8,2.589408969,0.4894656717,2.480687088436515,0.4737471264945266,-0.10872188056348486,0.5225316455696203,0.009100080115366126,Reconvert digitized SEM to SD using 7/9; no pooled inference; matched longitudinal n remains uncertain
EEG-R036,Chaudhari et al. 2023,delta,Delta N4 [CHA-NP-TP1-DELTA-N04],repeated treatment TP1,7 active / 9 sham instead of 8/8,0.9479507994,0.2820932399,0.9441253524094818,0.2858029925776228,-0.003825446990518233,0.2369620253164557,0.013963916039096299,Reconvert digitized SEM to SD using 7/9; no pooled inference; matched longitudinal n remains uncertain
EEG-R037,Chaudhari et al. 2023,delta,Delta N5 [CHA-NP-TP1-DELTA-N05],repeated treatment TP1,7 active / 9 sham instead of 8/8,-0.07492054598,0.2502004674,-0.07076549419161134,0.2541471023671176,0.004155051788388667,-0.024303797468354434,0.02351623137317737,Reconvert digitized SEM to SD using 7/9; no pooled inference; matched longitudinal n remains uncertain
EEG-R038,Chaudhari et al. 2023,delta,Delta N6 [CHA-NP-TP1-DELTA-N06],repeated treatment TP1,7 active / 9 sham instead of 8/8,1.188185492,0.3004208844,1.0930344806319612,0.29663698167719615,-0.09515101136803872,0.46784810126582277,0.03464675532767185,Reconvert digitized SEM to SD using 7/9; no pooled inference; matched longitudinal n remains uncertain
EEG-R039,Chaudhari et al. 2023,delta,Delta N7 [CHA-NP-TP1-DELTA-N07],repeated treatment TP1,7 active / 9 sham instead of 8/8,-0.5048791053,0.2591036754,-0.5069653080419926,0.2631473190953294,-0.00208620274199256,-0.18835443037974683,0.031102707899375096,Reconvert digitized SEM to SD using 7/9; no pooled inference; matched longitudinal n remains uncertain
EEG-R040,Chaudhari et al. 2023,delta,Delta N8 [CHA-NP-TP1-DELTA-N08],repeated treatment TP1,7 active / 9 sham instead of 8/8,-0.3285725646,0.2538557118,-0.33369143880269614,0.25794503883719017,-0.005118874202696133,-0.11544303797468354,0.027586348341611916,Reconvert digitized SEM to SD using 7/9; no pooled inference; matched longitudinal n remains uncertain
EEG-R041,Chaudhari et al. 2023,delta,Delta N9 [CHA-NP-TP1-DELTA-N09],repeated treatment TP1,7 active / 9 sham instead of 8/8,1.656130522,0.3479560109,1.5370542901450714,0.33834453578444573,-0.11907623185492855,0.5954430379746836,0.028887678256689635,Reconvert digitized SEM to SD using 7/9; no pooled inference; matched longitudinal n remains uncertain
EEG-R042,Chaudhari et al. 2023,delta,Delta N10 [CHA-NP-TP1-DELTA-N10],repeated treatment TP1,7 active / 9 sham instead of 8/8,1.846634869,0.3717878693,1.663606084021853,0.35281058263948695,-0.18302878497814712,0.6379746835443038,0.026672648614004167,Reconvert digitized SEM to SD using 7/9; no pooled inference; matched longitudinal n remains uncertain
EEG-R043,Chaudhari et al. 2023,delta,Delta N11 [CHA-NP-TP1-DELTA-N11],repeated treatment TP1,7 active / 9 sham instead of 8/8,1.530689344,0.3336789238,1.6081179004612893,0.34632693903196915,0.07742855646128932,0.45569620253164556,0.01980605672167922,Reconvert digitized SEM to SD using 7/9; no pooled inference; matched longitudinal n remains uncertain
EEG-R044,Chaudhari et al. 2023,delta,Delta N12 [CHA-NP-TP1-DELTA-N12],repeated treatment TP1,7 active / 9 sham instead of 8/8,-1.547352259,0.3355106791,-1.4226729352663277,0.32625390685180067,0.1246793237336723,-0.43139240506329113,0.017369524114725206,Reconvert digitized SEM to SD using 7/9; no pooled inference; matched longitudinal n remains uncertain
EEG-R045,Chaudhari et al. 2023,theta,Theta N1 [CHA-NP-TP1-THETA-N01],repeated treatment TP1,7 active / 9 sham instead of 8/8,1.345938646,0.3146982442,1.2784937965770962,0.3123449106784724,-0.06744484942290385,0.25336927223719674,0.007919151996861402,Reconvert digitized SEM to SD using 7/9; no pooled inference; matched longitudinal n remains uncertain
EEG-R046,Chaudhari et al. 2023,theta,Theta N2 [CHA-NP-TP1-THETA-N02],repeated treatment TP1,7 active / 9 sham instead of 8/8,2.19522434,0.4221074965,2.234892472812894,0.43235198129095864,0.03966813281289383,0.3557951482479784,0.005870343865563314,Reconvert digitized SEM to SD using 7/9; no pooled inference; matched longitudinal n remains uncertain
EEG-R047,Chaudhari et al. 2023,theta,Theta N3 [CHA-NP-TP1-THETA-N03],repeated treatment TP1,7 active / 9 sham instead of 8/8,3.634951534,0.7218883091,3.9381092554401578,0.8078505578176624,0.30315772144015796,0.7601078167115902,0.009771797647503286,Reconvert digitized SEM to SD using 7/9; no pooled inference; matched longitudinal n remains uncertain
EEG-R048,Chaudhari et al. 2023,theta,Theta N4 [CHA-NP-TP1-THETA-N04],repeated treatment TP1,7 active / 9 sham instead of 8/8,1.319680505,0.3121984512,1.2348686643952946,0.3084289903363046,-0.08481184060470537,0.33423180592991913,0.014334391642025268,Reconvert digitized SEM to SD using 7/9; no pooled inference; matched longitudinal n remains uncertain
EEG-R049,Chaudhari et al. 2023,theta,Theta N5 [CHA-NP-TP1-THETA-N05],repeated treatment TP1,7 active / 9 sham instead of 8/8,1.079620546,0.2916278758,0.9769063764833429,0.2880520421258902,-0.10271416951665702,0.30188679245283023,0.017472991332524467,Reconvert digitized SEM to SD using 7/9; no pooled inference; matched longitudinal n remains uncertain
EEG-R050,Chaudhari et al. 2023,theta,Theta N6 [CHA-NP-TP1-THETA-N06],repeated treatment TP1,7 active / 9 sham instead of 8/8,1.600286644,0.3414613337,1.4357553235419238,0.32758944500678877,-0.16453132045807628,0.6091644204851752,0.03238133986239566,Reconvert digitized SEM to SD using 7/9; no pooled inference; matched longitudinal n remains uncertain
EEG-R051,Chaudhari et al. 2023,theta,Theta N7 [CHA-NP-TP1-THETA-N07],repeated treatment TP1,7 active / 9 sham instead of 8/8,-0.8127977099,0.2735942899,-0.8839900235974573,0.2818767668903909,-0.07119231369745727,-0.29649595687331537,0.02973677901206763,Reconvert digitized SEM to SD using 7/9; no pooled inference; matched longitudinal n remains uncertain
EEG-R052,Chaudhari et al. 2023,theta,Theta N8 [CHA-NP-TP1-THETA-N08],repeated treatment TP1,7 active / 9 sham instead of 8/8,1.677709679,0.3505253489,1.7707089217685326,0.36594718559792105,0.09299924276853266,0.5283018867924528,0.022159095037089238,Reconvert digitized SEM to SD using 7/9; no pooled inference; matched longitudinal n remains uncertain
EEG-R053,Chaudhari et al. 2023,theta,Theta N9 [CHA-NP-TP1-THETA-N09],repeated treatment TP1,7 active / 9 sham instead of 8/8,1.847784097,0.3719395025,1.7688986583515982,0.3657183419510427,-0.0788854386484017,0.6469002695417789,0.027390094521254568,Reconvert digitized SEM to SD using 7/9; no pooled inference; matched longitudinal n remains uncertain
EEG-R054,Chaudhari et al. 2023,theta,Theta N10 [CHA-NP-TP1-THETA-N10],repeated treatment TP1,7 active / 9 sham instead of 8/8,2.466655645,0.4672996454,2.248599002138762,0.434546735126091,-0.21805664286123783,0.9326145552560647,0.03194542323871521,Reconvert digitized SEM to SD using 7/9; no pooled inference; matched longitudinal n remains uncertain
EEG-R055,Chaudhari et al. 2023,theta,Theta N11 [CHA-NP-TP1-THETA-N11],repeated treatment TP1,7 active / 9 sham instead of 8/8,2.602514227,0.4918957251,2.828283358743944,0.5396534953021085,0.2257691317439443,0.8032345013477089,0.02128726178972835,Reconvert digitized SEM to SD using 7/9; no pooled inference; matched longitudinal n remains uncertain
EEG-R056,Chaudhari et al. 2023,theta,Theta N12 [CHA-NP-TP1-THETA-N12],repeated treatment TP1,7 active / 9 sham instead of 8/8,1.142176401,0.2965916761,1.087293216949609,0.296189916097705,-0.05488318405039094,0.31266846361185985,0.01674646362639039,Reconvert digitized SEM to SD using 7/9; no pooled inference; matched longitudinal n remains uncertain
EEG-R057,Chaudhari et al. 2023,alpha,Alpha N1 [CHA-NP-TP1-ALPHA-N01],repeated treatment TP1,7 active / 9 sham instead of 8/8,0.3087232754,0.2534039307,0.2832400927393542,0.2568334307587896,-0.02548318266064581,0.07898734177215189,0.014628424931901939,Reconvert digitized SEM to SD using 7/9; no pooled inference; matched longitudinal n remains uncertain
EEG-R058,Chaudhari et al. 2023,alpha,Alpha N2 [CHA-NP-TP1-ALPHA-N02],repeated treatment TP1,7 active / 9 sham instead of 8/8,2.891030919,0.5485021347,2.8481903770951456,0.5436892691174464,-0.04284054190485431,0.5650632911392405,0.008537093414516903,Reconvert digitized SEM to SD using 7/9; no pooled inference; matched longitudinal n remains uncertain
EEG-R059,Chaudhari et al. 2023,alpha,Alpha N3 [CHA-NP-TP1-ALPHA-N03],repeated treatment TP1,7 active / 9 sham instead of 8/8,1.808268418,0.3667798097,1.7710003450350713,0.36598404761519476,-0.03726807296492862,0.5346835443037975,0.019538407306521392,Reconvert digitized SEM to SD using 7/9; no pooled inference; matched longitudinal n remains uncertain
EEG-R060,Chaudhari et al. 2023,alpha,Alpha N4 [CHA-NP-TP1-ALPHA-N04],repeated treatment TP1,7 active / 9 sham instead of 8/8,0.6375547628,0.2645170027,0.5805147959906684,0.2660038764098285,-0.057039966809331655,0.2020253164556962,0.022438711744912673,Reconvert digitized SEM to SD using 7/9; no pooled inference; matched longitudinal n remains uncertain
EEG-R061,Chaudhari et al. 2023,alpha,Alpha N5 [CHA-NP-TP1-ALPHA-N05],repeated treatment TP1,7 active / 9 sham instead of 8/8,0.9898977345,0.2849963402,0.9199612413899722,0.2841942784561032,-0.06993649311002781,0.18227848101265826,0.007577247236019869,Reconvert digitized SEM to SD using 7/9; no pooled inference; matched longitudinal n remains uncertain
EEG-R062,Chaudhari et al. 2023,alpha,Alpha N6 [CHA-NP-TP1-ALPHA-N06],repeated treatment TP1,7 active / 9 sham instead of 8/8,0.5326334205,0.2601320843,0.47502434950800215,0.26202711584773614,-0.0576090709919978,0.13367088607594937,0.014074667521230572,Reconvert digitized SEM to SD using 7/9; no pooled inference; matched longitudinal n remains uncertain
EEG-R063,Chaudhari et al. 2023,alpha,Alpha N7 [CHA-NP-TP1-ALPHA-N07],repeated treatment TP1,7 active / 9 sham instead of 8/8,-0.2112267863,0.2515934555,-0.22574307563687643,0.25578825168961095,-0.014516289336876431,-0.07291139240506325,0.02662650216311488,Reconvert digitized SEM to SD using 7/9; no pooled inference; matched longitudinal n remains uncertain
EEG-R064,Chaudhari et al. 2023,alpha,Alpha N8 [CHA-NP-TP1-ALPHA-N08],repeated treatment TP1,7 active / 9 sham instead of 8/8,0.6189884674,0.2636838115,0.6560707037208775,0.2693407099782828,0.03708223632087748,0.19443037974683544,0.02204877423489825,Reconvert digitized SEM to SD using 7/9; no pooled inference; matched longitudinal n remains uncertain
EEG-R065,Chaudhari et al. 2023,alpha,Alpha N9 [CHA-NP-TP1-ALPHA-N09],repeated treatment TP1,7 active / 9 sham instead of 8/8,3.389658332,0.6603494145,3.405949334205521,0.6682714992245051,0.016291002205520932,1.2030379746835442,0.028149335042461143,Reconvert digitized SEM to SD using 7/9; no pooled inference; matched longitudinal n remains uncertain
EEG-R066,Chaudhari et al. 2023,alpha,Alpha N10 [CHA-NP-TP1-ALPHA-N10],repeated treatment TP1,7 active / 9 sham instead of 8/8,1.664740049,0.3489771225,1.658324031216008,0.3521839179864151,-0.006416017783992034,0.40101265822784804,0.01296715269988784,Reconvert digitized SEM to SD using 7/9; no pooled inference; matched longitudinal n remains uncertain
EEG-R067,Chaudhari et al. 2023,alpha,Alpha N11 [CHA-NP-TP1-ALPHA-N11],repeated treatment TP1,7 active / 9 sham instead of 8/8,1.661792768,0.3486269715,1.6471511364593727,0.3508649277660898,-0.014641631540627253,0.5286075949367088,0.022611760935747474,Reconvert digitized SEM to SD using 7/9; no pooled inference; matched longitudinal n remains uncertain
EEG-R068,Chaudhari et al. 2023,alpha,Alpha N12 [CHA-NP-TP1-ALPHA-N12],repeated treatment TP1,7 active / 9 sham instead of 8/8,1.004862706,0.2860624663,0.9560458209308329,0.28661195438680076,-0.04881688506916704,0.3888607594936709,0.03346540618490627,Reconvert digitized SEM to SD using 7/9; no pooled inference; matched longitudinal n remains uncertain
EEG-R069,Chaudhari et al. 2023,beta,Beta N1 [CHA-NP-TP1-BETA-N01],repeated treatment TP1,7 active / 9 sham instead of 8/8,0.5742050341,0.2617754079,0.5210197777354754,0.2636633114250941,-0.05318525636452465,0.09113924050632913,0.005629867008492227,Reconvert digitized SEM to SD using 7/9; no pooled inference; matched longitudinal n remains uncertain
EEG-R070,Chaudhari et al. 2023,beta,Beta N2 [CHA-NP-TP1-BETA-N02],repeated treatment TP1,7 active / 9 sham instead of 8/8,1.98824542,0.3911828519,2.003143316605379,0.3972747949275681,0.01489789660537899,0.44354430379746834,0.011121294664316616,Reconvert digitized SEM to SD using 7/9; no pooled inference; matched longitudinal n remains uncertain
EEG-R071,Chaudhari et al. 2023,beta,Beta N3 [CHA-NP-TP1-BETA-N03],repeated treatment TP1,7 active / 9 sham instead of 8/8,2.560206432,0.4840948919,2.5793900241219947,0.49158442884468484,0.019183592121994497,0.5711392405063291,0.011121294664316616,Reconvert digitized SEM to SD using 7/9; no pooled inference; matched longitudinal n remains uncertain
EEG-R072,Chaudhari et al. 2023,beta,Beta N4 [CHA-NP-TP1-BETA-N04],repeated treatment TP1,7 active / 9 sham instead of 8/8,1.439756161,0.3240320644,1.432882393355762,0.3272951094392874,-0.006873767644238082,0.4253164556962025,0.019501490145809965,Reconvert digitized SEM to SD using 7/9; no pooled inference; matched longitudinal n remains uncertain
EEG-R073,Chaudhari et al. 2023,beta,Beta N5 [CHA-NP-TP1-BETA-N05],repeated treatment TP1,7 active / 9 sham instead of 8/8,0.3531266771,0.2544535161,0.35176570359127457,0.258387507904792,-0.0013609735087254382,0.08506329113924052,0.01296715269988784,Reconvert digitized SEM to SD using 7/9; no pooled inference; matched longitudinal n remains uncertain
EEG-R074,Chaudhari et al. 2023,beta,Beta N6 [CHA-NP-TP1-BETA-N06],repeated treatment TP1,7 active / 9 sham instead of 8/8,1.005038576,0.2860750907,0.9034421531928021,0.28311852983131275,-0.10159642280719794,0.2369620253164557,0.012422624579394326,Reconvert digitized SEM to SD using 7/9; no pooled inference; matched longitudinal n remains uncertain
EEG-R075,Chaudhari et al. 2023,beta,Beta N7 [CHA-NP-TP1-BETA-N07],repeated treatment TP1,7 active / 9 sham instead of 8/8,-0.2381796497,0.2520260552,-0.24277627089412218,0.2560732653150131,-0.004596621194122186,-0.07291139240506331,0.02094125941355552,Reconvert digitized SEM to SD using 7/9; no pooled inference; matched longitudinal n remains uncertain
EEG-R076,Chaudhari et al. 2023,beta,Beta N8 [CHA-NP-TP1-BETA-N08],repeated treatment TP1,7 active / 9 sham instead of 8/8,-0.1318739743,0.250621098,-0.14017451029112818,0.2546700001588024,-0.008300535991128177,-0.03037974683544304,0.011859637878545104,Reconvert digitized SEM to SD using 7/9; no pooled inference; matched longitudinal n remains uncertain
EEG-R077,Chaudhari et al. 2023,beta,Beta N9 [CHA-NP-TP1-BETA-N09],repeated treatment TP1,7 active / 9 sham instead of 8/8,2.348759113,0.4470239061,2.4209619822292328,0.46329171537537167,0.07220286922923291,0.96,0.03733247876942798,Reconvert digitized SEM to SD using 7/9; no pooled inference; matched longitudinal n remains uncertain
EEG-R078,Chaudhari et al. 2023,beta,Beta N10 [CHA-NP-TP1-BETA-N10],repeated treatment TP1,7 active / 9 sham instead of 8/8,2.517994671,0.4764391844,2.4806819413409333,0.47374621447164755,-0.03731272965906651,0.4921518987341772,0.008537093414516903,Reconvert digitized SEM to SD using 7/9; no pooled inference; matched longitudinal n remains uncertain
EEG-R079,Chaudhari et al. 2023,beta,Beta N11 [CHA-NP-TP1-BETA-N11],repeated treatment TP1,7 active / 9 sham instead of 8/8,3.100884807,0.5934102352,3.197466086913215,0.6191035888596864,0.0965812799132153,0.8688607594936708,0.01754488062810447,Reconvert digitized SEM to SD using 7/9; no pooled inference; matched longitudinal n remains uncertain
EEG-R080,Chaudhari et al. 2023,beta,Beta N12 [CHA-NP-TP1-BETA-N12],repeated treatment TP1,7 active / 9 sham instead of 8/8,1.513457092,0.3318054418,1.4597836665618897,0.33007426658114236,-0.053673425438110156,0.44962025316455695,0.019722993110078513,Reconvert digitized SEM to SD using 7/9; no pooled inference; matched longitudinal n remains uncertain
EEG-R081,Chaudhari et al. 2023,gamma,Gamma N1 [CHA-NP-TP1-GAMMA-N01],repeated treatment TP1,7 active / 9 sham instead of 8/8,1.236452158,0.3046004978,1.176384506223486,0.3033925577712066,-0.060067651776514186,0.2452316076294278,0.008790621357349152,Reconvert digitized SEM to SD using 7/9; no pooled inference; matched longitudinal n remains uncertain
EEG-R082,Chaudhari et al. 2023,gamma,Gamma N2 [CHA-NP-TP1-GAMMA-N02],repeated treatment TP1,7 active / 9 sham instead of 8/8,2.952415498,0.5613127597,2.7669321207533835,0.5273937311417116,-0.18548337724661668,0.779291553133515,0.015569200157399637,Reconvert digitized SEM to SD using 7/9; no pooled inference; matched longitudinal n remains uncertain
EEG-R083,Chaudhari et al. 2023,gamma,Gamma N3 [CHA-NP-TP1-GAMMA-N03],repeated treatment TP1,7 active / 9 sham instead of 8/8,3.959245304,0.8098436919,3.657683719470052,0.7317771893852637,-0.30156158452994797,0.6430517711171663,0.005895061957546645,Reconvert digitized SEM to SD using 7/9; no pooled inference; matched longitudinal n remains uncertain
EEG-R084,Chaudhari et al. 2023,gamma,Gamma N4 [CHA-NP-TP1-GAMMA-N04],repeated treatment TP1,7 active / 9 sham instead of 8/8,1.753202243,0.3597756467,1.7724572102868685,0.36616841690746493,0.019254967286868485,0.3869209809264305,0.010884333538744812,Reconvert digitized SEM to SD using 7/9; no pooled inference; matched longitudinal n remains uncertain
EEG-R085,Chaudhari et al. 2023,gamma,Gamma N5 [CHA-NP-TP1-GAMMA-N05],repeated treatment TP1,7 active / 9 sham instead of 8/8,1.444136531,0.3244832258,1.5944171491430819,0.344759898449738,0.1502806181430818,0.3215258855585831,0.01107737083206498,Reconvert digitized SEM to SD using 7/9; no pooled inference; matched longitudinal n remains uncertain
EEG-R086,Chaudhari et al. 2023,gamma,Gamma N6 [CHA-NP-TP1-GAMMA-N06],repeated treatment TP1,7 active / 9 sham instead of 8/8,2.95310935,0.5614591012,2.792634985927613,0.5324971884192153,-0.16047436407238713,0.88283378746594,0.01997193534735576,Reconvert digitized SEM to SD using 7/9; no pooled inference; matched longitudinal n remains uncertain
EEG-R087,Chaudhari et al. 2023,gamma,Gamma N7 [CHA-NP-TP1-GAMMA-N07],repeated treatment TP1,7 active / 9 sham instead of 8/8,0.6614916485,0.2656275429,0.7185451003718712,0.27240779187069764,0.057053451871871275,0.22343324250681199,0.02549577174082516,Reconvert digitized SEM to SD using 7/9; no pooled inference; matched longitudinal n remains uncertain
EEG-R088,Chaudhari et al. 2023,gamma,Gamma N8 [CHA-NP-TP1-GAMMA-N08],repeated treatment TP1,7 active / 9 sham instead of 8/8,1.503764872,0.3307610282,1.3825976413151635,0.3222388338886202,-0.12116723068483659,0.3760217983651226,0.013972930231867487,Reconvert digitized SEM to SD using 7/9; no pooled inference; matched longitudinal n remains uncertain
EEG-R089,Chaudhari et al. 2023,gamma,Gamma N9 [CHA-NP-TP1-GAMMA-N09],repeated treatment TP1,7 active / 9 sham instead of 8/8,0.6579805926,0.2654620879,0.6696721182753896,0.2699847091823771,0.011691525675389669,0.2452316076294278,0.031041881668139197,Reconvert digitized SEM to SD using 7/9; no pooled inference; matched longitudinal n remains uncertain
EEG-R090,Chaudhari et al. 2023,gamma,Gamma N10 [CHA-NP-TP1-GAMMA-N10],repeated treatment TP1,7 active / 9 sham instead of 8/8,0.8613075512,0.2764946678,0.9504970054593502,0.28623413101779654,0.08918945425935021,0.24523160762942778,0.018115807526969535,Reconvert digitized SEM to SD using 7/9; no pooled inference; matched longitudinal n remains uncertain
EEG-R091,Chaudhari et al. 2023,gamma,Gamma N11 [CHA-NP-TP1-GAMMA-N11],repeated treatment TP1,7 active / 9 sham instead of 8/8,0.3966905027,0.2556201198,0.41619324073606295,0.2601545687409106,0.01950273803606295,0.14713896457765668,0.030744901216877403,Reconvert digitized SEM to SD using 7/9; no pooled inference; matched longitudinal n remains uncertain
EEG-R092,Chaudhari et al. 2023,gamma,Gamma N12 [CHA-NP-TP1-GAMMA-N12],repeated treatment TP1,7 active / 9 sham instead of 8/8,2.666000509,0.5038413827,2.7789156758350244,0.5297672658754551,0.11291516683502456,0.7629427792915531,0.018301420309008158,Reconvert digitized SEM to SD using 7/9; no pooled inference; matched longitudinal n remains uncertain
EEG-R093,Chaudhari et al. 2023,delta,Delta N1 [CHA-NP-TP2-DELTA-N01],repeated treatment TP2,7 active / 9 sham instead of 8/8,0.2876790665,0.2529556873,0.2886644554412465,0.2569442242480822,0.0009853889412465011,0.04274809160305343,0.004934444379698153,Reconvert digitized SEM to SD using 7/9; no pooled inference; matched longitudinal n remains uncertain
EEG-R094,Chaudhari et al. 2023,delta,Delta N2 [CHA-NP-TP2-DELTA-N02],repeated treatment TP2,7 active / 9 sham instead of 8/8,1.531564603,0.3337746476,1.6500432122082742,0.3512054897594897,0.11847860920827413,0.21679389312977101,0.0044775945457723905,Reconvert digitized SEM to SD using 7/9; no pooled inference; matched longitudinal n remains uncertain
EEG-R095,Chaudhari et al. 2023,delta,Delta N3 [CHA-NP-TP2-DELTA-N03],repeated treatment TP2,7 active / 9 sham instead of 8/8,0.969458561,0.2835660679,1.0110662852972276,0.29047736229913734,0.04160772429722759,0.18931297709923667,0.008521647922615233,Reconvert digitized SEM to SD using 7/9; no pooled inference; matched longitudinal n remains uncertain
EEG-R096,Chaudhari et al. 2023,delta,Delta N4 [CHA-NP-TP2-DELTA-N04],repeated treatment TP2,7 active / 9 sham instead of 8/8,-0.1216446011,0.2505284789,-0.1159632265610765,0.25444852075091307,0.005681374538923506,-0.021374045801526714,0.006899364838878853,Reconvert digitized SEM to SD using 7/9; no pooled inference; matched longitudinal n remains uncertain
EEG-R097,Chaudhari et al. 2023,delta,Delta N5 [CHA-NP-TP2-DELTA-N05],repeated treatment TP2,7 active / 9 sham instead of 8/8,-1.13905226,0.2963371447,-1.0483992725834383,0.2932232909237355,0.09065298741656158,-0.38167938931297707,0.025091777868422586,Reconvert digitized SEM to SD using 7/9; no pooled inference; matched longitudinal n remains uncertain
EEG-R098,Chaudhari et al. 2023,delta,Delta N6 [CHA-NP-TP2-DELTA-N06],repeated treatment TP2,7 active / 9 sham instead of 8/8,0.7301881036,0.2690419524,0.680246085132096,0.27049449455173763,-0.049942018467904026,0.250381679389313,0.026275858050230177,Reconvert digitized SEM to SD using 7/9; no pooled inference; matched longitudinal n remains uncertain
EEG-R099,Chaudhari et al. 2023,delta,Delta N7 [CHA-NP-TP2-DELTA-N07],repeated treatment TP2,7 active / 9 sham instead of 8/8,0.3209055454,0.2536778703,0.2877822917734151,0.2569260628060525,-0.033123253626584914,0.08854961832061067,0.01701532544723501,Reconvert digitized SEM to SD using 7/9; no pooled inference; matched longitudinal n remains uncertain
EEG-R100,Chaudhari et al. 2023,delta,Delta N8 [CHA-NP-TP2-DELTA-N08],repeated treatment TP2,7 active / 9 sham instead of 8/8,0.820152293,0.2740232066,0.8168909496523266,0.27780078338339254,-0.0032613433476734732,0.30534351145038163,0.03097488491346658,Reconvert digitized SEM to SD using 7/9; no pooled inference; matched longitudinal n remains uncertain
EEG-R101,Chaudhari et al. 2023,delta,Delta N9 [CHA-NP-TP2-DELTA-N09],repeated treatment TP2,7 active / 9 sham instead of 8/8,0.7360707072,0.2693500031,0.7123075368551253,0.2720890406489902,-0.02376317034487474,0.2870229007633588,0.03397937183147835,Reconvert digitized SEM to SD using 7/9; no pooled inference; matched longitudinal n remains uncertain
EEG-R102,Chaudhari et al. 2023,delta,Delta N10 [CHA-NP-TP2-DELTA-N10],repeated treatment TP2,7 active / 9 sham instead of 8/8,0.8143236477,0.2736829644,0.7429303527419796,0.2736805935763012,-0.07139329495802038,0.23206106870229004,0.01814812656605093,Reconvert digitized SEM to SD using 7/9; no pooled inference; matched longitudinal n remains uncertain
EEG-R103,Chaudhari et al. 2023,delta,Delta N11 [CHA-NP-TP2-DELTA-N11],repeated treatment TP2,7 active / 9 sham instead of 8/8,0.654308807,0.2652900005,0.6858038838251752,0.2707656456493145,0.03149507682517516,0.1893129770992366,0.018707534525960027,Reconvert digitized SEM to SD using 7/9; no pooled inference; matched longitudinal n remains uncertain
EEG-R104,Chaudhari et al. 2023,delta,Delta N12 [CHA-NP-TP2-DELTA-N12],repeated treatment TP2,7 active / 9 sham instead of 8/8,1.15653983,0.2977708707,1.0902617165927775,0.2964207757778193,-0.06627811340722256,0.3480916030534351,0.02024357554921042,Reconvert digitized SEM to SD using 7/9; no pooled inference; matched longitudinal n remains uncertain
EEG-R105,Chaudhari et al. 2023,theta,Theta N1 [CHA-NP-TP2-THETA-N01],repeated treatment TP2,7 active / 9 sham instead of 8/8,-0.9954685858,0.2853913466,-1.0994368288470322,0.29713830184772605,-0.10396824304703223,-0.1497326203208556,0.005055906660184736,Reconvert digitized SEM to SD using 7/9; no pooled inference; matched longitudinal n remains uncertain
EEG-R106,Chaudhari et al. 2023,theta,Theta N2 [CHA-NP-TP2-THETA-N02],repeated treatment TP2,7 active / 9 sham instead of 8/8,-0.3407574489,0.2541469871,-0.3360263533539617,0.25800088647355257,0.004731095546038289,-0.0556149732620321,0.005952700963710715,Reconvert digitized SEM to SD using 7/9; no pooled inference; matched longitudinal n remains uncertain
EEG-R107,Chaudhari et al. 2023,theta,Theta N3 [CHA-NP-TP2-THETA-N03],repeated treatment TP2,7 active / 9 sham instead of 8/8,2.472108977,0.4682615283,2.6888538755332734,0.5121802241100506,0.2167448985332734,0.5304812834224599,0.01029025708484658,Reconvert digitized SEM to SD using 7/9; no pooled inference; matched longitudinal n remains uncertain
EEG-R108,Chaudhari et al. 2023,theta,Theta N4 [CHA-NP-TP2-THETA-N04],repeated treatment TP2,7 active / 9 sham instead of 8/8,1.452636601,0.3253626106,1.4068440008102405,0.32465432691881696,-0.0457926001897595,0.3593582887700535,0.013676113128771195,Reconvert digitized SEM to SD using 7/9; no pooled inference; matched longitudinal n remains uncertain
EEG-R109,Chaudhari et al. 2023,theta,Theta N5 [CHA-NP-TP2-THETA-N05],repeated treatment TP2,7 active / 9 sham instead of 8/8,-0.5970373135,0.2627304841,-0.5420846872975391,0.26446310426119934,0.054952626202460886,-0.15401069518716576,0.014870313706425692,Reconvert digitized SEM to SD using 7/9; no pooled inference; matched longitudinal n remains uncertain
EEG-R110,Chaudhari et al. 2023,theta,Theta N6 [CHA-NP-TP2-THETA-N06],repeated treatment TP2,7 active / 9 sham instead of 8/8,0.4751437461,0.2580629136,0.42667488601236314,0.2604700917665991,-0.048468860087636845,0.13262032085561498,0.017409705739369154,Reconvert digitized SEM to SD using 7/9; no pooled inference; matched longitudinal n remains uncertain
EEG-R111,Chaudhari et al. 2023,theta,Theta N7 [CHA-NP-TP2-THETA-N07],repeated treatment TP2,7 active / 9 sham instead of 8/8,-1.505781341,0.330977766,-1.6283442434431565,0.3486648602237706,-0.12256290244315649,-0.6459893048128342,0.04112899997140324,Reconvert digitized SEM to SD using 7/9; no pooled inference; matched longitudinal n remains uncertain
EEG-R112,Chaudhari et al. 2023,theta,Theta N8 [CHA-NP-TP2-THETA-N08],repeated treatment TP2,7 active / 9 sham instead of 8/8,1.347961114,0.3148928274,1.4122041615475853,0.3251939894644082,0.06424304754758525,0.4449197860962567,0.024346135148274186,Reconvert digitized SEM to SD using 7/9; no pooled inference; matched longitudinal n remains uncertain
EEG-R113,Chaudhari et al. 2023,theta,Theta N9 [CHA-NP-TP2-THETA-N09],repeated treatment TP2,7 active / 9 sham instead of 8/8,1.271628835,0.3077514248,1.2508816195650476,0.3098505691884567,-0.020747215434952393,0.41925133689839567,0.02429122937458892,Reconvert digitized SEM to SD using 7/9; no pooled inference; matched longitudinal n remains uncertain
EEG-R114,Chaudhari et al. 2023,theta,Theta N10 [CHA-NP-TP2-THETA-N10],repeated treatment TP2,7 active / 9 sham instead of 8/8,2.299925993,0.4389164134,2.1654715846604757,0.4214420819672522,-0.13445440833952427,0.5946524064171124,0.014938945923532274,Reconvert digitized SEM to SD using 7/9; no pooled inference; matched longitudinal n remains uncertain
EEG-R115,Chaudhari et al. 2023,theta,Theta N11 [CHA-NP-TP2-THETA-N11],repeated treatment TP2,7 active / 9 sham instead of 8/8,0.3116367043,0.2534684798,0.3382118982821972,0.2580535142589556,0.02657519398219721,0.09839572192513371,0.022278017672795906,Reconvert digitized SEM to SD using 7/9; no pooled inference; matched longitudinal n remains uncertain
EEG-R116,Chaudhari et al. 2023,theta,Theta N12 [CHA-NP-TP2-THETA-N12],repeated treatment TP2,7 active / 9 sham instead of 8/8,0.5925718096,0.2625407625,0.5714548262690248,0.2656311331991883,-0.021116983330975225,0.1582887700534759,0.01594555177442878,Reconvert digitized SEM to SD using 7/9; no pooled inference; matched longitudinal n remains uncertain
EEG-R117,Chaudhari et al. 2023,alpha,Alpha N1 [CHA-NP-TP2-ALPHA-N01],repeated treatment TP2,7 active / 9 sham instead of 8/8,-1.586738063,0.3399192028,-1.6372327319384958,0.3497015046300679,-0.050494668938495746,-0.20556745182012848,0.0037507623034632644,Reconvert digitized SEM to SD using 7/9; no pooled inference; matched longitudinal n remains uncertain
EEG-R118,Chaudhari et al. 2023,alpha,Alpha N2 [CHA-NP-TP2-ALPHA-N02],repeated treatment TP2,7 active / 9 sham instead of 8/8,-0.9467002042,0.282008617,-1.0106317272160237,0.29044598568452695,-0.06393152301602367,-0.16702355460385443,0.006955875812168426,Reconvert digitized SEM to SD using 7/9; no pooled inference; matched longitudinal n remains uncertain
EEG-R119,Chaudhari et al. 2023,alpha,Alpha N3 [CHA-NP-TP2-ALPHA-N03],repeated treatment TP2,7 active / 9 sham instead of 8/8,0.7223555568,0.2686356268,0.7323110707028089,0.27312109340660734,0.00995551390280891,0.19271948608137046,0.015906350159797147,Reconvert digitized SEM to SD using 7/9; no pooled inference; matched longitudinal n remains uncertain
EEG-R120,Chaudhari et al. 2023,alpha,Alpha N4 [CHA-NP-TP2-ALPHA-N04],repeated treatment TP2,7 active / 9 sham instead of 8/8,-0.6426865925,0.2647516449,-0.5919994260222883,0.2664848011257796,0.050687166477711765,-0.16274089935760172,0.014329012467387168,Reconvert digitized SEM to SD using 7/9; no pooled inference; matched longitudinal n remains uncertain
EEG-R121,Chaudhari et al. 2023,alpha,Alpha N5 [CHA-NP-TP2-ALPHA-N05],repeated treatment TP2,7 active / 9 sham instead of 8/8,-0.72401409,0.2687213001,-0.672960932960055,0.2701424117286278,0.05105315703994506,-0.15417558886509636,0.010133477616936205,Reconvert digitized SEM to SD using 7/9; no pooled inference; matched longitudinal n remains uncertain
EEG-R122,Chaudhari et al. 2023,alpha,Alpha N6 [CHA-NP-TP2-ALPHA-N06],repeated treatment TP2,7 active / 9 sham instead of 8/8,0.05036111299,0.2500905801,0.045180477880938846,0.254041156667595,-0.005180635109061152,0.012847965738758016,0.01454452081489667,Reconvert digitized SEM to SD using 7/9; no pooled inference; matched longitudinal n remains uncertain
EEG-R123,Chaudhari et al. 2023,alpha,Alpha N7 [CHA-NP-TP2-ALPHA-N07],repeated treatment TP2,7 active / 9 sham instead of 8/8,-0.7934754499,0.2724858318,-0.8325267249737286,0.2787218521038069,-0.03905127507372863,-0.30406852248394,0.03281687751330879,Reconvert digitized SEM to SD using 7/9; no pooled inference; matched longitudinal n remains uncertain
EEG-R124,Chaudhari et al. 2023,alpha,Alpha N8 [CHA-NP-TP2-ALPHA-N08],repeated treatment TP2,7 active / 9 sham instead of 8/8,0.0,0.25,0.0,0.25396825396825395,0.0,0.0,0.013242300161860525,Reconvert digitized SEM to SD using 7/9; no pooled inference; matched longitudinal n remains uncertain
EEG-R125,Chaudhari et al. 2023,alpha,Alpha N9 [CHA-NP-TP2-ALPHA-N09],repeated treatment TP2,7 active / 9 sham instead of 8/8,1.411923439,0.3211974213,1.4489382007411928,0.32894760788136557,0.03701476174119289,0.4925053533190578,0.027190734058113883,Reconvert digitized SEM to SD using 7/9; no pooled inference; matched longitudinal n remains uncertain
EEG-R126,Chaudhari et al. 2023,alpha,Alpha N10 [CHA-NP-TP2-ALPHA-N10],repeated treatment TP2,7 active / 9 sham instead of 8/8,2.01323161,0.3947536255,2.129929345972837,0.41598964749812095,0.11669773597283672,0.4582441113490364,0.011577842073648831,Reconvert digitized SEM to SD using 7/9; no pooled inference; matched longitudinal n remains uncertain
EEG-R127,Chaudhari et al. 2023,alpha,Alpha N11 [CHA-NP-TP2-ALPHA-N11],repeated treatment TP2,7 active / 9 sham instead of 8/8,0.2543926203,0.2523112716,0.25536425870294466,0.2562972148476434,0.0009716384029446745,0.06852248394004282,0.016213564187097927,Reconvert digitized SEM to SD using 7/9; no pooled inference; matched longitudinal n remains uncertain
EEG-R128,Chaudhari et al. 2023,alpha,Alpha N12 [CHA-NP-TP2-ALPHA-N12],repeated treatment TP2,7 active / 9 sham instead of 8/8,0.5771918647,0.2618982303,0.5172329317919435,0.2635228934586143,-0.05995893290805643,0.17130620985010708,0.019684624167197795,Reconvert digitized SEM to SD using 7/9; no pooled inference; matched longitudinal n remains uncertain
EEG-R129,Chaudhari et al. 2023,beta,Beta N1 [CHA-NP-TP2-BETA-N01],repeated treatment TP2,7 active / 9 sham instead of 8/8,-1.561121277,0.3370392729,-1.4498606227833022,0.329043104878882,0.11126065421669784,-0.21656050955414013,0.004300377297253438,Reconvert digitized SEM to SD using 7/9; no pooled inference; matched longitudinal n remains uncertain
EEG-R130,Chaudhari et al. 2023,beta,Beta N2 [CHA-NP-TP2-BETA-N02],repeated treatment TP2,7 active / 9 sham instead of 8/8,0.6237949134,0.2638971462,0.6498803783213885,0.26905198632993793,0.026085464921388413,0.118895966029724,0.00811842716179606,Reconvert digitized SEM to SD using 7/9; no pooled inference; matched longitudinal n remains uncertain
EEG-R131,Chaudhari et al. 2023,beta,Beta N3 [CHA-NP-TP2-BETA-N03],repeated treatment TP2,7 active / 9 sham instead of 8/8,1.438045276,0.323856222,1.499259273456278,0.3342460528627056,0.06121399745627798,0.3439490445859873,0.0127839308333446,Reconvert digitized SEM to SD using 7/9; no pooled inference; matched longitudinal n remains uncertain
EEG-R132,Chaudhari et al. 2023,beta,Beta N4 [CHA-NP-TP2-BETA-N04],repeated treatment TP2,7 active / 9 sham instead of 8/8,0.1836613267,0.2512046958,0.19619118456379137,0.2553429318575591,0.012529857863791377,0.05095541401273884,0.017201509189013753,Reconvert digitized SEM to SD using 7/9; no pooled inference; matched longitudinal n remains uncertain
EEG-R133,Chaudhari et al. 2023,beta,Beta N5 [CHA-NP-TP2-BETA-N05],repeated treatment TP2,7 active / 9 sham instead of 8/8,-0.6884732337,0.2669284069,-0.7373002570655263,0.27338295643500005,-0.048827023365526245,-0.12314225053078559,0.00714926456335844,Reconvert digitized SEM to SD using 7/9; no pooled inference; matched longitudinal n remains uncertain
EEG-R134,Chaudhari et al. 2023,beta,Beta N6 [CHA-NP-TP2-BETA-N06],repeated treatment TP2,7 active / 9 sham instead of 8/8,0.5677455531,0.2615119648,0.5154625250946747,0.26345759735314606,-0.05228302800532525,0.1316348195329087,0.012013108487610497,Reconvert digitized SEM to SD using 7/9; no pooled inference; matched longitudinal n remains uncertain
EEG-R135,Chaudhari et al. 2023,beta,Beta N7 [CHA-NP-TP2-BETA-N07],repeated treatment TP2,7 active / 9 sham instead of 8/8,-0.7550897674,0.270362877,-0.7723951377975687,0.27527519142872986,-0.017305370397568742,-0.24628450106157113,0.023773783926325613,Reconvert digitized SEM to SD using 7/9; no pooled inference; matched longitudinal n remains uncertain
EEG-R136,Chaudhari et al. 2023,beta,Beta N8 [CHA-NP-TP2-BETA-N08],repeated treatment TP2,7 active / 9 sham instead of 8/8,-0.7684111418,0.271087703,-0.8236278207122759,0.27819549636294155,-0.055216678912275885,-0.15286624203821655,0.008844172177370279,Reconvert digitized SEM to SD using 7/9; no pooled inference; matched longitudinal n remains uncertain
EEG-R137,Chaudhari et al. 2023,beta,Beta N9 [CHA-NP-TP2-BETA-N09],repeated treatment TP2,7 active / 9 sham instead of 8/8,1.678198987,0.3505839943,1.7352475652799453,0.361506972282896,0.05704857827994525,0.7176220806794055,0.04086259978993964,Reconvert digitized SEM to SD using 7/9; no pooled inference; matched longitudinal n remains uncertain
EEG-R138,Chaudhari et al. 2023,beta,Beta N10 [CHA-NP-TP2-BETA-N10],repeated treatment TP2,7 active / 9 sham instead of 8/8,1.856909299,0.3731468624,1.8812992991000945,0.3803713629966292,0.02439000010009451,0.3609341825902336,0.008442983938947263,Reconvert digitized SEM to SD using 7/9; no pooled inference; matched longitudinal n remains uncertain
EEG-R139,Chaudhari et al. 2023,beta,Beta N11 [CHA-NP-TP2-BETA-N11],repeated treatment TP2,7 active / 9 sham instead of 8/8,1.580226937,0.3391827562,1.6369578781506002,0.3496693644982295,0.05673094115060029,0.46284501061571126,0.019171388517000915,Reconvert digitized SEM to SD using 7/9; no pooled inference; matched longitudinal n remains uncertain
EEG-R140,Chaudhari et al. 2023,beta,Beta N12 [CHA-NP-TP2-BETA-N12],repeated treatment TP2,7 active / 9 sham instead of 8/8,0.9211728297,0.2803056922,0.8903954883544092,0.2822826870283213,-0.030777341345590847,0.267515923566879,0.01884683173984971,Reconvert digitized SEM to SD using 7/9; no pooled inference; matched longitudinal n remains uncertain
EEG-R141,Chaudhari et al. 2023,gamma,Gamma N1 [CHA-NP-TP2-GAMMA-N01],repeated treatment TP2,7 active / 9 sham instead of 8/8,-1.506413567,0.3310457798,-1.487638356095845,0.33300639248709496,0.018775210904155015,-0.3411513859275053,0.011461122653561313,Reconvert digitized SEM to SD using 7/9; no pooled inference; matched longitudinal n remains uncertain
EEG-R142,Chaudhari et al. 2023,gamma,Gamma N2 [CHA-NP-TP2-GAMMA-N02],repeated treatment TP2,7 active / 9 sham instead of 8/8,0.2645918071,0.2525003152,0.2491703195059905,0.25618560568692245,-0.01542148759400952,0.07249466950959488,0.016775701147021517,Reconvert digitized SEM to SD using 7/9; no pooled inference; matched longitudinal n remains uncertain
EEG-R143,Chaudhari et al. 2023,gamma,Gamma N3 [CHA-NP-TP2-GAMMA-N03],repeated treatment TP2,7 active / 9 sham instead of 8/8,2.374731755,0.4514053896,2.266570185180107,0.4374446969806606,-0.108161569819893,0.4520255863539445,0.008096889903210114,Reconvert digitized SEM to SD using 7/9; no pooled inference; matched longitudinal n remains uncertain
EEG-R144,Chaudhari et al. 2023,gamma,Gamma N4 [CHA-NP-TP2-GAMMA-N04],repeated treatment TP2,7 active / 9 sham instead of 8/8,0.486134919,0.2584402557,0.5001656164073441,0.262902741248116,0.01403069740734414,0.12366737739872069,0.014461654566036708,Reconvert digitized SEM to SD using 7/9; no pooled inference; matched longitudinal n remains uncertain
EEG-R145,Chaudhari et al. 2023,gamma,Gamma N5 [CHA-NP-TP2-GAMMA-N05],repeated treatment TP2,7 active / 9 sham instead of 8/8,0.6260567665,0.2639981098,0.6961669677752111,0.27127712707615864,0.07011020127521117,0.1705756929637527,0.016589304467610165,Reconvert digitized SEM to SD using 7/9; no pooled inference; matched longitudinal n remains uncertain
EEG-R146,Chaudhari et al. 2023,gamma,Gamma N6 [CHA-NP-TP2-GAMMA-N06],repeated treatment TP2,7 active / 9 sham instead of 8/8,1.338084331,0.3139453456,1.287466770083582,0.31316720697073436,-0.05061756091641789,0.4189765458422175,0.021909565786662182,Reconvert digitized SEM to SD using 7/9; no pooled inference; matched longitudinal n remains uncertain
EEG-R147,Chaudhari et al. 2023,gamma,Gamma N7 [CHA-NP-TP2-GAMMA-N07],repeated treatment TP2,7 active / 9 sham instead of 8/8,0.257582621,0.2523696002,0.28113472673750006,0.25679099448888854,0.02355210573750005,0.08528784648187632,0.02449979769140893,Reconvert digitized SEM to SD using 7/9; no pooled inference; matched longitudinal n remains uncertain
EEG-R148,Chaudhari et al. 2023,gamma,Gamma N8 [CHA-NP-TP2-GAMMA-N08],repeated treatment TP2,7 active / 9 sham instead of 8/8,1.546945141,0.3354656882,1.4544055905669768,0.32951452617798527,-0.09253955043302309,0.27292110874200426,0.0069557785243747755,Reconvert digitized SEM to SD using 7/9; no pooled inference; matched longitudinal n remains uncertain
EEG-R149,Chaudhari et al. 2023,gamma,Gamma N9 [CHA-NP-TP2-GAMMA-N09],repeated treatment TP2,7 active / 9 sham instead of 8/8,-0.1555497853,0.2508641334,-0.1725967250074837,0.25503216930694356,-0.017046939707483694,-0.05970149253731341,0.03291947208823382,Reconvert digitized SEM to SD using 7/9; no pooled inference; matched longitudinal n remains uncertain
EEG-R150,Chaudhari et al. 2023,gamma,Gamma N10 [CHA-NP-TP2-GAMMA-N10],repeated treatment TP2,7 active / 9 sham instead of 8/8,1.167224252,0.2986575876,1.2760615548171546,0.31212300724262443,0.10883730281715454,0.3795309168443497,0.023626915680506996,Reconvert digitized SEM to SD using 7/9; no pooled inference; matched longitudinal n remains uncertain
EEG-R151,Chaudhari et al. 2023,gamma,Gamma N11 [CHA-NP-TP2-GAMMA-N11],repeated treatment TP2,7 active / 9 sham instead of 8/8,0.7943144993,0.2725334116,0.8337735697629396,0.27879605274094094,0.039459070462939616,0.3368869936034115,0.04019803510622338,Reconvert digitized SEM to SD using 7/9; no pooled inference; matched longitudinal n remains uncertain
EEG-R152,Chaudhari et al. 2023,gamma,Gamma N12 [CHA-NP-TP2-GAMMA-N12],repeated treatment TP2,7 active / 9 sham instead of 8/8,2.211168945,0.424616718,2.5012317489639706,0.4774025490405884,0.2900628039639708,0.5756929637526652,0.015148139897527288,Reconvert digitized SEM to SD using 7/9; no pooled inference; matched longitudinal n remains uncertain
