cohort_id,study,outcome_id,domain,role,source_row,source_location,source_url,design,comparator,timing,old_g,old_vi,original_metric,original_derivation,n1,n0,m1,sd1,m0,sd0,pre1,preSD1,pre0,preSD0,change1,changeSD1,change0,changeSD0,sign,t,reported_d,route,contrast,denominator,include,reason,assumptions,r_source,imputed_r,major_rob,digitized,reconstructed,population_group,schedule_group,domain_group,design_group,comparator_intensity,industry_status,legacy_reconstructed_flag,original_correction_df,original_J_approximation,original_J_status,original_denominator,original_variance_convention
COG-TANG-2023,Tang et al. 2023,Cog-DMS-RCS-all,Memory,representative,2,"Frozen Outcome Data row 2; Full text Table 3. Each of seven randomized parallel groups had n=8. Primary broad estimate combines all six active arms before comparison with the single shared sham: active n=48, post DMS RCS=.4200, pooled SD=.10708; sham n=8, post=.3900, SD=.1100. Pre values: active=.37667, pooled SD=.09855; sham=.3900, SD=.1400. Composite calculated using standard within-plus-between-arm sums of squares. This avoids selective inclusion of favorable arms and double counting the shared sham. Post-score Hedges g is used because change-score SDs and exact group×time tests were not reported.",https://docs.google.com/spreadsheets/d/1nL-UxVKVvhbF2QcCERRsBXHrWlpq9aQEzhIbh5sf8nY/edit#gid=967343991,Parallel seven-arm RCT,Sham,Acute post,0.27527228150439736,0.14653495212004294,SMD,"Raw post; Full text Table 3. Each of seven randomized parallel groups had n=8. Primary broad estimate combines all six active arms before comparison with the single shared sham: active n=48, post DMS RCS=.4200, pooled SD=.10708; sham n=8, post=.3900, SD=.1100. Pre values: active=.37667, pooled SD=.09855; sham=.3900, SD=.1400. Composite calculated using standard within-plus-between-arm sums of squares. This avoids selective inclusion of favorable arms and double counting the shared sham. Post-score Hedges g is used because change-score SDs and exact group×time tests were not reported.",48.0,8.0,0.42,0.10707921108603906,0.39,0.11,0.37666666666666665,0.09854976782107938,0.39,0.14,,,,,1.0,,,SMD,Independent randomized active-control post-treatment,Pooled between-person endpoint SD,1,Comparable raw-score standardizer; exact J and metafor SMD LS variance replace legacy approximations,,Not required,0,0,0,0,Healthy/cognitively normal,Single-session/acute,Memory/working memory,Parallel-group,No therapeutic light/control,No documented industry association,0,54.0,0.986046511627907,Legacy approximation 1-3/(4df-1); source-specific verification below; not exact gamma correction,Pooled between-person endpoint SD,1/n1+1/n0 + g^2/(2df); sampling base term not multiplied by J^2
COG-HWANG-2016,Hwang et al. 2016,Cog-DMS-correct,Memory,representative,21,Frozen Outcome Data row 21; Table 3 exact mean±SD; LLLT vs CON. Prespecified primary Hwang cognitive endpoint.,https://docs.google.com/spreadsheets/d/1nL-UxVKVvhbF2QcCERRsBXHrWlpq9aQEzhIbh5sf8nY/edit#gid=967343991,Multi-arm RCT,Control,Immediate post,1.1478623714088778,0.11733668452232122,SMD,Raw post; Table 3 exact mean±SD; LLLT vs CON. Prespecified primary Hwang cognitive endpoint.,15,15,27.73,1.83,25.27,2.34,26.6,1.76,27.0,1.56,,,,,1.0,,,SMD,Independent randomized active-control post-treatment,Pooled between-person endpoint SD,1,Comparable raw-score standardizer; exact J and metafor SMD LS variance replace legacy approximations,,Not required,0,0,0,0,Healthy/cognitively normal,Single-session/acute,Memory/working memory,Parallel-group,Low/nonzero-output sham,No documented industry association,0,38.0,0.9801324503311258,Legacy approximation 1-3/(4df-1); source-specific verification below; not exact gamma correction,Pooled between-person endpoint SD,1/n1+1/n0 + g^2/(2df); sampling base term not multiplied by J^2
COG-CHAN-2019-OLDER,Chan et al. 2019,Cog-Flanker-incongruent-RT,Executive / sustained attention,representative,22,Chan 2019 Figure 2 original embedded PDF image; n=15 per arm; caption one SE; paired t in Results.,https://docs.google.com/spreadsheets/d/1nL-UxVKVvhbF2QcCERRsBXHrWlpq9aQEzhIbh5sf8nY/edit#gid=967343991,Parallel RCT,Sham,Immediate post,0.7519849554779384,0.14343121499878256,SMD,"F-derived interaction; Full text reports group×time F(1,28)=4.48, p=.043. Hedges g derived from signed change contrast using t=√F and equal n=15/arm; sign set from reported greater RT decrease with active PBM. Within-active d=.55 is not used for pooling.",15,15,578.8546255506608,81.32696307014108,575.6240822320117,80.33170303256941,607.7092511013216,95.40278360151163,566.0058737151248,65.68716247972932,-28.854625550660785,52.221254307831884,9.618208516886853,47.15336886867483,-1,,,controlled_SMCRH,Between-arm difference in baseline-SD-standardized pre/post change,Each randomized arm baseline raw-score SD,1,Recovered raw-score baseline standardizer from figure explicitly labeled one SEM; approximate digitization.,Digitized SEM multiplied by sqrt(n). Rounded paired t reconstructs change SD.,"Derived from digitized marginal SDs and reconstructed change SD, not imputed",0,0,1,1,Healthy/cognitively normal,Single-session/acute,Other cognitive domains,Parallel-group,No therapeutic light/control,No documented industry association,1,28.0,0.972972972972973,Legacy approximation 1-3/(4df-1); source-specific verification below; not exact gamma correction,Interaction/adjusted model change or residual SD; marginal raw-score scale not identified,1/n1+1/n0 + g^2/(2df); sampling base term not multiplied by J^2
COG-DOUGAL-2021,Dougal et al. 2021,Cog-ANAM-composite,Global cognition,representative,29,"Frozen Outcome Data row 29; Tables 1, 3 and 4. Analyzed n=14 active, n=13 placebo. Change SDs converted from reported SE: active .11×√14=.4116; placebo .15×√13=.5408. Baseline imbalance supports change-score route. Composite selected as primary.; Dougal_PDF.txt Tables3-4 baseline SE times sqrt(analyzed n14/13)",https://docs.google.com/spreadsheets/d/1nL-UxVKVvhbF2QcCERRsBXHrWlpq9aQEzhIbh5sf8nY/edit#gid=967343991,Parallel placebo RCT,Placebo,35–55 days,0.933173015934892,0.1657678859050288,SMD,"Raw change; Tables 1, 3 and 4. Analyzed n=14 active, n=13 placebo. Change SDs converted from reported SE: active .11×√14=.4116; placebo .15×√13=.5408. Baseline imbalance supports change-score route. Composite selected as primary.",14.0,13.0,0.72,,-0.47,,0.22,0.8231646250902671,-0.51,0.9374433316206372,0.5,0.4115823125,0.04,0.5408326913,1.0,,,controlled_SMCRH,Active pre-post change minus control pre-post change,Between-person baseline SD within each randomized arm,1,Difference of raw-score-standardized arm changes; sum independent arm variances (Becker/Morris implementation),Separate arm baseline SDs; paired change variation retained; no uncontrolled effect pooled,Observed/reconstructed change SD used directly; no imputed paired correlation needed,0,0,0,0,Healthy/cognitively normal,Repeated treatment,Global cognition,Parallel-group,No therapeutic light/control,Documented industry association,0,25.0,0.9696969696969697,Legacy approximation 1-3/(4df-1); source-specific verification below; not exact gamma correction,Pooled between-person SD of individual change scores,1/n1+1/n0 + g^2/(2df); sampling base term not multiplied by J^2
COG-CHAN-2021-DIFFICULT,Chan et al. 2021 difficult task,Cog-3back-Aprime,Memory,representative,37,"Frozen Outcome Data row 37; Full text: active n=18, control n=15. Baseline corrected to active A′ 0.91±0.05 and control 0.92±0.04. Exact post between-group t(31)=−0.279, p=.78 converted to Hedges g. Selected primary cognition outcome under accuracy-over-RT rule. No figure digitization required.",https://docs.google.com/spreadsheets/d/1nL-UxVKVvhbF2QcCERRsBXHrWlpq9aQEzhIbh5sf8nY/edit#gid=967343991,Parallel RCT,Sham,Immediate post,-0.09516021744373082,0.122368278141318,SMD,"t-derived independent post; Full text: active n=18, control n=15. Baseline corrected to active A′ 0.91±0.05 and control 0.92±0.04. Exact post between-group t(31)=−0.279, p=.78 converted to Hedges g. Selected primary cognition outcome under accuracy-over-RT rule. No figure digitization required.",18.0,15.0,,,,,0.91,0.05,0.92,0.04,,,,,1.0,-0.279,,SMD_t,Independent randomized active-control post-treatment,Pooled between-person endpoint SD,1,Comparable raw-score standardizer; exact J and metafor SMD LS variance replace legacy approximations,Exact independent post t(31); n18/15,Not required,0,0,0,1,Healthy/cognitively normal,Single-session/acute,Memory/working memory,Parallel-group,No therapeutic light/control,Documented industry association,1,31.0,0.975609756097561,Legacy approximation 1-3/(4df-1); source-specific verification below; not exact gamma correction,Pooled between-person endpoint SD,1/n1+1/n0 + g^2/(2df); sampling base term not multiplied by J^2
COG-YANG-2024-LANGUAGE,Yang et al. 2024,Cog-language,Language,representative,41,"Frozen Outcome Data row 41; Full text, Results §§3.1–3.3; Figs. 3–4. Valid analyzed sample: L1 n=28 and L2 n=28 (total paired n=56). Study-level sentence-processing P (lower=better): sham 2556.09±733.21 ms; active 2343.36±674.59 ms. Mixed repeated-measures stimulation effect F(1,54)=10.931, p=.002, partial eta²=.168; signed t-equivalent=-sqrt(F)=-3.3062 used for paired Hedges g, with direction multiplier -1. No stimulation×group interaction: F(1,54)=0.809, p=.372. Sensitivity/subgroup data retained: L1 sham 2104.35±442.42, active 1948.92±395.06, t(27)=2.085, d=.394, p=.047; L2 sham 3009.46±688.90, active 2737.80±669.50, t(27)=2.575, d=.487, p=.016. Verbal WM stimulation F(1,54)=1.835,p=.181; visual WM F(1,54)=0.016,p=.899. Fig. 4 correlations are behavioral moderators, not EEG links.",https://docs.google.com/spreadsheets/d/1nL-UxVKVvhbF2QcCERRsBXHrWlpq9aQEzhIbh5sf8nY/edit#gid=967343991,Crossover sham controlled,Sham,Immediate post,0.4356456026309801,0.019056808368561055,Paired SMD,"t-derived paired; Full text, Results §§3.1–3.3; Figs. 3–4. Valid analyzed sample: L1 n=28 and L2 n=28 (total paired n=56). Study-level sentence-processing P (lower=better): sham 2556.09±733.21 ms; active 2343.36±674.59 ms. Mixed repeated-measures stimulation effect F(1,54)=10.931, p=.002, partial eta²=.168; signed t-equivalent=-sqrt(F)=-3.3062 used for paired Hedges g, with direction multiplier -1. No stimulation×group interaction: F(1,54)=0.809, p=.372. Sensitivity/subgroup data retained: L1 sham 2104.35±442.42, active 1948.92±395.06, t(27)=2.085, d=.394, p=.047; L2 sham 3009.46±688.90, active 2737.80±669.50, t(27)=2.575, d=.487, p=.016. Verbal WM stimulation F(1,54)=1.835,p=.181; visual WM F(1,54)=0.016,p=.899. Fig. 4 correlations are behavioral moderators, not EEG links.",56.0,56.0,2343.36,674.59,2556.09,733.21,,,,,,,,,-1.0,,,SMCRPH,Within-person active-sham condition endpoint,Square root of mean active/sham marginal variances,1,Replace dz with raw-score standardization; pairing retained in variance,"Marginal condition SDs treated as participant SDs; approximate normal theory; crossover period/carryover not separately recoverable; do not derive a paired correlation from mixed-model F(1,54); pooled n56 raw summaries used; language-group stratification omitted in marginal contrast","Imputed active-sham correlation .50, sensitivity .20/.80",1,0,0,0,Healthy/cognitively normal,Single-session/acute,Other cognitive domains,Crossover/within-person,No therapeutic light/control,No documented industry association,1,54,0.986046511627907,Legacy approximation 1-3/(4df-1); source-specific verification below; not exact gamma correction,Within-person difference SD / dz-type reconstruction,Japprox^2/n + g^2/(2n); J df54; matches stored variance
COG-ZHAO-C-2022-VWM-EXP1-2-AGG,Zhao C et al. 2022 — visual WM/CDA (Sci Adv),Cog-VWM-K,Memory,representative,42,"Frozen Outcome Data row 42; Full text Results; Figs. 1 and 6. Primary cognition estimate aggregates two independent 1064-nm/right-PFC crossover samples: Exp.1 orientation K, n=23, t(22)=2.841,p=.009, reported d=.568, t-derived g=.5720,var=.04764, mean active−sham change=.186±.065; Exp.2 color K, n=18, t(17)=2.760,p=.013, reported d=.651, t-derived g=.6214,var=.06142, change=.188±.051. Fixed within-paper aggregate g=.5936,var=.02683. Experiments 3 (852 nm right PFC,n=19) and 4 (1064 nm left PFC,n=19) are parameter-control sensitivity evidence and are not included in this primary efficacy estimate. QC flag: the printed main-effect partial η²=.925 is incompatible with F(1,40)=13.436, and Exp.4 repeats t/d values that conflict with its stated change; verify supplement/author data before pooling Exp.3–4.",https://docs.google.com/spreadsheets/d/1nL-UxVKVvhbF2QcCERRsBXHrWlpq9aQEzhIbh5sf8nY/edit#gid=967343991,Two independent randomized crossover experiments (Exp. 1–2),Sham,Same-session post,0.5935632186544694,0.026830392308311357,Paired SMD,"Reported effect—within-paper aggregate; Full text Results; Figs. 1 and 6. Primary cognition estimate aggregates two independent 1064-nm/right-PFC crossover samples: Exp.1 orientation K, n=23, t(22)=2.841,p=.009, reported d=.568, t-derived g=.5720,var=.04764, mean active−sham change=.186±.065; Exp.2 color K, n=18, t(17)=2.760,p=.013, reported d=.651, t-derived g=.6214,var=.06142, change=.188±.051. Fixed within-paper aggregate g=.5936,var=.02683. Experiments 3 (852 nm right PFC,n=19) and 4 (1064 nm left PFC,n=19) are parameter-control sensitivity evidence and are not included in this primary efficacy estimate. QC flag: the printed main-effect partial η²=.925 is incompatible with F(1,40)=13.436, and Exp.4 repeats t/d values that conflict with its stated change; verify supplement/author data before pooling Exp.3–4.",41.0,,,,,,,,,,,,,,1.0,,,outside_harmonized_pool,Controlled contrast; scale or variance unresolved,Original incompatible/unresolved denominator; retained only in separate audit,0,"Paired t-derived dz aggregate; condition SDs/correlation not in frozen numeric input. OSF raw files recovered, but orientation archive mixes experiments and published/code subject lists do not resolve the n23/n18 behavioral analysis sets. No unverified cohort selection or universal dz conversion.",,Not required,0,0,0,1,Healthy/cognitively normal,Single-session/acute,Memory/working memory,Crossover/within-person,No therapeutic light/control,No documented industry association,1,22;17 (separate experiments),0.9655172414;0.9552238806,Legacy approximation 1-3/(4df-1); source-specific verification below; not exact gamma correction,Within-person difference SD / dz-type reconstruction,"Inverse-variance fixed aggregate of two paired dz estimates; retain component-specific df/J, not df40 aggregate correction"
COG-CHAN-2021-MCI,Chan et al. 2021 MCI,Cog-VMS-total,Memory,representative,58,Chan 2021 Figure 3a supplied image; reported text means and paired t; n=9 per arm.,https://docs.google.com/spreadsheets/d/1nL-UxVKVvhbF2QcCERRsBXHrWlpq9aQEzhIbh5sf8nY/edit#gid=967343991,Parallel RCT in MCI,Sham,Immediate post,0.5850238381647453,0.23291762507287878,Change-score SMD,Raw change; Exact means from Results/Fig. 3. Change SDactive=(14.3/2.3)×√9=18.652; change SDcontrol=(2.1/0.3)×√9=21.000. Estimates are approximate because reported t values are rounded. Fig. 3 error bars are SE; no digitization used. Total score is the selected primary Chan MCI outcome.,9,9,63.3,18.957654723127035,59.3,25.407166123778502,49,15.048859934853422,57.2,21.49837133550489,14.299999999999997,18.652173913043477,2.0999999999999943,20.999999999999943,1,,,controlled_SMCRH,Between-arm difference in baseline-SD-standardized pre/post change,Each randomized arm baseline raw-score SD,1,Recovered raw-score baseline standardizer from figure explicitly labeled one SEM; approximate digitization.,Digitized SEM multiplied by sqrt(n). Rounded paired t reconstructs change SD.,"Derived from digitized marginal SDs and reconstructed change SD, not imputed",0,0,1,1,Clinical population,Single-session/acute,Memory/working memory,Parallel-group,No therapeutic light/control,No documented industry association,1,16.0,0.9523809523809523,Legacy approximation 1-3/(4df-1); source-specific verification below; not exact gamma correction,Pooled between-person SD of individual change scores,1/n1+1/n0 + g^2/(2df); sampling base term not multiplied by J^2
COG-BARRETT-2013,Barrett & Gonzalez-Lima 2013,Cog-DMS-correct,Memory,representative,26,"Frozen Outcome Data row 26; Prespecified Barrett study-level primary under the accuracy-over-RT rule. Full text explicitly reports treatment×pre/post interaction F(1,36)=5.513 with randomized n=20/arm. Pooling-ready; raw group data are optional rather than required.",https://docs.google.com/spreadsheets/d/1nL-UxVKVvhbF2QcCERRsBXHrWlpq9aQEzhIbh5sf8nY/edit#gid=967343991,Parallel randomized sham-controlled pre/post,Sham/placebo control,Immediate post,0.7269189564527329,0.10695277854276751,F-derived change-score SMD,"F-derived change-score SMD; Prespecified Barrett study-level primary under the accuracy-over-RT rule. Full text explicitly reports treatment×pre/post interaction F(1,36)=5.513 with randomized n=20/arm. Pooling-ready; raw group data are optional rather than required.",20.0,20.0,,,,,,,,,,,,,1.0,,,outside_harmonized_pool,Controlled contrast; scale or variance unresolved,Original incompatible/unresolved denominator; retained only in separate audit,0,Interaction F from repeated-measures model with denominator df36 versus randomized n20/20; marginal raw-score denominator and analyzed arm counts for selected endpoint unresolved.,,Not required,0,0,0,1,Healthy/cognitively normal,Single-session/acute,Memory/working memory,Parallel-group,No therapeutic light/control,No documented industry association,1,38.0,0.9801324503311258,Legacy approximation 1-3/(4df-1); source-specific verification below; not exact gamma correction,Interaction/adjusted model change or residual SD; marginal raw-score scale not identified,1/n1+1/n0 + g^2/(2df); sampling base term not multiplied by J^2
COG-HASSAN-2026-STROKE,Hassan et al. 2026,Cog-MMSE,Global cognition,representative,65,"Frozen Outcome Data row 65; Full text Table 2/results. Active n=20, post MMSE 24.6±3.8; sham n=20, 25.1±4.2. ANCOVA adjusted mean difference -0.5 (95% CI -2.8 to 1.8), p=.670. Clean transcranial-only randomized sham-controlled null result; retain in primary cognition model.",https://docs.google.com/spreadsheets/d/1nL-UxVKVvhbF2QcCERRsBXHrWlpq9aQEzhIbh5sf8nY/edit#gid=967343991,Parallel randomized single-blind sham-controlled RCT,Sham,One week post 8-week intervention,-0.12236369714728561,0.10019701150499412,SMD,"Raw post; Full text Table 2/results. Active n=20, post MMSE 24.6±3.8; sham n=20, 25.1±4.2. ANCOVA adjusted mean difference -0.5 (95% CI -2.8 to 1.8), p=.670. Clean transcranial-only randomized sham-controlled null result; retain in primary cognition model.",20.0,20.0,24.6,3.8,25.1,4.2,,,,,,,,,1.0,,,SMD,Independent randomized active-control post-treatment,Pooled between-person endpoint SD,1,Comparable raw-score standardizer; exact J and metafor SMD LS variance replace legacy approximations,,Not required,0,0,0,0,Clinical population,Repeated treatment,Global cognition,Parallel-group,No therapeutic light/control,No documented industry association,0,38.0,0.9801324503311258,Legacy approximation 1-3/(4df-1); source-specific verification below; not exact gamma correction,Pooled between-person endpoint SD,1/n1+1/n0 + g^2/(2df); sampling base term not multiplied by J^2
COG-PENA-2026,Peña et al. 2026,Cog-RAT,Convergent thinking,representative,66,"Frozen Outcome Data row 66; Table 3 is source of record: ANCOVA-adjusted RAT F=5.74, p=.020, partial eta²=.098. Abstract reports F=6.15, p=.016; discrepancy flagged. Randomized N=56 (28/arm) retained despite a participant-table count inconsistency. Hedges g derived from adjusted F; positive favors tPBM.",https://docs.google.com/spreadsheets/d/1nL-UxVKVvhbF2QcCERRsBXHrWlpq9aQEzhIbh5sf8nY/edit#gid=967343991,Double-blind randomized sham-controlled parallel RCT,Sham,During stimulation / acute,0.6313778317840762,0.07511966371068587,Adjusted F-derived SMD,"F-derived adjusted independent-groups SMD; Table 3 is source of record: ANCOVA-adjusted RAT F=5.74, p=.020, partial eta²=.098. Abstract reports F=6.15, p=.016; discrepancy flagged. Randomized N=56 (28/arm) retained despite a participant-table count inconsistency. Hedges g derived from adjusted F; positive favors tPBM.",28.0,28.0,9.75,3.27,9.29,3.27,7.25,2.93,9.07,4.26,2.5,,0.21999999999999886,,1.0,,,controlled_SMCRH,Active pre-post change minus control pre-post change,Between-person baseline SD within each randomized arm,1,Difference of raw-score-standardized arm changes; sum independent arm variances (Becker/Morris implementation),Adjusted F cannot identify marginal-SD effect; use controlled raw change with observed baseline/endpoint SDs and imputed pre-post covariance; preserve baseline imbalance adjustment via differencing,"Imputed within-arm pre-post r .50, sensitivity .20/.80",1,0,0,0,Healthy/cognitively normal,Single-session/acute,Other cognitive domains,Parallel-group,No therapeutic light/control,No documented industry association,1,54.0,0.986046511627907,Legacy approximation 1-3/(4df-1); source-specific verification below; not exact gamma correction,Interaction/adjusted model change or residual SD; marginal raw-score scale not identified,1/n1+1/n0 + g^2/(2df); sampling base term not multiplied by J^2
COG-PAPI-2022-MCI,Papi et al. 2022,Cog-MMSE,Global cognition,representative,32,"Frozen Outcome Data row 32; Full text Fig. 4 reports MMSE group×time F(1,40)=20, p<.001 in a randomized 21/arm trial. For a 2-group×2-time interaction, t=sqrt(F)=4.472; Hedges g derived from the signed between-group difference in change with small-sample correction. This replaces the earlier direct partial-eta-squared conversion. Primary cognition effect; no author data needed.",https://docs.google.com/spreadsheets/d/1nL-UxVKVvhbF2QcCERRsBXHrWlpq9aQEzhIbh5sf8nY/edit#gid=967343991,Parallel RCT,Sham,After 5 sessions,1.3540909088982045,0.1181576226076048,F-derived change SMD,"F-derived group×time SMD; Full text Fig. 4 reports MMSE group×time F(1,40)=20, p<.001 in a randomized 21/arm trial. For a 2-group×2-time interaction, t=sqrt(F)=4.472; Hedges g derived from the signed between-group difference in change with small-sample correction. This replaces the earlier direct partial-eta-squared conversion. Primary cognition effect; no author data needed.",21.0,21.0,,,,,,,,,,,,,1.0,,,outside_harmonized_pool,Controlled contrast; scale or variance unresolved,Original incompatible/unresolved denominator; retained only in separate audit,0,Group-by-time F-derived effect uses change/error SD; no marginal MMSE SD for the selected contrast in available numeric extraction.,,Not required,0,0,0,1,Clinical population,Repeated treatment,Global cognition,Parallel-group,No therapeutic light/control,No documented industry association,1,40.0,0.9811320754716981,Legacy approximation 1-3/(4df-1); source-specific verification below; not exact gamma correction,Interaction/adjusted model change or residual SD; marginal raw-score scale not identified,1/n1+1/n0 + g^2/(2df); sampling base term not multiplied by J^2
COG-CHUN-2025-PILOT,Chun et al. 2025,Cog-KMoCA,Global cognition,representative,77,"Frozen Outcome Data row 77; Primary K-MoCA outcome. Table 3: week 13 active 25.92±2.84 vs sham 20.92±5.12, n=13/arm; mean difference 5.00 [1.65,8.35], p=.005. Baseline 21.62±3.69 vs 19.62±4.57; ANCOVA week-13 p=.002 corroborates the treatment difference. Randomized, concealed, double-blind sham-controlled; all 26 completed. Raw randomized post-score SMD used for consistency with existing master hierarchy.",https://docs.google.com/spreadsheets/d/1nL-UxVKVvhbF2QcCERRsBXHrWlpq9aQEzhIbh5sf8nY/edit#gid=967343991,Parallel block-randomized double-blind sham-controlled RCT,Low-power sham helmet,Week 13,1.1695769956964746,0.18234428611412035,Post-score SMD,"Independent post-treatment SMD; Primary K-MoCA outcome. Table 3: week 13 active 25.92±2.84 vs sham 20.92±5.12, n=13/arm; mean difference 5.00 [1.65,8.35], p=.005. Baseline 21.62±3.69 vs 19.62±4.57; ANCOVA week-13 p=.002 corroborates the treatment difference. Randomized, concealed, double-blind sham-controlled; all 26 completed. Raw randomized post-score SMD used for consistency with existing master hierarchy.",13.0,13.0,25.92,2.84,20.92,5.12,21.62,3.69,19.62,4.57,,,,,1.0,,,SMD,Independent randomized active-control post-treatment,Pooled between-person endpoint SD,1,Comparable raw-score standardizer; exact J and metafor SMD LS variance replace legacy approximations,,Not required,0,0,0,0,Clinical population,Repeated treatment,Global cognition,Parallel-group,Low/nonzero-output sham,Documented industry association,0,24.0,0.968421052631579,Legacy approximation 1-3/(4df-1); source-specific verification below; not exact gamma correction,Pooled between-person endpoint SD,1/n1+1/n0 + g^2/(2df); sampling base term not multiplied by J^2
COG-KHERADMAND-2022-DEMENTIA,Kheradmand et al. 2022 – dementia,Cog-MMSE,Global cognition,representative,79,"Frozen Outcome Data row 79; Kheradmand A, Donboli S, Taheri Tanjani P, et al. 2022. Therapeutic Effects of Low-Level Laser Therapy on Cognitive Symptoms of Patients with Dementia: A Double-Blinded Randomized Clinical Trial. doi:10.1089/photob.2021.0135. n=32 randomized equally; MMSE change at week 2: active 2.31±1.81 vs sham 0.13±0.96. Week 2 selected as primary; week-8 follow-up retained secondary. Distinct from Kheradmand et al. 2022 schizophrenia RCT, which remains excluded under the psychiatric-population criterion.",https://docs.google.com/spreadsheets/d/1nL-UxVKVvhbF2QcCERRsBXHrWlpq9aQEzhIbh5sf8nY/edit#gid=967343991,Parallel randomized double-blind sham-controlled RCT,Zero-intensity sham,Week 2 / end of treatment,1.4668,0.1546,Change-score SMD,"Independent change-score SMD from reported week-2 change means±SDs; Kheradmand A, Donboli S, Taheri Tanjani P, et al. 2022. Therapeutic Effects of Low-Level Laser Therapy on Cognitive Symptoms of Patients with Dementia: A Double-Blinded Randomized Clinical Trial. doi:10.1089/photob.2021.0135. n=32 randomized equally; MMSE change at week 2: active 2.31±1.81 vs sham 0.13±0.96. Week 2 selected as primary; week-8 follow-up retained secondary. Distinct from Kheradmand et al. 2022 schizophrenia RCT, which remains excluded under the psychiatric-population criterion.",16.0,16.0,,,,,,,,,2.31,1.81,0.13,0.96,1.0,,,outside_harmonized_pool,Controlled contrast; scale or variance unresolved,Original incompatible/unresolved denominator; retained only in separate audit,0,Dementia-trial change means/SDs available but baseline/post MMSE SD unavailable. Retrieved similarly named PDF/extraction is schizophrenia trial and must not supply replacement values.,,Not required,0,0,0,0,Clinical population,Repeated treatment,Global cognition,Parallel-group,No therapeutic light/control,No documented industry association,0,30.0,0.9747766299248368,Effective J inferred from stored g and raw d; precise legacy implementation unresolved,Pooled between-person SD of individual change scores,"Source labels paired / J-squared convention, but simple candidates do not match exactly; original numeric retained, no invented exact legacy formula"
COG-LEE-2025-TBI,Lee et al. 2025 TBI,Cog-VWM-span,Memory,representative,45,"Frozen Outcome Data row 45; Correctly mapped to Lee T-L et al. 2025, Transcranial photobiomodulation improves cognitive function, post-concussion, and PTSD symptoms in mild traumatic brain injury, J Neurotrauma 42:1695-1707, doi:10.1089/neu.2025.0048. These values were previously disabled only because they were assigned to the wrong Lee 2025 citation. This is an independent randomized transcranial-only neurological cohort. VWM span selected without regard to significance; span-9 RT and HKLLT remain secondary dependent outcomes.",https://docs.google.com/spreadsheets/d/1nL-UxVKVvhbF2QcCERRsBXHrWlpq9aQEzhIbh5sf8nY/edit#gid=967343991,Randomized placebo-controlled counterbalanced crossover RCT,Inactive sham,After 18 sessions / end of treatment,0.04604,0.05342,Paired SMD (r=.50; sensitivity .20/.80),"Paired SMD from raw post values using r=.50; sensitivity r=.20/.80; Correctly mapped to Lee T-L et al. 2025, Transcranial photobiomodulation improves cognitive function, post-concussion, and PTSD symptoms in mild traumatic brain injury, J Neurotrauma 42:1695-1707, doi:10.1089/neu.2025.0048. These values were previously disabled only because they were assigned to the wrong Lee 2025 citation. This is an independent randomized transcranial-only neurological cohort. VWM span selected without regard to significance; span-9 RT and HKLLT remain secondary dependent outcomes.",17.0,17.0,5.71,1.21,5.65,1.27,,,,,,,,,1.0,,,SMCRPH,Within-person active-sham condition endpoint,Square root of mean active/sham marginal variances,1,Replace dz with raw-score standardization; pairing retained in variance,Marginal condition SDs treated as participant SDs; approximate normal theory; crossover period/carryover not separately recoverable,"Imputed active-sham correlation .50, sensitivity .20/.80",1,0,0,0,Clinical population,Repeated treatment,Memory/working memory,Crossover/within-person,No therapeutic light/control,No documented industry association,0,16.0,0.9523283701422476,Effective J inferred from stored g and raw d; precise legacy implementation unresolved,Within-person difference SD / dz-type reconstruction,"Source labels paired / J-squared convention, but simple candidates do not match exactly; original numeric retained, no invented exact legacy formula"
COG-HAN-2025,Han et al. 2025,Cog-K-change,Memory,representative,48,"Frozen Outcome Data row 48; Extraction form/Table 1 reports N=88 randomized, 22/group. Per reviewer decision on 2026-08-25, use n=22 for the tPBM-alone and dual-sham arms despite two TMS-related withdrawals elsewhere in the four-arm trial. Direct tPBM-alone vs dual-sham contrast: t=-2.566, p=.014; df=42 implied by n1+n0-2. Hedges g computed from |t|×sqrt(1/22+1/22), small-sample corrected; sign oriented positive for tPBM benefit. Combined TMS+tPBM arm excluded from this effect.",https://docs.google.com/spreadsheets/d/1nL-UxVKVvhbF2QcCERRsBXHrWlpq9aQEzhIbh5sf8nY/edit#gid=967343991,Four-arm RCT,Dual sham,Immediate post,0.7597797010215137,0.09454443779739688,t-derived independent-groups SMD,"t-derived independent-groups SMD; n=22/22 accepted from extraction/Table 1; effect direction reoriented so positive favors tPBM; Extraction form/Table 1 reports N=88 randomized, 22/group. Per reviewer decision on 2026-08-25, use n=22 for the tPBM-alone and dual-sham arms despite two TMS-related withdrawals elsewhere in the four-arm trial. Direct tPBM-alone vs dual-sham contrast: t=-2.566, p=.014; df=42 implied by n1+n0-2. Hedges g computed from |t|×sqrt(1/22+1/22), small-sample corrected; sign oriented positive for tPBM benefit. Combined TMS+tPBM arm excluded from this effect.",22.0,22.0,,,,,,,,,4.45,,1.23,,1.0,,,outside_harmonized_pool,Controlled contrast; scale or variance unresolved,Original incompatible/unresolved denominator; retained only in separate audit,0,Between-group t is a contrast in K-value change; no marginal raw-score SD. Treating it as independent post-score SMD was not justified.,,Not required,0,0,0,1,Clinical population,Single-session/acute,Memory/working memory,Parallel-group,No therapeutic light/control,No documented industry association,1,42.0,0.9820359281437125,Legacy approximation 1-3/(4df-1); source-specific verification below; not exact gamma correction,Pooled between-person endpoint SD,Japprox^2*(1/n1+1/n0) + g^2/(2df); matches stored variance
COG-DEOLIVEIRA-2024,de Oliveira et al. 2024,Cog-MoCA-change,Global cognition,representative,80,"Frozen Outcome Data row 80; Full text verified 2026-08-25. Randomized n=93 (47 tPBM/46 placebo); principal cognition dataset n=76, using n=40 tPBM and n=36 placebo as stated in abstract, Results, Table 2, and Fig. 4 caption. Baseline MoCA 19.3±3.3 vs 18.5±3.8. Day-60 changes: +3.20 vs +1.97; p=.0002. Fig. 4B explicitly plots mean±SD; high-resolution digitization gives SDchange≈1.268 tPBM and 1.506 placebo. Hedges g=.87886, var=.057997. Note: CONSORT Fig. 3 visually shows placebo analyzed n=37 with one biochemical exclusion, but the cognition figure/text consistently specify total n=76 and placebo n=36; n=40/36 used for meta-analysis.",https://docs.google.com/spreadsheets/d/1nL-UxVKVvhbF2QcCERRsBXHrWlpq9aQEzhIbh5sf8nY/edit#gid=967343991,Parallel randomized double-blind placebo-controlled RCT,Inactive helmet-off placebo,Day 60 / end of 24-session treatment,0.8788594641,0.05799665587,Change-score SMD; Figure 4B SDs digitized,"Independent change-score SMD from published mean changes and Figure 4B SDs digitized from supplied high-resolution figure; Full text verified 2026-08-25. Randomized n=93 (47 tPBM/46 placebo); principal cognition dataset n=76, using n=40 tPBM and n=36 placebo as stated in abstract, Results, Table 2, and Fig. 4 caption. Baseline MoCA 19.3±3.3 vs 18.5±3.8. Day-60 changes: +3.20 vs +1.97; p=.0002. Fig. 4B explicitly plots mean±SD; high-resolution digitization gives SDchange≈1.268 tPBM and 1.506 placebo. Hedges g=.87886, var=.057997. Note: CONSORT Fig. 3 visually shows placebo analyzed n=37 with one biochemical exclusion, but the cognition figure/text consistently specify total n=76 and placebo n=36; n=40/36 used for meta-analysis.",40.0,36.0,,,,,19.3,3.3,18.5,3.8,3.2,1.2675592626,1.97,1.5057067604,1.0,,,controlled_SMCRH,Active pre-post change minus control pre-post change,Between-person baseline SD within each randomized arm,1,Difference of raw-score-standardized arm changes; sum independent arm variances (Becker/Morris implementation),Separate arm baseline SDs; paired change variation retained; no uncontrolled effect pooled,Observed/reconstructed change SD used directly; no imputed paired correlation needed,0,0,1,0,Clinical population,Repeated treatment,Global cognition,Parallel-group,No therapeutic light/control,Documented industry association,0,74.0,0.9898305084745763,Legacy approximation 1-3/(4df-1); source-specific verification below; not exact gamma correction,Pooled between-person SD of individual change scores,1/n1+1/n0 + g^2/(2df); sampling base term not multiplied by J^2
COG-CHUN-2026-CONFIRMATORY,Chun et al. 2026,Cog-MoCAK-change,Global cognition,representative,220,"Frozen Outcome Data row 220; Full-text ILL audit 2026-08-27. 80 randomized 1:1 (40/40). No post-randomization losses are reported; Figure 1/adherence reporting is consistent with the 40/40 FAS, though attrition reporting is not CONSORT-detailed. Primary week-13 MoCA-K change +3.87±2.51 active vs -0.74±2.85 sham. Block randomization by independent statistician; double-blind identical devices; independent occupational-therapist assessment. Sham delivers ~1/50 active output and remains core-eligible under locked comparator rule. Promote provisional study to confirmed core; final cognition k=23.",https://docs.google.com/spreadsheets/d/1nL-UxVKVvhbF2QcCERRsBXHrWlpq9aQEzhIbh5sf8nY/edit#gid=967343991,Parallel randomized double-blind placebo-controlled confirmatory RCT,"Identical device; approximately 1/50 active output; 88 J/session device-level, ~4 J/cm² scalp",Week 13 / end of 12-week treatment,1.7001391620055641,0.06756869650012776,Change-score SMD,"Independent-groups change-score SMD from full-text n=40/40; Hedges correction J=.9903537; variance J²[(n1+n0)/(n1n0)+d²/(2df)].; Full-text ILL audit 2026-08-27. 80 randomized 1:1 (40/40). No post-randomization losses are reported; Figure 1/adherence reporting is consistent with the 40/40 FAS, though attrition reporting is not CONSORT-detailed. Primary week-13 MoCA-K change +3.87±2.51 active vs -0.74±2.85 sham. Block randomization by independent statistician; double-blind identical devices; independent occupational-therapist assessment. Sham delivers ~1/50 active output and remains core-eligible under locked comparator rule. Promote provisional study to confirmed core; final cognition k=23.",40.0,40.0,,,,,,,,,3.87,2.51,-0.74,2.85,1.0,,,outside_harmonized_pool,Controlled contrast; scale or variance unresolved,Original incompatible/unresolved denominator; retained only in separate audit,0,Confirmed full text gives MoCA-K changes and adjusted difference/SE but no baseline or endpoint MoCA-K SD; cannot substitute change SD or unrelated mechanistic PDF.,,Not required,0,0,0,0,Clinical population,Repeated treatment,Global cognition,Parallel-group,Low/nonzero-output sham,Documented industry association,0,78.0,0.9903536977491961,Legacy approximation 1-3/(4df-1); source-specific verification below; not exact gamma correction,Pooled between-person SD of individual change scores,Japprox^2*(1/n1+1/n0) + g^2/(2df); matches stored variance
COG-BERMAN-2017-DEMENTIA,Berman et al. 2017,Cog-MMSE-change,Global cognition,representative,221,"Frozen Outcome Data row 221; Figure 3 independently re-audited 2026-08-25. Active MMSE pairs: 14→16, 17→19, 18→20, 19→19, 23→25, 23→20; placebo: 11→13, 16→15, 28→28. Changes active [2,2,2,0,2,-3], placebo [2,-1,0]. Randomized double-blind placebo-controlled transcranial-only trial meets primary cognition eligibility. Major concerns: n=9 completers from 11 enrolled, unclear randomization/concealment/sham implementation, selective/multiple outcome reporting, industry/patent conflicts. Include in core; exclude in digitized-estimate and major-RoB sensitivities. qEEG remains narrative only.",https://docs.google.com/spreadsheets/d/1nL-UxVKVvhbF2QcCERRsBXHrWlpq9aQEzhIbh5sf8nY/edit#gid=967343991,Parallel randomized double-blind placebo-controlled pilot RCT,Placebo/sham helmet,End of treatment / within 3 days after 28 sessions,0.23286081422025948,0.39893488259501325,Change-score SMD; participant-level Figure 3 values digitized,"Independent change-score SMD from Figure 3 participant-level MMSE pairs; pooled change-score SD; Hedges small-sample correction J=0.88889; sampling variance J²[(n1+n0)/(n1n0)+d²/(2df)]; Figure 3 independently re-audited 2026-08-25. Active MMSE pairs: 14→16, 17→19, 18→20, 19→19, 23→25, 23→20; placebo: 11→13, 16→15, 28→28. Changes active [2,2,2,0,2,-3], placebo [2,-1,0]. Randomized double-blind placebo-controlled transcranial-only trial meets primary cognition eligibility. Major concerns: n=9 completers from 11 enrolled, unclear randomization/concealment/sham implementation, selective/multiple outcome reporting, industry/patent conflicts. Include in core; exclude in digitized-estimate and major-RoB sensitivities. qEEG remains narrative only.",6.0,3.0,19.833333333333332,2.9268868558020253,18.666666666666668,8.144527815247077,19.0,3.521363372331802,18.333333333333332,8.736894948054106,0.8333333333333334,2.041241452319315,0.3333333333333333,1.5275252316519465,1.0,,,controlled_SMCRH,Active pre-post change minus control pre-post change,Between-person baseline SD within each randomized arm,1,Difference of raw-score-standardized arm changes; sum independent arm variances (Becker/Morris implementation),Separate arm baseline SDs; paired change variation retained; no uncontrolled effect pooled,Observed/reconstructed change SD used directly; no imputed paired correlation needed,0,1,1,0,Clinical population,Repeated treatment,Global cognition,Parallel-group,No therapeutic light/control,Documented industry association,0,7.0,0.8888888888888888,Legacy approximation 1-3/(4df-1); source-specific verification below; not exact gamma correction,Pooled between-person SD of individual change scores,Japprox^2*(1/n1+1/n0) + g^2/(2df); matches stored variance
COG-YANG-2025-OLDER-WM,Yang et al. 2025,Cog-3back-accuracy,Memory,representative,223,"Frozen Outcome Data row 223; Supplementary Table A1 resolves the preferred endpoint: active 3-back accuracy 0.63±0.17 vs sham 0.56±0.18, n=55 paired. Accuracy was the article's main/sample-size-planning outcome. Within-participant correlation is not reported, so protocol v1.1 central r=.50 is used with r=.20/.80 sensitivity rows. Yang is the sole core representative of the potentially overlapping Xuanwu older-adult program; Qu 2022 remains fixed-order sensitivity and Hu 2023 mechanistic/companion, so they are not co-counted as independent primary studies.",https://docs.google.com/spreadsheets/d/1nL-UxVKVvhbF2QcCERRsBXHrWlpq9aQEzhIbh5sf8nY/edit#gid=967343991,Randomized single-blind sham-controlled crossover,0-W sham; identical procedure,Acute post-session,0.3939365284,0.01908874031,Paired SMD; protocol r=.50 (sensitivity .20/.80),"Paired standardized mean difference using protocol r=.50; SDdiff=sqrt(SDactive²+SDsham²−2r·SDactive·SDsham); Hedges correction J(df=54); paired-effect sampling variance; Supplementary Table A1 resolves the preferred endpoint: active 3-back accuracy 0.63±0.17 vs sham 0.56±0.18, n=55 paired. Accuracy was the article's main/sample-size-planning outcome. Within-participant correlation is not reported, so protocol v1.1 central r=.50 is used with r=.20/.80 sensitivity rows. Yang is the sole core representative of the potentially overlapping Xuanwu older-adult program; Qu 2022 remains fixed-order sensitivity and Hu 2023 mechanistic/companion, so they are not co-counted as independent primary studies.",55.0,55.0,0.63,0.17,0.56,0.18,,,,,,,,,1.0,,,SMCRPH,Within-person active-sham condition endpoint,Square root of mean active/sham marginal variances,1,Replace dz with raw-score standardization; pairing retained in variance,Marginal condition SDs treated as participant SDs; approximate normal theory; crossover period/carryover not separately recoverable,"Imputed active-sham correlation .50, sensitivity .20/.80",1,0,0,0,Healthy/cognitively normal,Single-session/acute,Memory/working memory,Crossover/within-person,No therapeutic light/control,No documented industry association,0,54.0,0.986046511627907,Legacy approximation 1-3/(4df-1); source-specific verification below; not exact gamma correction,Within-person difference SD / dz-type reconstruction,Japprox^2/n + g^2/(2n); J df54; matches stored variance
COG-SABOURI-MOGHADAM-2017,Sabouri Moghadam et al. 2017,Cog-PGNG-ES,Executive / sustained attention,representative,227,"Frozen Outcome Data row 227; Full-text audit 2026-08-25. Simple random allocation, n=17/arm, all participants completed with no missing data. Efficiency score is identified as the main attentional parameter. Body reports group×time F(1,30)=10.68, p=.003; abstract reports p=.004. Sham delivered ~1/12 cumulative active energy. Locked comparator rule treats nonzero-dose shams as core-eligible when all other core criteria are met.; Sabouri_source_verified.txt, primary paper Table2 baseline SD5 and abstract change4.6 SD3 versus0.8 SD3; avoid F from sex-adjusted model",https://docs.google.com/spreadsheets/d/1nL-UxVKVvhbF2QcCERRsBXHrWlpq9aQEzhIbh5sf8nY/edit#gid=967343991,Parallel randomized sham-controlled RCT,Nonzero-dose sham: 5 s light per treatment minute (~1/12 cumulative active energy),Immediate post-session,1.094445469191378,0.1363628539021784,F-derived change SMD,"Independent-groups SMD derived from group×time F: t=sqrt(F); d=t*sqrt(1/n_active+1/n_sham); Hedges small-sample correction; variance=(n1+n0)/(n1*n0)+g²/[2(n1+n0−2)]; Full-text audit 2026-08-25. Simple random allocation, n=17/arm, all participants completed with no missing data. Efficiency score is identified as the main attentional parameter. Body reports group×time F(1,30)=10.68, p=.003; abstract reports p=.004. Sham delivered ~1/12 cumulative active energy. Locked comparator rule treats nonzero-dose shams as core-eligible when all other core criteria are met.",17.0,17.0,,,,,17.0,5.0,18.0,5.0,4.6,3.0,0.8,3.0,1.0,,,controlled_SMCRH,Active pre-post change minus control pre-post change,Between-person baseline SD within each randomized arm,1,Difference of raw-score-standardized arm changes; sum independent arm variances (Becker/Morris implementation),Separate arm baseline SDs; paired change variation retained; no uncontrolled effect pooled,Observed/reconstructed change SD used directly; no imputed paired correlation needed,0,0,0,0,Healthy/cognitively normal,Single-session/acute,Other cognitive domains,Parallel-group,Low/nonzero-output sham,No documented industry association,1,32.0,0.9763779527559056,Legacy approximation 1-3/(4df-1); source-specific verification below; not exact gamma correction,Interaction/adjusted model change or residual SD; marginal raw-score scale not identified,1/n1+1/n0 + g^2/(2df); sampling base term not multiplied by J^2
COG-SALEHPOUR-2026-STAGE1-ADHD,Salehpour et al. 2026,Cog-CPT-CR-ADHD,Executive / sustained attention,representative,228,"Frozen Outcome Data row 228; Full-text audit 2026-08-25. CPT correct rejections is explicitly the primary behavioral outcome. Stage 1 diagnosis×treatment interaction F(1,219)=4.924, p=.028; ADHD subgroup active vs sham F(1,25)=6.71, p=.017, reported d=.93 and 51% improvement. Stage 1 ADHD cells: active n=15, sham n=12. Use one study-level Salehpour contribution; Stage 2 is supportive and not a second k.; Salehpour_PDF.txt Figure 4 and Stage 1 results: post-treatment CPT comparison; reported d retained rather than forcing equality with rounded F",https://docs.google.com/spreadsheets/d/1nL-UxVKVvhbF2QcCERRsBXHrWlpq9aQEzhIbh5sf8nY/edit#gid=967343991,Parallel randomized single-blind sham-controlled RCT; Stage 1 ADHD subgroup,0-W sham; same device/sites/duration/sound,Immediate post-session,0.9018181818181819,0.16626552066115702,Reported Cohen d transformed to Hedges g,"Reported between-group Cohen d transformed to Hedges g using small-sample correction J=1-3/[4(n1+n0)-9]; variance=(n1+n0)/(n1*n0)+g²/[2(n1+n0−2)]; Full-text audit 2026-08-25. CPT correct rejections is explicitly the primary behavioral outcome. Stage 1 diagnosis×treatment interaction F(1,219)=4.924, p=.028; ADHD subgroup active vs sham F(1,25)=6.71, p=.017, reported d=.93 and 51% improvement. Stage 1 ADHD cells: active n=15, sham n=12. Use one study-level Salehpour contribution; Stage 2 is supportive and not a second k.",15.0,12.0,,,,,,,,,,,,,1.0,,0.93,SMD_d,Independent randomized active-control post-treatment,Pooled between-person endpoint SD,1,Comparable raw-score standardizer; exact J and metafor SMD LS variance replace legacy approximations,,Not required,0,0,0,0,Clinical population,Single-session/acute,Other cognitive domains,Parallel-group,No therapeutic light/control,No documented industry association,0,25.0,0.9696969696969697,Legacy approximation 1-3/(4df-1); source-specific verification below; not exact gamma correction,Pooled between-person endpoint SD,1/n1+1/n0 + g^2/(2df); sampling base term not multiplied by J^2
COG-ZHAO-X-2022-SCD,Zhao X et al. 2022 — SCD sleep/cognition (JAD),Cog-2back-RT-change-SCD,Memory,representative,231,"Frozen Outcome Data row 231; Full-text + journal supplement audit 2026-08-26. 68 randomized 34/34; 58 completed (32 active/26 sham), with differential attrition. Main Table 3 ACC counts are pooled trials, not participants, and post-only RT t values do not reconcile with participant n/means/SDs. Supplementary Tables 1-2 provide within-arm pre/post RT means, SDs, and paired t values, allowing change-SD reconstruction. Baseline cognitive/n-back imbalance makes controlled change preferable. Count as a distinct study from Chenguang Zhao et al. 2022 Science Advances; flag possible Xuanwu/SILCODE program overlap with Yang 2025 for sensitivity because shared infrastructure/authors exist but no participant reuse is reported.",https://docs.google.com/spreadsheets/d/1nL-UxVKVvhbF2QcCERRsBXHrWlpq9aQEzhIbh5sf8nY/edit#gid=967343991,Parallel randomized double-blind sham-controlled RCT,Same procedure; transient light then 11 min off; ~1/12 active energy density,End of 6-day treatment / one-week post-treatment test,-0.107259708105,0.069814258506,Change-score SMD; SDchange reconstructed from within-arm paired t,"Compute SDchange within each arm from paired t: SDchange=|mean change|×sqrt(n)/|t|; calculate independent-groups change-score SMD, reverse direction because lower RT=better, then Hedges correction J=0.9865471. Chosen 2-back RT because 2-back is the authors' highlighted WM load and accuracy lacks participant-level variance.; Full-text + journal supplement audit 2026-08-26. 68 randomized 34/34; 58 completed (32 active/26 sham), with differential attrition. Main Table 3 ACC counts are pooled trials, not participants, and post-only RT t values do not reconcile with participant n/means/SDs. Supplementary Tables 1-2 provide within-arm pre/post RT means, SDs, and paired t values, allowing change-SD reconstruction. Baseline cognitive/n-back imbalance makes controlled change preferable. Count as a distinct study from Chenguang Zhao et al. 2022 Science Advances; flag possible Xuanwu/SILCODE program overlap with Yang 2025 for sensitivity because shared infrastructure/authors exist but no participant reuse is reported.",32.0,26.0,726.7,302.19,756.3,287.11,745.68,309.29,789.33,329.72,-18.98,117.212984339918,-33.03,142.729334350822,-1.0,,,controlled_SMCRH,Active pre-post change minus control pre-post change,Between-person baseline SD within each randomized arm,1,Difference of raw-score-standardized arm changes; sum independent arm variances (Becker/Morris implementation),Separate arm baseline SDs; paired change variation retained; no uncontrolled effect pooled,Observed/reconstructed change SD used directly; no imputed paired correlation needed,0,1,0,1,Clinical population,Repeated treatment,Memory/working memory,Parallel-group,Low/nonzero-output sham,No documented industry association,1,56.0,0.9865470852017937,Legacy approximation 1-3/(4df-1); source-specific verification below; not exact gamma correction,Pooled between-person SD of individual change scores,1/n1+1/n0 + g^2/(2df); sampling base term not multiplied by J^2
COG-HWANG-2016,Hwang et al. 2016,Cog-PVT-RT,Memory,secondary,20,"Frozen Outcome Data row 20; Table 3 exact mean±SD; LLLT vs CON. Figure 3 reports change-score means with SE bars, but digitization is unnecessary because exact post SDs are reported.",https://docs.google.com/spreadsheets/d/1nL-UxVKVvhbF2QcCERRsBXHrWlpq9aQEzhIbh5sf8nY/edit#gid=967343991,Multi-arm RCT,Control,Immediate post,0.34480987768827775,0.1015643927862027,SMD,Raw post; Table 3 exact mean±SD; LLLT vs CON. Prespecified primary Hwang cognitive endpoint.,15,15,350.79,25.91,359.52,23.67,360.97,29.35,349.55,28.67,,,,,-1.0,,,SMD,Independent randomized active-control post-treatment,Pooled between-person endpoint SD,1,Comparable raw-score standardizer; exact J and metafor SMD LS variance replace legacy approximations,,Not required,0,0,0,0,Healthy/cognitively normal,Single-session/acute,Memory/working memory,Parallel-group,Low/nonzero-output sham,No documented industry association,0,38.0,0.9801324503311258,Legacy approximation 1-3/(4df-1); source-specific verification below; not exact gamma correction,Pooled between-person endpoint SD,1/n1+1/n0 + g^2/(2df); sampling base term not multiplied by J^2
COG-BARRETT-2013,Barrett & Gonzalez-Lima 2013,Cog-PVT-RT,Memory,secondary,24,"Frozen Outcome Data row 24; Full text Methods explicitly define pre/post as the within-subject factor and treatment group/sex as between-subject factors; F(1,36)=4.211 is the treatment×pre/post interaction. Randomized n=20/arm. Pooling-ready as a secondary outcome; raw means/SDs are optional.",https://docs.google.com/spreadsheets/d/1nL-UxVKVvhbF2QcCERRsBXHrWlpq9aQEzhIbh5sf8nY/edit#gid=967343991,Parallel randomized sham-controlled pre/post,Sham/placebo control,Immediate post,0.6353084312187601,0.10531074740496899,F-derived change-score SMD,"F-derived change-score SMD; Prespecified Barrett study-level primary under the accuracy-over-RT rule. Full text explicitly reports treatment×pre/post interaction F(1,36)=5.513 with randomized n=20/arm. Pooling-ready; raw group data are optional rather than required.",20.0,20.0,,,,,,,,,,,,,-1.0,,,SMD,Independent randomized active-control post-treatment,Pooled between-person endpoint SD,0,Cohort representative not harmonizable; no outcome substitution into the same-cohort extension,,Not required,0,0,0,0,Healthy/cognitively normal,Single-session/acute,Memory/working memory,Parallel-group,No therapeutic light/control,No documented industry association,1,38.0,0.9801324503311258,Legacy approximation 1-3/(4df-1); source-specific verification below; not exact gamma correction,Pooled between-person endpoint SD,1/n1+1/n0 + g^2/(2df); sampling base term not multiplied by J^2
COG-BARRETT-2013,Barrett & Gonzalez-Lima 2013,Cog-DMS-latency,Memory,secondary,25,"Frozen Outcome Data row 25; Full text explicitly reports treatment×pre/post interaction F(1,35)=5.828 after excluding one latency outlier. Randomized arms were 20/20; analyzed total for this outcome was 39 and the outlier arm was not stated. Retain as an approximate secondary F-derived effect.",https://docs.google.com/spreadsheets/d/1nL-UxVKVvhbF2QcCERRsBXHrWlpq9aQEzhIbh5sf8nY/edit#gid=967343991,Parallel randomized sham-controlled pre/post,Sham/placebo control,Immediate post,0.7469368394310661,0.10734098213288515,F-derived change-score SMD,"F-derived change-score SMD; Prespecified Barrett study-level primary under the accuracy-over-RT rule. Full text explicitly reports treatment×pre/post interaction F(1,36)=5.513 with randomized n=20/arm. Pooling-ready; raw group data are optional rather than required.",20.0,20.0,,,,,,,,,,,,,-1.0,,,SMD,Independent randomized active-control post-treatment,Pooled between-person endpoint SD,0,Cohort representative not harmonizable; no outcome substitution into the same-cohort extension,,Not required,0,0,0,0,Healthy/cognitively normal,Single-session/acute,Memory/working memory,Parallel-group,No therapeutic light/control,No documented industry association,1,38.0,0.9801324503311258,Legacy approximation 1-3/(4df-1); source-specific verification below; not exact gamma correction,Pooled between-person endpoint SD,1/n1+1/n0 + g^2/(2df); sampling base term not multiplied by J^2
COG-DOUGAL-2021,Dougal et al. 2021,Cog-ANAM-WM,Global cognition,secondary,30,"Frozen Outcome Data row 30; Mathematical processing (working memory), Tables 1, 3 and 4. Change SDs: active .17×√14=.6361; placebo .18×√13=.6490. Table 1 rounds placebo change to .03; Table 4 reports .04, used here.; Dougal_PDF.txt Tables3-4 baseline SE times sqrt(analyzed n14/13)",https://docs.google.com/spreadsheets/d/1nL-UxVKVvhbF2QcCERRsBXHrWlpq9aQEzhIbh5sf8nY/edit#gid=967343991,Parallel placebo RCT,Placebo,35–55 days,0.8001366031130289,0.1611560200244735,SMD,"Raw change; Tables 1, 3 and 4. Analyzed n=14 active, n=13 placebo. Change SDs converted from reported SE: active .11×√14=.4116; placebo .15×√13=.5408. Baseline imbalance supports change-score route. Composite selected as primary.",14.0,13.0,0.84,,0.41,,0.27,0.5612486080160912,0.37,0.5047771785649585,0.57,0.6360817558,0.04,0.6489992296,1.0,,,controlled_SMCRH,Active pre-post change minus control pre-post change,Between-person baseline SD within each randomized arm,1,Difference of raw-score-standardized arm changes; sum independent arm variances (Becker/Morris implementation),Separate arm baseline SDs; paired change variation retained; no uncontrolled effect pooled,Observed/reconstructed change SD used directly; no imputed paired correlation needed,0,0,0,0,Healthy/cognitively normal,Repeated treatment,Global cognition,Parallel-group,No therapeutic light/control,Documented industry association,0,25.0,0.9696969696969697,Legacy approximation 1-3/(4df-1); source-specific verification below; not exact gamma correction,Pooled between-person endpoint SD,1/n1+1/n0 + g^2/(2df); sampling base term not multiplied by J^2
COG-DOUGAL-2021,Dougal et al. 2021,Cog-ANAM-delay,Global cognition,secondary,31,"Frozen Outcome Data row 31; Code substitution delayed-memory modality, Tables 1, 3 and 4. Change SDs: active .12×√14=.4490; placebo .13×√13=.4687.; Dougal_PDF.txt Tables3-4 baseline SE times sqrt(analyzed n14/13)",https://docs.google.com/spreadsheets/d/1nL-UxVKVvhbF2QcCERRsBXHrWlpq9aQEzhIbh5sf8nY/edit#gid=967343991,Parallel placebo RCT,Placebo,35–55 days,0.9727172661497684,0.16727522594896593,SMD,"Raw change; Tables 1, 3 and 4. Analyzed n=14 active, n=13 placebo. Change SDs converted from reported SE: active .11×√14=.4116; placebo .15×√13=.5408. Baseline imbalance supports change-score route. Composite selected as primary.",14.0,13.0,0.48,,0.35,,-0.187,0.4864154602806124,0.14,0.685054742338158,0.67,0.4489988864,0.21,0.4687216658,1.0,,,controlled_SMCRH,Active pre-post change minus control pre-post change,Between-person baseline SD within each randomized arm,1,Difference of raw-score-standardized arm changes; sum independent arm variances (Becker/Morris implementation),Separate arm baseline SDs; paired change variation retained; no uncontrolled effect pooled,Observed/reconstructed change SD used directly; no imputed paired correlation needed,0,0,0,0,Healthy/cognitively normal,Repeated treatment,Global cognition,Parallel-group,No therapeutic light/control,Documented industry association,0,25.0,0.9696969696969697,Legacy approximation 1-3/(4df-1); source-specific verification below; not exact gamma correction,Pooled between-person endpoint SD,1/n1+1/n0 + g^2/(2df); sampling base term not multiplied by J^2
COG-CHAN-2021-DIFFICULT,Chan et al. 2021 difficult task,Cog-3back-RT,Memory,secondary,36,"Frozen Outcome Data row 36; Full text: active n=18, control n=15. Baseline corrected to active 520.04±114.44 ms and control 501.77±154.24 ms. Exact post between-group t(31)=1.037, p=.31 converted to Hedges g; negative directed effect means active group was relatively slower. No figure digitization required.",https://docs.google.com/spreadsheets/d/1nL-UxVKVvhbF2QcCERRsBXHrWlpq9aQEzhIbh5sf8nY/edit#gid=967343991,Parallel RCT,Sham,Immediate post,-0.35369586196827546,0.12423997646050418,SMD,"t-derived independent post; Full text: active n=18, control n=15. Baseline corrected to active A′ 0.91±0.05 and control 0.92±0.04. Exact post between-group t(31)=−0.279, p=.78 converted to Hedges g. Selected primary cognition outcome under accuracy-over-RT rule. No figure digitization required.",18.0,15.0,,,,,520.04,114.44,501.77,154.24,,,,,-1.0,1.037,,SMD_t,Independent randomized active-control post-treatment,Pooled between-person endpoint SD,1,Comparable raw-score standardizer; exact J and metafor SMD LS variance replace legacy approximations,Exact independent post t(31); n18/15; direction reversed for RT,Not required,0,0,0,1,Healthy/cognitively normal,Single-session/acute,Memory/working memory,Parallel-group,No therapeutic light/control,Documented industry association,1,31.0,0.975609756097561,Legacy approximation 1-3/(4df-1); source-specific verification below; not exact gamma correction,Pooled between-person endpoint SD,1/n1+1/n0 + g^2/(2df); sampling base term not multiplied by J^2
COG-HWANG-2016,Hwang et al. 2016,Cog-DMS-latency,Memory,secondary,50,Frozen Outcome Data row 50; Table 3 exact mean±SD; LLLT vs CON. Null/adverse-direction latency outcome retained.,https://docs.google.com/spreadsheets/d/1nL-UxVKVvhbF2QcCERRsBXHrWlpq9aQEzhIbh5sf8nY/edit#gid=967343991,Multi-arm RCT,Control,Immediate post,-0.6028122050447136,0.10478134940198514,SMD,Raw post; Table 3 exact mean±SD; LLLT vs CON. Prespecified primary Hwang cognitive endpoint.,15,15,2237.57,1130.47,1691.92,544.29,2122.85,647.86,1660.67,527.24,,,,,-1.0,,,SMD,Independent randomized active-control post-treatment,Pooled between-person endpoint SD,1,Comparable raw-score standardizer; exact J and metafor SMD LS variance replace legacy approximations,,Not required,0,0,0,0,Healthy/cognitively normal,Single-session/acute,Memory/working memory,Parallel-group,Low/nonzero-output sham,No documented industry association,0,38.0,0.9801324503311258,Legacy approximation 1-3/(4df-1); source-specific verification below; not exact gamma correction,Pooled between-person endpoint SD,1/n1+1/n0 + g^2/(2df); sampling base term not multiplied by J^2
COG-CHAN-2019-OLDER,Chan et al. 2019,Cog-Flanker-congruent-RT,Executive / sustained attention,secondary,51,Chan 2019 Figure 2 original embedded PDF image; n=15 per arm; caption one SE; paired t in Results.,https://docs.google.com/spreadsheets/d/1nL-UxVKVvhbF2QcCERRsBXHrWlpq9aQEzhIbh5sf8nY/edit#gid=967343991,Parallel RCT,Sham,Immediate post,0.7718646372658257,0.14397217294514592,SMD,"F-derived interaction; Full text reports group×time F(1,28)=4.48, p=.043. Hedges g derived from signed change contrast using t=√F and equal n=15/arm; sign set from reported greater RT decrease with active PBM. Within-active d=.55 is not used for pooling.",15,15,447.2834067547724,70.52128266222022,475.18355359765053,79.33644299499775,490.96916299559473,89.28904337071432,474.81644640234947,70.52128266222022,-43.68575624082234,,0.3671071953010596,,-1,,,controlled_SMCRH,Between-arm difference in baseline-SD-standardized pre/post change,Each randomized arm baseline raw-score SD,1,Recovered raw-score baseline standardizer from figure explicitly labeled one SEM; approximate digitization.,Digitized means and SEM; pre/post r=.5 with .2/.8 sensitivity; rounded control t=.03 not used.,Approved correlation sensitivity,1,0,1,0,Healthy/cognitively normal,Single-session/acute,Other cognitive domains,Parallel-group,No therapeutic light/control,No documented industry association,1,28.0,0.972972972972973,Legacy approximation 1-3/(4df-1); source-specific verification below; not exact gamma correction,Pooled between-person endpoint SD,1/n1+1/n0 + g^2/(2df); sampling base term not multiplied by J^2
COG-CHAN-2019-OLDER,Chan et al. 2019,Cog-category-fluency,Executive / sustained attention,secondary,59,"Frozen Outcome Data row 59; Full text reports group×time F(1,28)=5.43, p=.027. Hedges g derived from signed change contrast; active category fluency increased and control did not. Within-active t=3.25, d=.84 is not used for pooling.",https://docs.google.com/spreadsheets/d/1nL-UxVKVvhbF2QcCERRsBXHrWlpq9aQEzhIbh5sf8nY/edit#gid=967343991,Parallel RCT,Sham,Immediate post,0.8278850874622435,0.14557250686980416,SMD,"F-derived interaction; Full text reports group×time F(1,28)=4.48, p=.043. Hedges g derived from signed change contrast using t=√F and equal n=15/arm; sign set from reported greater RT decrease with active PBM. Within-active d=.55 is not used for pooling.",15.0,15.0,,,,,,,,,,,,,1.0,,,outside_harmonized_pool,See source,Unresolved,0,Cohort representative not harmonizable; no outcome substitution into the same-cohort extension,,Not required,0,0,0,1,Healthy/cognitively normal,Single-session/acute,Other cognitive domains,Parallel-group,No therapeutic light/control,No documented industry association,1,28.0,0.972972972972973,Legacy approximation 1-3/(4df-1); source-specific verification below; not exact gamma correction,Pooled between-person endpoint SD,1/n1+1/n0 + g^2/(2df); sampling base term not multiplied by J^2
COG-YANG-2025-OLDER-WM,Yang et al. 2025,Cog-3back-RT,Memory,secondary,224,"Frozen Outcome Data row 224; Supplementary Table A1: active 751.81±161.62 ms vs sham 899.07±229.37 ms. Published d=.75 is consistent with an average-condition-SD standardization (d_av≈.742), confirming that the reported d is tied to RT, but this outcome remains secondary because 3-back accuracy is the prespecified/main endpoint.",https://docs.google.com/spreadsheets/d/1nL-UxVKVvhbF2QcCERRsBXHrWlpq9aQEzhIbh5sf8nY/edit#gid=967343991,Randomized single-blind sham-controlled crossover,0-W sham; identical procedure,Acute post-session,0.3997982829,0.01966180584,Paired SMD; protocol r=.50 (sensitivity .20/.80),"Paired standardized mean difference using protocol r=.50; SDdiff=sqrt(SDactive²+SDsham²−2r·SDactive·SDsham); Hedges correction J(df=54); paired-effect sampling variance; Supplementary Table A1 resolves the preferred endpoint: active 3-back accuracy 0.63±0.17 vs sham 0.56±0.18, n=55 paired. Accuracy was the article's main/sample-size-planning outcome. Within-participant correlation is not reported, so protocol v1.1 central r=.50 is used with r=.20/.80 sensitivity rows. Yang is the sole core representative of the potentially overlapping Xuanwu older-adult program; Qu 2022 remains fixed-order sensitivity and Hu 2023 mechanistic/companion, so they are not co-counted as independent primary studies.",55.0,55.0,751.81,161.62,899.07,229.37,,,,,,,,,-1.0,,,SMCRPH,Within-person active-sham condition endpoint,Square root of mean active/sham marginal variances,1,Replace dz with raw-score standardization; pairing retained in variance,Marginal condition SDs treated as participant SDs; approximate normal theory; crossover period/carryover not separately recoverable,"Imputed active-sham correlation .50, sensitivity .20/.80",1,0,0,0,Healthy/cognitively normal,Single-session/acute,Memory/working memory,Crossover/within-person,No therapeutic light/control,No documented industry association,0,108.0,0.9930394431554525,Legacy approximation 1-3/(4df-1); source-specific verification below; not exact gamma correction,Pooled between-person endpoint SD,1/n1+1/n0 + g^2/(2df); sampling base term not multiplied by J^2
