"cohort_id","study","outcome_id","domain","role","source_row","source_location","source_url","design","comparator","timing","old_g","old_vi","original_metric","original_derivation","n1","n0","m1","sd1","m0","sd0","pre1","preSD1","pre0","preSD0","change1","changeSD1","change0","changeSD0","sign","t","reported_d","route","contrast","denominator","include","reason","assumptions","r_source","imputed_r","major_rob","digitized","reconstructed","population_group","schedule_group","domain_group","design_group","comparator_intensity","industry_status","legacy_reconstructed_flag","original_correction_df","original_J_approximation","original_J_status","original_denominator","original_variance_convention","paired_r_scenario","hedges_g","sampling_variance","correction_df","correction_J","arm_r1","arm_r0"
"COG-TANG-2023","Tang et al. 2023","Cog-DMS-RCS-all","Memory","representative",2,"Frozen Outcome Data row 2; Full text Table 3. Each of seven randomized parallel groups had n=8. Primary broad estimate combines all six active arms before comparison with the single shared sham: active n=48, post DMS RCS=.4200, pooled SD=.10708; sham n=8, post=.3900, SD=.1100. Pre values: active=.37667, pooled SD=.09855; sham=.3900, SD=.1400. Composite calculated using standard within-plus-between-arm sums of squares. This avoids selective inclusion of favorable arms and double counting the shared sham. Post-score Hedges g is used because change-score SDs and exact group×time tests were not reported.","https://docs.google.com/spreadsheets/d/1nL-UxVKVvhbF2QcCERRsBXHrWlpq9aQEzhIbh5sf8nY/edit#gid=967343991","Parallel seven-arm RCT","Sham","Acute post",0.275272281504397,0.146534952120043,"SMD","Raw post; Full text Table 3. Each of seven randomized parallel groups had n=8. Primary broad estimate combines all six active arms before comparison with the single shared sham: active n=48, post DMS RCS=.4200, pooled SD=.10708; sham n=8, post=.3900, SD=.1100. Pre values: active=.37667, pooled SD=.09855; sham=.3900, SD=.1400. Composite calculated using standard within-plus-between-arm sums of squares. This avoids selective inclusion of favorable arms and double counting the shared sham. Post-score Hedges g is used because change-score SDs and exact group×time tests were not reported.",48,8,0.42,0.107079211086039,0.39,0.11,0.376666666666667,0.0985497678210794,0.39,0.14,,,,,1,,,"SMD","Independent randomized active-control post-treatment","Pooled between-person endpoint SD",1,"Comparable raw-score standardizer; exact J and metafor SMD LS variance replace legacy approximations","","Not required",0,0,0,0,"Healthy/cognitively normal","Single-session/acute","Memory/working memory","Parallel-group","No therapeutic light/control","No documented industry association",0,"54.0","0.986046511627907","Legacy approximation 1-3/(4df-1); source-specific verification below; not exact gamma correction","Pooled between-person endpoint SD","1/n1+1/n0 + g^2/(2df); sampling base term not multiplied by J^2",0.8,0.275269249554137,0.146509879402531,"54","0.986035650948578",,
"COG-HWANG-2016","Hwang et al. 2016","Cog-DMS-correct","Memory","representative",21,"Frozen Outcome Data row 21; Table 3 exact mean±SD; LLLT vs CON. Prespecified primary Hwang cognitive endpoint.","https://docs.google.com/spreadsheets/d/1nL-UxVKVvhbF2QcCERRsBXHrWlpq9aQEzhIbh5sf8nY/edit#gid=967343991","Multi-arm RCT","Control","Immediate post",1.14786237140888,0.117336684522321,"SMD","Raw post; Table 3 exact mean±SD; LLLT vs CON. Prespecified primary Hwang cognitive endpoint.",20,20,27.73,1.83,25.27,2.34,26.6,1.76,27,1.56,,,,,1,,,"SMD","Independent randomized active-control post-treatment","Pooled between-person endpoint SD",1,"Comparable raw-score standardizer; exact J and metafor SMD LS variance replace legacy approximations","","Not required",0,0,0,0,"Healthy/cognitively normal","Single-session/acute","Memory/working memory","Parallel-group","No therapeutic light/control","No documented industry association",0,"38.0","0.9801324503311258","Legacy approximation 1-3/(4df-1); source-specific verification below; not exact gamma correction","Pooled between-person endpoint SD","1/n1+1/n0 + g^2/(2df); sampling base term not multiplied by J^2",0.8,1.14783655010347,0.116469109321918,"38","0.98011040213095",,
"COG-CHAN-2019-OLDER","Chan et al. 2019","Cog-Flanker-incongruent-RT","Executive / sustained attention","representative",22,"Chan 2019 Figure 2 original embedded PDF image; n=15 per arm; caption one SE; paired t in Results.","https://docs.google.com/spreadsheets/d/1nL-UxVKVvhbF2QcCERRsBXHrWlpq9aQEzhIbh5sf8nY/edit#gid=967343991","Parallel RCT","Sham","Immediate post",0.751984955477938,0.143431214998783,"SMD","F-derived interaction; Full text reports group×time F(1,28)=4.48, p=.043. Hedges g derived from signed change contrast using t=√F and equal n=15/arm; sign set from reported greater RT decrease with active PBM. Within-active d=.55 is not used for pooling.",15,15,578.854625550661,81.3269630701411,575.624082232012,80.3317030325694,607.709251101322,95.4027836015116,566.005873715125,65.6871624797293,-28.8546255506608,52.2212543078319,9.61820851688685,47.1533688686748,-1,,,"controlled_SMCRH","Between-arm difference in baseline-SD-standardized pre/post change","Each randomized arm baseline raw-score SD",1,"Recovered raw-score baseline standardizer from figure explicitly labeled one SEM; approximate digitization.","Digitized SEM multiplied by sqrt(n). Rounded paired t reconstructs change SD.","Derived from digitized marginal SDs and reconstructed change SD, not imputed",0,0,1,1,"Healthy/cognitively normal","Single-session/acute","Other cognitive domains","Parallel-group","No therapeutic light/control","No documented industry association",1,"28.0","0.972972972972973","Legacy approximation 1-3/(4df-1); source-specific verification below; not exact gamma correction","Interaction/adjusted model change or residual SD; marginal raw-score scale not identified","1/n1+1/n0 + g^2/(2df); sampling base term not multiplied by J^2",0.8,0.424316068209489,0.0576917072675991,"14;14","0.94528772930681;0.94528772930681",0.837028625807597,0.809639152877561
"COG-DOUGAL-2021","Dougal et al. 2021","Cog-ANAM-composite","Global cognition","representative",29,"Frozen Outcome Data row 29; Tables 1, 3 and 4. Analyzed n=14 active, n=13 placebo. Change SDs converted from reported SE: active .11×√14=.4116; placebo .15×√13=.5408. Baseline imbalance supports change-score route. Composite selected as primary.; Dougal_PDF.txt Tables3-4 baseline SE times sqrt(analyzed n14/13)","https://docs.google.com/spreadsheets/d/1nL-UxVKVvhbF2QcCERRsBXHrWlpq9aQEzhIbh5sf8nY/edit#gid=967343991","Parallel placebo RCT","Placebo","35–55 days",0.933173015934892,0.165767885905029,"SMD","Raw change; Tables 1, 3 and 4. Analyzed n=14 active, n=13 placebo. Change SDs converted from reported SE: active .11×√14=.4116; placebo .15×√13=.5408. Baseline imbalance supports change-score route. Composite selected as primary.",14,13,0.72,,-0.47,,0.22,0.823164625090267,-0.51,0.937443331620637,0.5,0.4115823125,0.04,0.5408326913,1,,,"controlled_SMCRH","Active pre-post change minus control pre-post change","Between-person baseline SD within each randomized arm",1,"Difference of raw-score-standardized arm changes; sum independent arm variances (Becker/Morris implementation)","Separate arm baseline SDs; paired change variation retained; no uncontrolled effect pooled","Observed/reconstructed change SD used directly; no imputed paired correlation needed",0,0,0,0,"Healthy/cognitively normal","Repeated treatment","Global cognition","Parallel-group","No therapeutic light/control","No documented industry association",0,"25.0","0.9696969696969697","Legacy approximation 1-3/(4df-1); source-specific verification below; not exact gamma correction","Pooled between-person SD of individual change scores","1/n1+1/n0 + g^2/(2df); sampling base term not multiplied by J^2",0.8,0.53162802932212,0.0551889138104017,"13;12","0.940982467471149;0.935941822906475",,
"COG-CHAN-2021-DIFFICULT","Chan et al. 2021 difficult task","Cog-3back-Aprime","Memory","representative",37,"Frozen Outcome Data row 37; Full text: active n=18, control n=15. Baseline corrected to active A′ 0.91±0.05 and control 0.92±0.04. Exact post between-group t(31)=−0.279, p=.78 converted to Hedges g. Selected primary cognition outcome under accuracy-over-RT rule. No figure digitization required.","https://docs.google.com/spreadsheets/d/1nL-UxVKVvhbF2QcCERRsBXHrWlpq9aQEzhIbh5sf8nY/edit#gid=967343991","Parallel RCT","Sham","Immediate post",-0.0951602174437308,0.122368278141318,"SMD","t-derived independent post; Full text: active n=18, control n=15. Baseline corrected to active A′ 0.91±0.05 and control 0.92±0.04. Exact post between-group t(31)=−0.279, p=.78 converted to Hedges g. Selected primary cognition outcome under accuracy-over-RT rule. No figure digitization required.",18,15,,,,,0.91,0.05,0.92,0.04,,,,,1,-0.279,,"SMD_t","Independent randomized active-control post-treatment","Pooled between-person endpoint SD",1,"Comparable raw-score standardizer; exact J and metafor SMD LS variance replace legacy approximations","Exact independent post t(31); n18/15","Not required",0,0,0,1,"Healthy/cognitively normal","Single-session/acute","Memory/working memory","Parallel-group","No therapeutic light/control","No documented industry association",1,"31.0","0.975609756097561","Legacy approximation 1-3/(4df-1); source-specific verification below; not exact gamma correction","Pooled between-person endpoint SD","1/n1+1/n0 + g^2/(2df); sampling base term not multiplied by J^2",0.8,-0.0951569733925021,0.122359416912907,"31","0.97557649715687",,
"COG-YANG-2024-LANGUAGE","Yang et al. 2024","Cog-language","Language","representative",41,"Frozen Outcome Data row 41; Full text, Results §§3.1–3.3; Figs. 3–4. Valid analyzed sample: L1 n=28 and L2 n=28 (total paired n=56). Study-level sentence-processing P (lower=better): sham 2556.09±733.21 ms; active 2343.36±674.59 ms. Mixed repeated-measures stimulation effect F(1,54)=10.931, p=.002, partial eta²=.168; signed t-equivalent=-sqrt(F)=-3.3062 used for paired Hedges g, with direction multiplier -1. No stimulation×group interaction: F(1,54)=0.809, p=.372. Sensitivity/subgroup data retained: L1 sham 2104.35±442.42, active 1948.92±395.06, t(27)=2.085, d=.394, p=.047; L2 sham 3009.46±688.90, active 2737.80±669.50, t(27)=2.575, d=.487, p=.016. Verbal WM stimulation F(1,54)=1.835,p=.181; visual WM F(1,54)=0.016,p=.899. Fig. 4 correlations are behavioral moderators, not EEG links.","https://docs.google.com/spreadsheets/d/1nL-UxVKVvhbF2QcCERRsBXHrWlpq9aQEzhIbh5sf8nY/edit#gid=967343991","Crossover sham controlled","Sham","Immediate post",0.43564560263098,0.0190568083685611,"Paired SMD","t-derived paired; Full text, Results §§3.1–3.3; Figs. 3–4. Valid analyzed sample: L1 n=28 and L2 n=28 (total paired n=56). Study-level sentence-processing P (lower=better): sham 2556.09±733.21 ms; active 2343.36±674.59 ms. Mixed repeated-measures stimulation effect F(1,54)=10.931, p=.002, partial eta²=.168; signed t-equivalent=-sqrt(F)=-3.3062 used for paired Hedges g, with direction multiplier -1. No stimulation×group interaction: F(1,54)=0.809, p=.372. Sensitivity/subgroup data retained: L1 sham 2104.35±442.42, active 1948.92±395.06, t(27)=2.085, d=.394, p=.047; L2 sham 3009.46±688.90, active 2737.80±669.50, t(27)=2.575, d=.487, p=.016. Verbal WM stimulation F(1,54)=1.835,p=.181; visual WM F(1,54)=0.016,p=.899. Fig. 4 correlations are behavioral moderators, not EEG links.",56,56,2343.36,674.59,2556.09,733.21,,,,,,,,,-1,,,"SMCRPH","Within-person active-sham condition endpoint","Square root of mean active/sham marginal variances",1,"Replace dz with raw-score standardization; pairing retained in variance","Marginal condition SDs treated as participant SDs; approximate normal theory; crossover period/carryover not separately recoverable; do not derive a paired correlation from mixed-model F(1,54); pooled n56 raw summaries used; language-group stratification omitted in marginal contrast","Imputed active-sham correlation .50, sensitivity .20/.80",1,0,0,0,"Healthy/cognitively normal","Single-session/acute","Other cognitive domains","Crossover/within-person","No therapeutic light/control","No documented industry association",1,"54","0.986046511627907","Legacy approximation 1-3/(4df-1); source-specific verification below; not exact gamma correction","Within-person difference SD / dz-type reconstruction","Japprox^2/n + g^2/(2n); J df54; matches stored variance",0.8,0.298563413189899,0.00789538547685135,"67.0731707317073","0.988769326301506",0.8,
"COG-CHAN-2021-MCI","Chan et al. 2021 MCI","Cog-VMS-total","Memory","representative",58,"Chan 2021 Figure 3a supplied image; reported text means and paired t; n=9 per arm.","https://docs.google.com/spreadsheets/d/1nL-UxVKVvhbF2QcCERRsBXHrWlpq9aQEzhIbh5sf8nY/edit#gid=967343991","Parallel RCT in MCI","Sham","Immediate post",0.585023838164745,0.232917625072879,"Change-score SMD","Raw change; Exact means from Results/Fig. 3. Change SDactive=(14.3/2.3)×√9=18.652; change SDcontrol=(2.1/0.3)×√9=21.000. Estimates are approximate because reported t values are rounded. Fig. 3 error bars are SE; no digitization used. Total score is the selected primary Chan MCI outcome.",9,9,63.3,18.957654723127,59.3,25.4071661237785,49,15.0488599348534,57.2,21.4983713355049,14.3,18.6521739130435,2.09999999999999,20.9999999999999,1,,,"controlled_SMCRH","Between-arm difference in baseline-SD-standardized pre/post change","Each randomized arm baseline raw-score SD",1,"Recovered raw-score baseline standardizer from figure explicitly labeled one SEM; approximate digitization.","Digitized SEM multiplied by sqrt(n). Rounded paired t reconstructs change SD.","Derived from digitized marginal SDs and reconstructed change SD, not imputed",0,0,1,1,"Clinical population","Single-session/acute","Memory/working memory","Parallel-group","No therapeutic light/control","No documented industry association",1,"16.0","0.9523809523809523","Legacy approximation 1-3/(4df-1); source-specific verification below; not exact gamma correction","Pooled between-person SD of individual change scores","1/n1+1/n0 + g^2/(2df); sampling base term not multiplied by J^2",0.8,0.76960539344545,0.318019034584309,"8;8","0.90270333367641;0.90270333367641",0.417042932780002,0.610297115384618
"COG-HASSAN-2026-STROKE","Hassan et al. 2026","Cog-MMSE","Global cognition","representative",65,"Frozen Outcome Data row 65; Full text Table 2/results. Active n=20, post MMSE 24.6±3.8; sham n=20, 25.1±4.2. ANCOVA adjusted mean difference -0.5 (95% CI -2.8 to 1.8), p=.670. Clean transcranial-only randomized sham-controlled null result; retain in primary cognition model.","https://docs.google.com/spreadsheets/d/1nL-UxVKVvhbF2QcCERRsBXHrWlpq9aQEzhIbh5sf8nY/edit#gid=967343991","Parallel randomized single-blind sham-controlled RCT","Sham","One week post 8-week intervention",-0.122363697147286,0.100197011504994,"SMD","Raw post; Full text Table 2/results. Active n=20, post MMSE 24.6±3.8; sham n=20, 25.1±4.2. ANCOVA adjusted mean difference -0.5 (95% CI -2.8 to 1.8), p=.670. Clean transcranial-only randomized sham-controlled null result; retain in primary cognition model.",20,20,24.6,3.8,25.1,4.2,,,,,,,,,1,,,"SMD","Independent randomized active-control post-treatment","Pooled between-person endpoint SD",1,"Comparable raw-score standardizer; exact J and metafor SMD LS variance replace legacy approximations","","Not required",0,0,0,0,"Clinical population","Repeated treatment","Global cognition","Parallel-group","No therapeutic light/control","No documented industry association",0,"38.0","0.9801324503311258","Legacy approximation 1-3/(4df-1); source-specific verification below; not exact gamma correction","Pooled between-person endpoint SD","1/n1+1/n0 + g^2/(2df); sampling base term not multiplied by J^2",0.8,-0.122360944560849,0.100187152509423,"38","0.98011040213095",,
"COG-PENA-2026","Peña et al. 2026","Cog-RAT","Convergent thinking","representative",66,"Frozen Outcome Data row 66; Table 3 is source of record: ANCOVA-adjusted RAT F=5.74, p=.020, partial eta²=.098. Abstract reports F=6.15, p=.016; discrepancy flagged. Randomized N=56 (28/arm) retained despite a participant-table count inconsistency. Hedges g derived from adjusted F; positive favors tPBM.","https://docs.google.com/spreadsheets/d/1nL-UxVKVvhbF2QcCERRsBXHrWlpq9aQEzhIbh5sf8nY/edit#gid=967343991","Double-blind randomized sham-controlled parallel RCT","Sham","During stimulation / acute",0.631377831784076,0.0751196637106859,"Adjusted F-derived SMD","F-derived adjusted independent-groups SMD; Table 3 is source of record: ANCOVA-adjusted RAT F=5.74, p=.020, partial eta²=.098. Abstract reports F=6.15, p=.016; discrepancy flagged. Randomized N=56 (28/arm) retained despite a participant-table count inconsistency. Hedges g derived from adjusted F; positive favors tPBM.",28,28,9.75,3.27,9.29,3.27,7.25,2.93,9.07,4.26,2.5,,0.219999999999999,,1,,,"controlled_SMCRH","Active pre-post change minus control pre-post change","Between-person baseline SD within each randomized arm",1,"Difference of raw-score-standardized arm changes; sum independent arm variances (Becker/Morris implementation)","Adjusted F cannot identify marginal-SD effect; use controlled raw change with observed baseline/endpoint SDs and imputed pre-post covariance; preserve baseline imbalance adjustment via differencing","Imputed within-arm pre-post r .50, sensitivity .20/.80",1,0,0,0,"Healthy/cognitively normal","Single-session/acute","Other cognitive domains","Parallel-group","No therapeutic light/control","No documented industry association",1,"54.0","0.986046511627907","Legacy approximation 1-3/(4df-1); source-specific verification below; not exact gamma correction","Interaction/adjusted model change or residual SD; marginal raw-score scale not identified","1/n1+1/n0 + g^2/(2df); sampling base term not multiplied by J^2",0.8,0.779089134312593,0.0416444772142257,"27;27","0.971918639600908;0.971918639600908",0.8,0.8
"COG-CHUN-2025-PILOT","Chun et al. 2025","Cog-KMoCA","Global cognition","representative",77,"Frozen Outcome Data row 77; Primary K-MoCA outcome. Table 3: week 13 active 25.92±2.84 vs sham 20.92±5.12, n=13/arm; mean difference 5.00 [1.65,8.35], p=.005. Baseline 21.62±3.69 vs 19.62±4.57; ANCOVA week-13 p=.002 corroborates the treatment difference. Randomized, concealed, double-blind sham-controlled; all 26 completed. Raw randomized post-score SMD used for consistency with existing master hierarchy.","https://docs.google.com/spreadsheets/d/1nL-UxVKVvhbF2QcCERRsBXHrWlpq9aQEzhIbh5sf8nY/edit#gid=967343991","Parallel block-randomized double-blind sham-controlled RCT","Low-power sham helmet","Week 13",1.16957699569647,0.18234428611412,"Post-score SMD","Independent post-treatment SMD; Primary K-MoCA outcome. Table 3: week 13 active 25.92±2.84 vs sham 20.92±5.12, n=13/arm; mean difference 5.00 [1.65,8.35], p=.005. Baseline 21.62±3.69 vs 19.62±4.57; ANCOVA week-13 p=.002 corroborates the treatment difference. Randomized, concealed, double-blind sham-controlled; all 26 completed. Raw randomized post-score SMD used for consistency with existing master hierarchy.",13,13,25.92,2.84,20.92,5.12,21.62,3.69,19.62,4.57,,,,,1,,,"SMD","Independent randomized active-control post-treatment","Pooled between-person endpoint SD",1,"Comparable raw-score standardizer; exact J and metafor SMD LS variance replace legacy approximations","","Not required",0,0,0,0,"Clinical population","Repeated treatment","Global cognition","Parallel-group","Low/nonzero-output sham","Documented industry association",0,"24.0","0.968421052631579","Legacy approximation 1-3/(4df-1); source-specific verification below; not exact gamma correction","Pooled between-person endpoint SD","1/n1+1/n0 + g^2/(2df); sampling base term not multiplied by J^2",0.8,1.16950958200985,0.180149089661786,"24","0.968365233447717",,
"COG-LEE-2025-TBI","Lee et al. 2025 TBI","Cog-VWM-span","Memory","representative",45,"Frozen Outcome Data row 45; Correctly mapped to Lee T-L et al. 2025, Transcranial photobiomodulation improves cognitive function, post-concussion, and PTSD symptoms in mild traumatic brain injury, J Neurotrauma 42:1695-1707, doi:10.1089/neu.2025.0048. These values were previously disabled only because they were assigned to the wrong Lee 2025 citation. This is an independent randomized transcranial-only neurological cohort. VWM span selected without regard to significance; span-9 RT and HKLLT remain secondary dependent outcomes.","https://docs.google.com/spreadsheets/d/1nL-UxVKVvhbF2QcCERRsBXHrWlpq9aQEzhIbh5sf8nY/edit#gid=967343991","Randomized placebo-controlled counterbalanced crossover RCT","Inactive sham","After 18 sessions / end of treatment",0.04604,0.05342,"Paired SMD (r=.50; sensitivity .20/.80)","Paired SMD from raw post values using r=.50; sensitivity r=.20/.80; Correctly mapped to Lee T-L et al. 2025, Transcranial photobiomodulation improves cognitive function, post-concussion, and PTSD symptoms in mild traumatic brain injury, J Neurotrauma 42:1695-1707, doi:10.1089/neu.2025.0048. These values were previously disabled only because they were assigned to the wrong Lee 2025 citation. This is an independent randomized transcranial-only neurological cohort. VWM span selected without regard to significance; span-9 RT and HKLLT remain secondary dependent outcomes.",17,17,5.71,1.21,5.65,1.27,,,,,,,,,1,,,"SMCRPH","Within-person active-sham condition endpoint","Square root of mean active/sham marginal variances",1,"Replace dz with raw-score standardization; pairing retained in variance","Marginal condition SDs treated as participant SDs; approximate normal theory; crossover period/carryover not separately recoverable","Imputed active-sham correlation .50, sensitivity .20/.80",1,0,0,0,"Clinical population","Repeated treatment","Memory/working memory","Crossover/within-person","No therapeutic light/control","No documented industry association",0,"16.0","0.9523283701422476","Effective J inferred from stored g and raw d; precise legacy implementation unresolved","Within-person difference SD / dz-type reconstruction","Source labels paired / J-squared convention, but simple candidates do not match exactly; original numeric retained, no invented exact legacy formula",0.8,0.0464853664374001,0.0236916689774661,"19.5121951219512","0.960978693399287",0.8,
"COG-DEOLIVEIRA-2024","de Oliveira et al. 2024","Cog-MoCA-change","Global cognition","representative",80,"Frozen Outcome Data row 80; Full text verified 2026-08-25. Randomized n=93 (47 tPBM/46 placebo); principal cognition dataset n=76, using n=40 tPBM and n=36 placebo as stated in abstract, Results, Table 2, and Fig. 4 caption. Baseline MoCA 19.3±3.3 vs 18.5±3.8. Day-60 changes: +3.20 vs +1.97; p=.0002. Fig. 4B explicitly plots mean±SD; high-resolution digitization gives SDchange≈1.268 tPBM and 1.506 placebo. Hedges g=.87886, var=.057997. Note: CONSORT Fig. 3 visually shows placebo analyzed n=37 with one biochemical exclusion, but the cognition figure/text consistently specify total n=76 and placebo n=36; n=40/36 used for meta-analysis.","https://docs.google.com/spreadsheets/d/1nL-UxVKVvhbF2QcCERRsBXHrWlpq9aQEzhIbh5sf8nY/edit#gid=967343991","Parallel randomized double-blind placebo-controlled RCT","Inactive helmet-off placebo","Day 60 / end of 24-session treatment",0.8788594641,0.05799665587,"Change-score SMD; Figure 4B SDs digitized","Independent change-score SMD from published mean changes and Figure 4B SDs digitized from supplied high-resolution figure; Full text verified 2026-08-25. Randomized n=93 (47 tPBM/46 placebo); principal cognition dataset n=76, using n=40 tPBM and n=36 placebo as stated in abstract, Results, Table 2, and Fig. 4 caption. Baseline MoCA 19.3±3.3 vs 18.5±3.8. Day-60 changes: +3.20 vs +1.97; p=.0002. Fig. 4B explicitly plots mean±SD; high-resolution digitization gives SDchange≈1.268 tPBM and 1.506 placebo. Hedges g=.87886, var=.057997. Note: CONSORT Fig. 3 visually shows placebo analyzed n=37 with one biochemical exclusion, but the cognition figure/text consistently specify total n=76 and placebo n=36; n=40/36 used for meta-analysis.",40,36,,,,,19.3,3.3,18.5,3.8,3.2,1.2675592626,1.97,1.5057067604,1,,,"controlled_SMCRH","Active pre-post change minus control pre-post change","Between-person baseline SD within each randomized arm",1,"Difference of raw-score-standardized arm changes; sum independent arm variances (Becker/Morris implementation)","Separate arm baseline SDs; paired change variation retained; no uncontrolled effect pooled","Observed/reconstructed change SD used directly; no imputed paired correlation needed",0,0,1,0,"Clinical population","Repeated treatment","Global cognition","Parallel-group","No therapeutic light/control","No documented industry association",0,"74.0","0.9898305084745763","Legacy approximation 1-3/(4df-1); source-specific verification below; not exact gamma correction","Pooled between-person SD of individual change scores","1/n1+1/n0 + g^2/(2df); sampling base term not multiplied by J^2",0.8,0.443689737429604,0.0229257799829915,"39;35","0.980624238680338;0.97839123749972",,
"COG-BERMAN-2017-DEMENTIA","Berman et al. 2017","Cog-MMSE-change","Global cognition","representative",221,"Frozen Outcome Data row 221; Figure 3 independently re-audited 2026-08-25. Active MMSE pairs: 14→16, 17→19, 18→20, 19→19, 23→25, 23→20; placebo: 11→13, 16→15, 28→28. Changes active [2,2,2,0,2,-3], placebo [2,-1,0]. Randomized double-blind placebo-controlled transcranial-only trial meets primary cognition eligibility. Major concerns: n=9 completers from 11 enrolled, unclear randomization/concealment/sham implementation, selective/multiple outcome reporting, industry/patent conflicts. Include in core; exclude in digitized-estimate and major-RoB sensitivities. qEEG remains narrative only.","https://docs.google.com/spreadsheets/d/1nL-UxVKVvhbF2QcCERRsBXHrWlpq9aQEzhIbh5sf8nY/edit#gid=967343991","Parallel randomized double-blind placebo-controlled pilot RCT","Placebo/sham helmet","End of treatment / within 3 days after 28 sessions",0.232860814220259,0.398934882595013,"Change-score SMD; participant-level Figure 3 values digitized","Independent change-score SMD from Figure 3 participant-level MMSE pairs; pooled change-score SD; Hedges small-sample correction J=0.88889; sampling variance J²[(n1+n0)/(n1n0)+d²/(2df)]; Figure 3 independently re-audited 2026-08-25. Active MMSE pairs: 14→16, 17→19, 18→20, 19→19, 23→25, 23→20; placebo: 11→13, 16→15, 28→28. Changes active [2,2,2,0,2,-3], placebo [2,-1,0]. Randomized double-blind placebo-controlled transcranial-only trial meets primary cognition eligibility. Major concerns: n=9 completers from 11 enrolled, unclear randomization/concealment/sham implementation, selective/multiple outcome reporting, industry/patent conflicts. Include in core; exclude in digitized-estimate and major-RoB sensitivities. qEEG remains narrative only.",6,3,19.8333333333333,2.92688685580203,18.6666666666667,8.14452781524708,19,3.5213633723318,18.3333333333333,8.73689494805411,0.833333333333333,2.04124145231932,0.333333333333333,1.52752523165195,1,,,"controlled_SMCRH","Active pre-post change minus control pre-post change","Between-person baseline SD within each randomized arm",1,"Difference of raw-score-standardized arm changes; sum independent arm variances (Becker/Morris implementation)","Separate arm baseline SDs; paired change variation retained; no uncontrolled effect pooled","Observed/reconstructed change SD used directly; no imputed paired correlation needed",0,1,1,0,"Clinical population","Repeated treatment","Global cognition","Parallel-group","No therapeutic light/control","Documented industry association",0,"7.0","0.8888888888888888","Legacy approximation 1-3/(4df-1); source-specific verification below; not exact gamma correction","Pooled between-person SD of individual change scores","Japprox^2*(1/n1+1/n0) + g^2/(2df); matches stored variance",0.8,0.177438643056451,0.0695689183686487,"5;2","0.840748682459689;0.564189583547756",0.815009196241723,0.986070169572217
"COG-YANG-2025-OLDER-WM","Yang et al. 2025","Cog-3back-accuracy","Memory","representative",223,"Frozen Outcome Data row 223; Supplementary Table A1 resolves the preferred endpoint: active 3-back accuracy 0.63±0.17 vs sham 0.56±0.18, n=55 paired. Accuracy was the article's main/sample-size-planning outcome. Within-participant correlation is not reported, so protocol v1.1 central r=.50 is used with r=.20/.80 sensitivity rows. Yang is the sole core representative of the potentially overlapping Xuanwu older-adult program; Qu 2022 remains fixed-order sensitivity and Hu 2023 mechanistic/companion, so they are not co-counted as independent primary studies.","https://docs.google.com/spreadsheets/d/1nL-UxVKVvhbF2QcCERRsBXHrWlpq9aQEzhIbh5sf8nY/edit#gid=967343991","Randomized single-blind sham-controlled crossover","0-W sham; identical procedure","Acute post-session",0.3939365284,0.01908874031,"Paired SMD; protocol r=.50 (sensitivity .20/.80)","Paired standardized mean difference using protocol r=.50; SDdiff=sqrt(SDactive²+SDsham²−2r·SDactive·SDsham); Hedges correction J(df=54); paired-effect sampling variance; Supplementary Table A1 resolves the preferred endpoint: active 3-back accuracy 0.63±0.17 vs sham 0.56±0.18, n=55 paired. Accuracy was the article's main/sample-size-planning outcome. Within-participant correlation is not reported, so protocol v1.1 central r=.50 is used with r=.20/.80 sensitivity rows. Yang is the sole core representative of the potentially overlapping Xuanwu older-adult program; Qu 2022 remains fixed-order sensitivity and Hu 2023 mechanistic/companion, so they are not co-counted as independent primary studies.",55,55,0.63,0.17,0.56,0.18,,,,,,,,,1,,,"SMCRPH","Within-person active-sham condition endpoint","Square root of mean active/sham marginal variances",1,"Replace dz with raw-score standardization; pairing retained in variance","Marginal condition SDs treated as participant SDs; approximate normal theory; crossover period/carryover not separately recoverable","Imputed active-sham correlation .50, sensitivity .20/.80",1,0,0,0,"Healthy/cognitively normal","Single-session/acute","Memory/working memory","Crossover/within-person","No therapeutic light/control","No documented industry association",0,"54.0","0.986046511627907","Legacy approximation 1-3/(4df-1); source-specific verification below; not exact gamma correction","Within-person difference SD / dz-type reconstruction","Japprox^2/n + g^2/(2n); J df54; matches stored variance",0.8,0.39526287111044,0.0084856613618563,"65.8536585365854","0.988560424957862",0.8,
"COG-SABOURI-MOGHADAM-2017","Sabouri Moghadam et al. 2017","Cog-PGNG-ES","Executive / sustained attention","representative",227,"Frozen Outcome Data row 227; Full-text audit 2026-08-25. Simple random allocation, n=17/arm, all participants completed with no missing data. Efficiency score is identified as the main attentional parameter. Body reports group×time F(1,30)=10.68, p=.003; abstract reports p=.004. Sham delivered ~1/12 cumulative active energy. Locked comparator rule treats nonzero-dose shams as core-eligible when all other core criteria are met.; Sabouri_source_verified.txt, primary paper Table2 baseline SD5 and abstract change4.6 SD3 versus0.8 SD3; avoid F from sex-adjusted model","https://docs.google.com/spreadsheets/d/1nL-UxVKVvhbF2QcCERRsBXHrWlpq9aQEzhIbh5sf8nY/edit#gid=967343991","Parallel randomized sham-controlled RCT","Nonzero-dose sham: 5 s light per treatment minute (~1/12 cumulative active energy)","Immediate post-session",1.09444546919138,0.136362853902178,"F-derived change SMD","Independent-groups SMD derived from group×time F: t=sqrt(F); d=t*sqrt(1/n_active+1/n_sham); Hedges small-sample correction; variance=(n1+n0)/(n1*n0)+g²/[2(n1+n0−2)]; Full-text audit 2026-08-25. Simple random allocation, n=17/arm, all participants completed with no missing data. Efficiency score is identified as the main attentional parameter. Body reports group×time F(1,30)=10.68, p=.003; abstract reports p=.004. Sham delivered ~1/12 cumulative active energy. Locked comparator rule treats nonzero-dose shams as core-eligible when all other core criteria are met.",17,17,,,,,17,5,18,5,4.6,3,0.8,3,1,,,"controlled_SMCRH","Active pre-post change minus control pre-post change","Between-person baseline SD within each randomized arm",1,"Difference of raw-score-standardized arm changes; sum independent arm variances (Becker/Morris implementation)","Separate arm baseline SDs; paired change variation retained; no uncontrolled effect pooled","Observed/reconstructed change SD used directly; no imputed paired correlation needed",0,0,0,0,"Healthy/cognitively normal","Single-session/acute","Other cognitive domains","Parallel-group","Low/nonzero-output sham","No documented industry association",1,"32.0","0.9763779527559056","Legacy approximation 1-3/(4df-1); source-specific verification below; not exact gamma correction","Interaction/adjusted model change or residual SD; marginal raw-score scale not identified","1/n1+1/n0 + g^2/(2df); sampling base term not multiplied by J^2",0.8,0.723712914451308,0.0656093700901308,"16;16","0.952253834804353;0.952253834804353",,
"COG-SALEHPOUR-2026-STAGE1-ADHD","Salehpour et al. 2026","Cog-CPT-CR-ADHD","Executive / sustained attention","representative",228,"Frozen Outcome Data row 228; Full-text audit 2026-08-25. CPT correct rejections is explicitly the primary behavioral outcome. Stage 1 diagnosis×treatment interaction F(1,219)=4.924, p=.028; ADHD subgroup active vs sham F(1,25)=6.71, p=.017, reported d=.93 and 51% improvement. Stage 1 ADHD cells: active n=15, sham n=12. Use one study-level Salehpour contribution; Stage 2 is supportive and not a second k.; Salehpour_PDF.txt Figure 4 and Stage 1 results: post-treatment CPT comparison; reported d retained rather than forcing equality with rounded F","https://docs.google.com/spreadsheets/d/1nL-UxVKVvhbF2QcCERRsBXHrWlpq9aQEzhIbh5sf8nY/edit#gid=967343991","Parallel randomized single-blind sham-controlled RCT; Stage 1 ADHD subgroup","0-W sham; same device/sites/duration/sound","Immediate post-session",0.901818181818182,0.166265520661157,"Reported Cohen d transformed to Hedges g","Reported between-group Cohen d transformed to Hedges g using small-sample correction J=1-3/[4(n1+n0)-9]; variance=(n1+n0)/(n1*n0)+g²/[2(n1+n0−2)]; Full-text audit 2026-08-25. CPT correct rejections is explicitly the primary behavioral outcome. Stage 1 diagnosis×treatment interaction F(1,219)=4.924, p=.028; ADHD subgroup active vs sham F(1,25)=6.71, p=.017, reported d=.93 and 51% improvement. Stage 1 ADHD cells: active n=15, sham n=12. Use one study-level Salehpour contribution; Stage 2 is supportive and not a second k.",15,12,,,,,,,,,,,,,1,,0.93,"SMD_d","Independent randomized active-control post-treatment","Pooled between-person endpoint SD",1,"Comparable raw-score standardizer; exact J and metafor SMD LS variance replace legacy approximations","","Not required",0,0,0,0,"Clinical population","Single-session/acute","Other cognitive domains","Parallel-group","No therapeutic light/control","No documented industry association",0,"25.0","0.9696969696969697","Legacy approximation 1-3/(4df-1); source-specific verification below; not exact gamma correction","Pooled between-person endpoint SD","1/n1+1/n0 + g^2/(2df); sampling base term not multiplied by J^2",0.8,0.90177038904335,0.165059071010285,"25","0.969645579616505",,
"COG-ZHAO-X-2022-SCD","Zhao X et al. 2022 — SCD sleep/cognition (JAD)","Cog-2back-RT-change-SCD","Memory","representative",231,"Frozen Outcome Data row 231; Full-text + journal supplement audit 2026-08-26. 68 randomized 34/34; 58 completed (32 active/26 sham), with differential attrition. Main Table 3 ACC counts are pooled trials, not participants, and post-only RT t values do not reconcile with participant n/means/SDs. Supplementary Tables 1-2 provide within-arm pre/post RT means, SDs, and paired t values, allowing change-SD reconstruction. Baseline cognitive/n-back imbalance makes controlled change preferable. Count as a distinct study from Chenguang Zhao et al. 2022 Science Advances; flag possible Xuanwu/SILCODE program overlap with Yang 2025 for sensitivity because shared infrastructure/authors exist but no participant reuse is reported.","https://docs.google.com/spreadsheets/d/1nL-UxVKVvhbF2QcCERRsBXHrWlpq9aQEzhIbh5sf8nY/edit#gid=967343991","Parallel randomized double-blind sham-controlled RCT","Same procedure; transient light then 11 min off; ~1/12 active energy density","End of 6-day treatment / one-week post-treatment test",-0.107259708105,0.069814258506,"Change-score SMD; SDchange reconstructed from within-arm paired t","Compute SDchange within each arm from paired t: SDchange=|mean change|×sqrt(n)/|t|; calculate independent-groups change-score SMD, reverse direction because lower RT=better, then Hedges correction J=0.9865471. Chosen 2-back RT because 2-back is the authors' highlighted WM load and accuracy lacks participant-level variance.; Full-text + journal supplement audit 2026-08-26. 68 randomized 34/34; 58 completed (32 active/26 sham), with differential attrition. Main Table 3 ACC counts are pooled trials, not participants, and post-only RT t values do not reconcile with participant n/means/SDs. Supplementary Tables 1-2 provide within-arm pre/post RT means, SDs, and paired t values, allowing change-SD reconstruction. Baseline cognitive/n-back imbalance makes controlled change preferable. Count as a distinct study from Chenguang Zhao et al. 2022 Science Advances; flag possible Xuanwu/SILCODE program overlap with Yang 2025 for sensitivity because shared infrastructure/authors exist but no participant reuse is reported.",32,26,726.7,302.19,756.3,287.11,745.68,309.29,789.33,329.72,-18.98,117.212984339918,-33.03,142.729334350822,-1,,,"controlled_SMCRH","Active pre-post change minus control pre-post change","Between-person baseline SD within each randomized arm",1,"Difference of raw-score-standardized arm changes; sum independent arm variances (Becker/Morris implementation)","Separate arm baseline SDs; paired change variation retained; no uncontrolled effect pooled","Observed/reconstructed change SD used directly; no imputed paired correlation needed",0,1,0,1,"Clinical population","Repeated treatment","Memory/working memory","Parallel-group","Low/nonzero-output sham","No documented industry association",1,"56.0","0.9865470852017937","Legacy approximation 1-3/(4df-1); source-specific verification below; not exact gamma correction","Pooled between-person SD of individual change scores","1/n1+1/n0 + g^2/(2df); sampling base term not multiplied by J^2",0.8,-0.037267551391915,0.011932756255112,"31;25","0.97557649715687;0.969645579616505",0.92677168131214,0.901991905317122
