dataset_lock_date,export_date,analysis_set,cohort_id,study,outcome_id,primary_effect,domain,population,design,contrast,comparator,treatment_schedule,time_point,effect_metric,hedges_g,sampling_variance,se,ci_lower,ci_upper,direction_multiplier,direction_rule,effect_source_provenance,risk_of_bias_flag,sensitivity_flags,audit_status,source_row,independence_overlap_audit,cohort_unique_check,cohort_independence_check,prespecified_effect_check,variance_positive_check,effect_direction_check,source_value_match_check,required_fields_check
2026-08-27,2026-08-28,conventional/core cognition,COG-TANG-2023,Tang et al. 2023,Cog-DMS-RCS-all,DMS RCS for cognition only; no quantitative EEG effect,Working memory,Healthy adults,Parallel seven-arm RCT,All six active tPBM arms vs sham,Sham,single acute 8-min session; all randomized 660/850-nm CW/PW40/PW100 active arms aggregated vs sham,Acute post,SMD,0.27527228150439736,0.14653495212004294,0.3827988403,-0.4750134454,1.025558008,1,higher-is-better,"Raw post; Full text Table 3. Each of seven randomized parallel groups had n=8. Primary broad estimate combines all six active arms before comparison with the single shared sham: active n=48, post DMS RCS=.4200, pooled SD=.10708; sham n=8, post=.3900, SD=.1100. Pre values: active=.37667, pooled SD=.09855; sham=.3900, SD=.1400. Composite calculated using standard within-plus-between-arm sums of squares. This avoids selective inclusion of favorable arms and double counting the shared sham. Post-score Hedges g is used because change-score SDs and exact group×time tests were not reported.",no major RoB flag explicitly assigned in locked audit,Pulse/CW cognition sensitivities; EEG narrative parameter evidence only,CORE READY,Outcome Data row 2,No duplicate identified,PASS,PASS—no documented cross-row participant duplication under locked adjudication,PASS,PASS,PASS,PASS,PASS
2026-08-27,2026-08-28,conventional/core cognition,COG-HWANG-2016,Hwang et al. 2016,Cog-DMS-correct,DMS correct,Working memory,Healthy adults,Multi-arm RCT,LLLT vs control,Control,single acute LLLT session; LLLT arm vs control; immediate-post cognition,Immediate post,SMD,1.1478623714088778,0.11733668452232122,0.3425444271,0.4764752943,1.819249448,1,higher-is-better,Raw post; Table 3 exact mean±SD; LLLT vs CON. Prespecified primary Hwang cognitive endpoint.,no major RoB flag explicitly assigned in locked audit,PVT and latency,CORE READY,Outcome Data row 21,One LLLT contrast selected,PASS,PASS—no documented cross-row participant duplication under locked adjudication,PASS,PASS,PASS,PASS,PASS
2026-08-27,2026-08-28,conventional/core cognition,COG-CHAN-2019-OLDER,Chan et al. 2019,Cog-Flanker-incongruent-RT,Flanker incongruent RT,Executive function,Healthy adults,Parallel RCT,Real vs sham,Sham,single acute tPBM session; active vs sham; immediate-post cognition,Immediate post,SMD,0.7519849554779384,0.14343121499878256,0.3787231377,0.009687605665,1.494282305,-1,lower-is-better; sign reversed to benefit-positive,"F-derived interaction; Full text reports group×time F(1,28)=4.48, p=.043. Hedges g derived from signed change contrast using t=√F and equal n=15/arm; sign set from reported greater RT decrease with active PBM. Within-active d=.55 is not used for pooling.",no major RoB flag explicitly assigned in locked audit,Congruent RT/category fluency,CORE READY,Outcome Data row 22,One outcome selected,PASS,PASS—no documented cross-row participant duplication under locked adjudication,PASS,PASS,PASS,PASS,PASS
2026-08-27,2026-08-28,conventional/core cognition,COG-DOUGAL-2021,Dougal et al. 2021,Cog-ANAM-composite,ANAM composite,Global cognition,Healthy adults,Parallel placebo RCT,Active vs placebo,Placebo,repeated 1068-nm helmet treatment; cognition assessed after 35–55 days vs placebo,35–55 days,SMD,0.933173015934892,0.1657678859050288,0.4071460253,0.1351668064,1.731179225,1,higher-is-better,"Raw change; Tables 1, 3 and 4. Analyzed n=14 active, n=13 placebo. Change SDs converted from reported SE: active .11×√14=.4116; placebo .15×√13=.5408. Baseline imbalance supports change-score route. Composite selected as primary.",no major RoB flag explicitly assigned in locked audit,Working/delayed memory,CORE READY,Outcome Data row 29,Independent,PASS,PASS—no documented cross-row participant duplication under locked adjudication,PASS,PASS,PASS,PASS,PASS
2026-08-27,2026-08-28,conventional/core cognition,COG-CHAN-2021-DIFFICULT,Chan et al. 2021 difficult task,Cog-3back-Aprime,3-back A-prime,Working memory,Healthy adults,Parallel RCT,Real vs sham,Sham,single acute tPBM session; active vs sham; immediate-post 3-back,Immediate post,SMD,-0.09516021744373082,0.122368278141318,0.3498117753,-0.780791297,0.5904708622,1,higher-is-better,"t-derived independent post; Full text: active n=18, control n=15. Baseline corrected to active A′ 0.91±0.05 and control 0.92±0.04. Exact post between-group t(31)=−0.279, p=.78 converted to Hedges g. Selected primary cognition outcome under accuracy-over-RT rule. No figure digitization required.",no major RoB flag explicitly assigned in locked audit,3-back RT,CORE READY,Outcome Data row 37,Independent,PASS,PASS—no documented cross-row participant duplication under locked adjudication,PASS,PASS,PASS,PASS,PASS
2026-08-27,2026-08-28,conventional/core cognition,COG-YANG-2024-LANGUAGE,Yang et al. 2024,Cog-language,Sentence processing,Language,Healthy bilingual adults,Crossover sham controlled,Active vs sham,Sham,single acute 1064-nm left-IFG tPBM session; crossover active vs sham; immediate-post language task,Immediate post,Paired SMD,0.4356456026309801,0.019056808368561055,0.1380463993,0.1650746599,0.7062165453,-1,lower-is-better; sign reversed to benefit-positive,"t-derived paired; Full text, Results §§3.1–3.3; Figs. 3–4. Valid analyzed sample: L1 n=28 and L2 n=28 (total paired n=56). Study-level sentence-processing P (lower=better): sham 2556.09±733.21 ms; active 2343.36±674.59 ms. Mixed repeated-measures stimulation effect F(1,54)=10.931, p=.002, partial eta²=.168; signed t-equivalent=-sqrt(F)=-3.3062 used for paired Hedges g, with direction multiplier -1. No stimulation×group interaction: F(1,54)=0.809, p=.372. Sensitivity/subgroup data retained: L1 sham 2104.35±442.42, active 1948.92±395.06, t(27)=2.085, d=.394, p=.047; L2 sham 3009.46±688.90, active 2737.80±669.50, t(27)=2.575, d=.487, p=.016. Verbal WM stimulation F(1,54)=1.835,p=.181; visual WM F(1,54)=0.016,p=.899. Fig. 4 correlations are behavioral moderators, not EEG links.",no major RoB flag explicitly assigned in locked audit,L1/L2 subgroup,CORE READY—broad/language subgroup,Outcome Data row 41,L1/L2 combined once,PASS,PASS—no documented cross-row participant duplication under locked adjudication,PASS,PASS,PASS,PASS,PASS
2026-08-27,2026-08-28,conventional/core cognition,COG-ZHAO-C-2022-VWM-EXP1-2-AGG,Zhao C et al. 2022 — visual WM/CDA (Sci Adv),Cog-VWM-K,K capacity for cognition; CDA for EEG dynamics,Visual working memory,Healthy adults,Two independent randomized crossover experiments (Exp. 1–2),1064 nm right PFC vs sham; within-paper aggregate,Sham,single-session 1064-nm right-PFC crossover tPBM; Exp.1–2 fixed aggregate; same-session post,Same-session post,Paired SMD,0.5935632186544694,0.026830392308311357,0.1637998544,0.272515504,0.9146109333,1,higher-is-better,"Reported effect—within-paper aggregate; Full text Results; Figs. 1 and 6. Primary cognition estimate aggregates two independent 1064-nm/right-PFC crossover samples: Exp.1 orientation K, n=23, t(22)=2.841,p=.009, reported d=.568, t-derived g=.5720,var=.04764, mean active−sham change=.186±.065; Exp.2 color K, n=18, t(17)=2.760,p=.013, reported d=.651, t-derived g=.6214,var=.06142, change=.188±.051. Fixed within-paper aggregate g=.5936,var=.02683. Experiments 3 (852 nm right PFC,n=19) and 4 (1064 nm left PFC,n=19) are parameter-control sensitivity evidence and are not included in this primary efficacy estimate. QC flag: the printed main-effect partial η²=.925 is incompatible with F(1,40)=13.436, and Exp.4 repeats t/d values that conflict with its stated change; verify supplement/author data before pooling Exp.3–4.",no major RoB flag explicitly assigned in locked audit,CDA–K association discussion only; frontal theta secondary,CORE READY,Outcome Data row 42,Exp.1–2 combined once,PASS,PASS—Exp.1 and Exp.2 are independent within-paper cohorts aggregated once; neither appears in another core row,PASS,PASS,PASS,PASS,PASS
2026-08-27,2026-08-28,conventional/core cognition,COG-CHAN-2021-MCI,Chan et al. 2021 MCI,Cog-VMS-total,Total visual-memory score,Visual memory,MCI,Parallel RCT in MCI,Real vs sham,Sham,single acute tPBM session; active vs sham; immediate-post visual-memory testing,Immediate post,Change-score SMD,0.5850238381647453,0.23291762507287878,0.4826154008,-0.3609023474,1.530950024,1,higher-is-better,Raw change; Exact means from Results/Fig. 3. Change SDactive=(14.3/2.3)×√9=18.652; change SDcontrol=(2.1/0.3)×√9=21.000. Estimates are approximate because reported t values are rounded. Fig. 3 error bars are SE; no digitization used. Total score is the selected primary Chan MCI outcome.,no major RoB flag explicitly assigned in locked audit,Longest span; locked row flag: CORE READY—approximate,CORE READY—approximate,Outcome Data row 58,Independent,PASS,PASS—no documented cross-row participant duplication under locked adjudication,PASS,PASS,PASS,PASS,PASS
2026-08-27,2026-08-28,conventional/core cognition,COG-BARRETT-2013,Barrett & Gonzalez-Lima 2013,Cog-DMS-correct,DMS correct,Working memory,Healthy adults,Parallel randomized sham-controlled pre/post,Treatment group × pre/post interaction,Sham/placebo control,single acute 1064-nm transcranial laser session; active vs sham/placebo; immediate-post cognition,Immediate post,F-derived change-score SMD,0.7269189564527329,0.10695277854276751,0.3270363566,0.0859276975,1.367910215,1,higher-is-better,"F-derived change-score SMD; Prespecified Barrett study-level primary under the accuracy-over-RT rule. Full text explicitly reports treatment×pre/post interaction F(1,36)=5.513 with randomized n=20/arm. Pooling-ready; raw group data are optional rather than required.",no major RoB flag explicitly assigned in locked audit,PVT and DMS latency,CORE READY,Outcome Data row 26,Independent,PASS,PASS—no documented cross-row participant duplication under locked adjudication,PASS,PASS,PASS,PASS,PASS
2026-08-27,2026-08-28,conventional/core cognition,COG-HASSAN-2026-STROKE,Hassan et al. 2026,Cog-MMSE,MMSE,Global cognition,Chronic ischemic stroke,Parallel randomized single-blind sham-controlled RCT,Active 980 nm tPBM + standard rehabilitation vs sham + standard rehabilitation,Sham,repeated 980-nm transcranial tPBM over 8 weeks; outcome one week after intervention vs sham,One week post 8-week intervention,SMD,-0.12236369714728561,0.10019701150499412,0.3165391153,-0.7427803631,0.4980529688,1,higher-is-better,"Raw post; Full text Table 2/results. Active n=20, post MMSE 24.6±3.8; sham n=20, 25.1±4.2. ANCOVA adjusted mean difference -0.5 (95% CI -2.8 to 1.8), p=.670. Clean transcranial-only randomized sham-controlled null result; retain in primary cognition model.",no major RoB flag explicitly assigned in locked audit,Null result,CORE READY,Outcome Data row 65,Independent,PASS,PASS—no documented cross-row participant duplication under locked adjudication,PASS,PASS,PASS,PASS,PASS
2026-08-27,2026-08-28,conventional/core cognition,COG-PENA-2026,Peña et al. 2026,Cog-RAT,RAT,Convergent thinking,Healthy adults,Double-blind randomized sham-controlled parallel RCT,Bilateral DLPFC tPBM vs sham,Sham,acute 810-nm 40-Hz bilateral-DLPFC tPBM during task; active vs sham,During stimulation / acute,Adjusted F-derived SMD,0.6313778317840762,0.07511966371068587,0.2740796667,0.09418168501,1.168573979,1,higher-is-better,"F-derived adjusted independent-groups SMD; Table 3 is source of record: ANCOVA-adjusted RAT F=5.74, p=.020, partial eta²=.098. Abstract reports F=6.15, p=.016; discrepancy flagged. Randomized N=56 (28/arm) retained despite a participant-table count inconsistency. Hedges g derived from adjusted F; positive favors tPBM.",some concerns — reporting/N-count discrepancies flagged; effect taken from Table 3 source of record,Stroop secondary; locked row flag: CORE READY—F-DERIVED,CORE READY—F-DERIVED,Outcome Data row 66,Independent,PASS,PASS—no documented cross-row participant duplication under locked adjudication,PASS,PASS,PASS,PASS,PASS
2026-08-27,2026-08-28,conventional/core cognition,COG-PAPI-2022-MCI,Papi et al. 2022,Cog-MMSE,MMSE,Global cognition,Older women with MCI,Parallel RCT,Real vs sham,Sham,5-session 850-nm LED course; active vs sham; outcome after session 5,After 5 sessions,F-derived change SMD,1.3540909088982045,0.1181576226076048,0.3437406328,0.6803592687,2.027822549,1,higher-is-better,"F-derived group×time SMD; Full text Fig. 4 reports MMSE group×time F(1,40)=20, p<.001 in a randomized 21/arm trial. For a 2-group×2-time interaction, t=sqrt(F)=4.472; Hedges g derived from the signed between-group difference in change with small-sample correction. This replaces the earlier direct partial-eta-squared conversion. Primary cognition effect; no author data needed.",no major RoB flag explicitly assigned in locked audit,Go/No-Go secondary only; locked row flag: CORE READY—F-DERIVED,CORE READY—F-DERIVED,Outcome Data row 32,Independent,PASS,PASS—no documented cross-row participant duplication under locked adjudication,PASS,PASS,PASS,PASS,PASS
2026-08-27,2026-08-28,conventional/core cognition,COG-CHUN-2025-PILOT,Chun et al. 2025,Cog-KMoCA,K-MoCA week 13,Global cognition,MCI due to AD,Parallel block-randomized double-blind sham-controlled RCT,Active vs sham,Low-power sham helmet,home-use 808-nm bilateral-DLPFC helmet; 6 sessions/week for 12 weeks; week-13 outcome vs low-power sham,Week 13,Post-score SMD,1.1695769956964746,0.18234428611412035,0.4270178991,0.3326219135,2.006532078,1,higher-is-better,"Independent post-treatment SMD; Primary K-MoCA outcome. Table 3: week 13 active 25.92±2.84 vs sham 20.92±5.12, n=13/arm; mean difference 5.00 [1.65,8.35], p=.005. Baseline 21.62±3.69 vs 19.62±4.57; ANCOVA week-13 p=.002 corroborates the treatment difference. Randomized, concealed, double-blind sham-controlled; all 26 completed. Raw randomized post-score SMD used for consistency with existing master hierarchy.",no major RoB flag explicitly assigned in locked audit,None,CORE READY,Outcome Data row 77,Independent,PASS,PASS—no documented cross-row participant duplication under locked adjudication,PASS,PASS,PASS,PASS,PASS
2026-08-27,2026-08-28,conventional/core cognition,COG-KHERADMAND-2022-DEMENTIA,Kheradmand et al. 2022 – dementia,Cog-MMSE,MMSE week-2 change,Global cognition,Dementia,Parallel randomized double-blind sham-controlled RCT,Transcranial LLLT vs zero-intensity sham,Zero-intensity sham,transcranial LLLT course through week 2; active vs zero-intensity sham; week-2 change primary,Week 2 / end of treatment,Change-score SMD,1.4668,0.1546,0.3932,0.6961,2.2375,1,higher-is-better,"Independent change-score SMD from reported week-2 change means±SDs; Kheradmand A, Donboli S, Taheri Tanjani P, et al. 2022. Therapeutic Effects of Low-Level Laser Therapy on Cognitive Symptoms of Patients with Dementia: A Double-Blinded Randomized Clinical Trial. doi:10.1089/photob.2021.0135. n=32 randomized equally; MMSE change at week 2: active 2.31±1.81 vs sham 0.13±0.96. Week 2 selected as primary; week-8 follow-up retained secondary. Distinct from Kheradmand et al. 2022 schizophrenia RCT, which remains excluded under the psychiatric-population criterion.",no major RoB flag explicitly assigned in locked audit,Week-8 follow-up secondary,CORE READY,Outcome Data row 79,Independent; distinguish from same-year schizophrenia RCT,PASS,PASS—no documented cross-row participant duplication under locked adjudication,PASS,PASS,PASS,PASS,PASS
2026-08-27,2026-08-28,conventional/core cognition,COG-LEE-2025-TBI,Lee et al. 2025 TBI,Cog-VWM-span,VWM visual span,Working memory,Chronic mild TBI/post-concussion,Randomized placebo-controlled counterbalanced crossover RCT,Real vs sham,Inactive sham,18-session 810-nm multisite transcranial LED course; counterbalanced crossover active vs inactive sham; end-of-treatment outcome,After 18 sessions / end of treatment,Paired SMD (r=.50; sensitivity .20/.80),0.04604,0.05342,0.2311,-0.407,0.499,1,higher-is-better,"Paired SMD from raw post values using r=.50; sensitivity r=.20/.80; Correctly mapped to Lee T-L et al. 2025, Transcranial photobiomodulation improves cognitive function, post-concussion, and PTSD symptoms in mild traumatic brain injury, J Neurotrauma 42:1695-1707, doi:10.1089/neu.2025.0048. These values were previously disabled only because they were assigned to the wrong Lee 2025 citation. This is an independent randomized transcranial-only neurological cohort. VWM span selected without regard to significance; span-9 RT and HKLLT remain secondary dependent outcomes.",no major RoB flag explicitly assigned in locked audit,Span-9 RT and HKLLT secondary dependent outcomes; locked row flag: CORE READY—PAIRED r SENSITIVITY,CORE READY—PAIRED r SENSITIVITY,Outcome Data row 45,Independent; distinct from Lee 2025 MCI passive-control study,PASS,PASS—no documented cross-row participant duplication under locked adjudication,PASS,PASS,PASS,PASS,PASS
2026-08-27,2026-08-28,conventional/core cognition,COG-HAN-2025,Han et al. 2025,Cog-K-change,"Working-memory K change, tPBM-alone vs dual sham",Working memory,MCI,Four-arm RCT,tPBM vs dual sham,Dual sham,single acute tPBM-alone session/contrast in four-arm RCT; tPBM-alone vs dual sham; immediate-post outcome,Immediate post,t-derived independent-groups SMD,0.7597797010215137,0.09454443779739688,0.30748079256662014,0.1571173475909382,1.3624420544520892,1,higher-is-better,"t-derived independent-groups SMD; n=22/22 accepted from extraction/Table 1; effect direction reoriented so positive favors tPBM; Extraction form/Table 1 reports N=88 randomized, 22/group. Per reviewer decision on 2026-08-25, use n=22 for the tPBM-alone and dual-sham arms despite two TMS-related withdrawals elsewhere in the four-arm trial. Direct tPBM-alone vs dual-sham contrast: t=-2.566, p=.014; df=42 implied by n1+n0-2. Hedges g computed from |t|×sqrt(1/22+1/22), small-sample corrected; sign oriented positive for tPBM benefit. Combined TMS+tPBM arm excluded from this effect.",no major RoB flag explicitly assigned in locked audit,Combined TMS+tPBM arm excluded from primary tPBM-only effect,CORE READY—n=22/22 per extraction/Table 1,Outcome Data row 48,Independent,PASS,PASS—no documented cross-row participant duplication under locked adjudication,PASS,PASS,PASS,PASS,PASS
2026-08-27,2026-08-28,conventional/core cognition,COG-DEOLIVEIRA-2024,de Oliveira et al. 2024,Cog-MoCA-change,MoCA day-60 change,Global cognition,MCI,Parallel randomized double-blind placebo-controlled RCT,Active tPBM vs inactive placebo,Inactive helmet-off placebo,24-session whole-head 660/850-nm LED tPBM course; active vs inactive helmet-off placebo; day-60 endpoint,Day 60 / end of 24-session treatment,Change-score SMD; Figure 4B SDs digitized,0.8788594641,0.05799665587,0.2408249486,0.4068425649,1.3508763634,1,higher-is-better,"Independent change-score SMD from published mean changes and Figure 4B SDs digitized from supplied high-resolution figure; Full text verified 2026-08-25. Randomized n=93 (47 tPBM/46 placebo); principal cognition dataset n=76, using n=40 tPBM and n=36 placebo as stated in abstract, Results, Table 2, and Fig. 4 caption. Baseline MoCA 19.3±3.3 vs 18.5±3.8. Day-60 changes: +3.20 vs +1.97; p=.0002. Fig. 4B explicitly plots mean±SD; high-resolution digitization gives SDchange≈1.268 tPBM and 1.506 placebo. Hedges g=.87886, var=.057997. Note: CONSORT Fig. 3 visually shows placebo analyzed n=37 with one biochemical exclusion, but the cognition figure/text consistently specify total n=76 and placebo n=36; n=40/36 used for meta-analysis.",some concerns — analyzed-n discrepancy in CONSORT vs cognition figure/text; digitized SDs,Day-150 follow-up and MoCA memory-domain results secondary; locked row flag: CORE READY—DIGITIZED SDs,CORE READY—DIGITIZED SDs,Outcome Data row 80,Independent,PASS,PASS—no documented cross-row participant duplication under locked adjudication,PASS,PASS,PASS,PASS,PASS
2026-08-27,2026-08-28,conventional/core cognition,COG-CHUN-2026-CONFIRMATORY,Chun et al. 2026,Cog-MoCAK-change,"MoCA-K change; g=1.70014, var=.0675687",Global cognition,MCI due to Alzheimer disease,Parallel randomized double-blind placebo-controlled confirmatory RCT,Active 808-nm bilateral dlPFC tPBM vs approximately 1/50-output sham,"Identical device; approximately 1/50 active output; 88 J/session device-level, ~4 J/cm² scalp","808 nm bilateral DLPFC, 300 mW/cm², 667 s/session, 6 days/week × 12 weeks (72 planned home sessions) vs ~1/50-output sham",Week 13 / end of 12-week treatment,Change-score SMD,1.7001391620055641,0.06756869650012776,0.2599397939910851,1.1906571657830374,2.209621158228091,1,higher-is-better,"Independent-groups change-score SMD from full-text n=40/40; Hedges correction J=.9903537; variance J²[(n1+n0)/(n1n0)+d²/(2df)].; Full-text ILL audit 2026-08-27. 80 randomized 1:1 (40/40). No post-randomization losses are reported; Figure 1/adherence reporting is consistent with the 40/40 FAS, though attrition reporting is not CONSORT-detailed. Primary week-13 MoCA-K change +3.87±2.51 active vs -0.74±2.85 sham. Block randomization by independent statistician; double-blind identical devices; independent occupational-therapist assessment. Sham delivers ~1/50 active output and remains core-eligible under locked comparator rule. Promote provisional study to confirmed core; final cognition k=23.",some concerns — attrition/LOCF reporting and industry funding flagged in locked audit,Some concern for incomplete attrition reporting/LOCF and industry funding; sex imbalance was adjusted in sensitivity ANCOVA. Nonzero-dose sham does not demote under locked rule.; locked row flag: CORE READY—FULL TEXT CONFIRMED; NONZERO-DOSE SHAM,CORE READY—FULL TEXT CONFIRMED; NONZERO-DOSE SHAM,Outcome Data row 220,"Independent confirmatory 80-person cohort. Distinct from Chun 2025 pilot: the 2026 paper cites the 2025 sample as pilot data used for sample-size estimation; protocols/IRB approvals differ (SPH30-25-06 vs SPH-30-2024-01), enrollment differs (80 vs 26), device/dose specifications differ, and only the 2026 trial is registered KCT0011155. Count both cohorts separately.",PASS,PASS—confirmatory cohort explicitly distinct from Chun 2025 pilot,PASS,PASS,PASS,PASS,PASS
2026-08-27,2026-08-28,conventional/core cognition,COG-BERMAN-2017-DEMENTIA,Berman et al. 2017,Cog-MMSE-change,MMSE change at end of treatment,Global cognition,Dementia / probable Alzheimer disease,Parallel randomized double-blind placebo-controlled pilot RCT,Active helmet tPBM vs placebo,Placebo/sham helmet,"28-session 1060–1080-nm (1072-nm), 10-Hz, 50%-duty whole-head LED helmet course vs placebo/sham; end-of-treatment outcome",End of treatment / within 3 days after 28 sessions,Change-score SMD; participant-level Figure 3 values digitized,0.23286081422025948,0.39893488259501325,0.6316129214914885,-1.005100511903058,1.470822140343577,1,higher-is-better,"Independent change-score SMD from Figure 3 participant-level MMSE pairs; pooled change-score SD; Hedges small-sample correction J=0.88889; sampling variance J²[(n1+n0)/(n1n0)+d²/(2df)]; Figure 3 independently re-audited 2026-08-25. Active MMSE pairs: 14→16, 17→19, 18→20, 19→19, 23→25, 23→20; placebo: 11→13, 16→15, 28→28. Changes active [2,2,2,0,2,-3], placebo [2,-1,0]. Randomized double-blind placebo-controlled transcranial-only trial meets primary cognition eligibility. Major concerns: n=9 completers from 11 enrolled, unclear randomization/concealment/sham implementation, selective/multiple outcome reporting, industry/patent conflicts. Include in core; exclude in digitized-estimate and major-RoB sensitivities. qEEG remains narrative only.",major RoB — digitized participant-level endpoint; major concerns in locked audit,Exclude in digitized-estimate and major-RoB sensitivities; EEG narrative only; locked row flag: CORE READY—DIGITIZED; MAJOR RoB / DIGITIZATION SENSITIVITY EXCLUSION,CORE READY—DIGITIZED; MAJOR RoB / DIGITIZATION SENSITIVITY EXCLUSION,Outcome Data row 221,Independent,PASS,PASS—no documented cross-row participant duplication under locked adjudication,PASS,PASS,PASS,PASS,PASS
2026-08-27,2026-08-28,conventional/core cognition,COG-YANG-2025-OLDER-WM,Yang et al. 2025,Cog-3back-accuracy,"3-back accuracy; central r=.50: g=.39394, var=.01909",Working memory,Healthy older adults,Randomized single-blind sham-controlled crossover,Active 1064-nm tPBM vs 0-W sham,0-W sham; identical procedure,single 12-min 1064-nm CW left-prefrontal session (3.4 W; 0.25 W/cm²) vs 0-W sham; acute post-session outcome,Acute post-session,Paired SMD; protocol r=.50 (sensitivity .20/.80),0.3939365284,0.01908874031,0.1381620075,0.1231389937,0.664734063,1,higher-is-better,"Paired standardized mean difference using protocol r=.50; SDdiff=sqrt(SDactive²+SDsham²−2r·SDactive·SDsham); Hedges correction J(df=54); paired-effect sampling variance; Supplementary Table A1 resolves the preferred endpoint: active 3-back accuracy 0.63±0.17 vs sham 0.56±0.18, n=55 paired. Accuracy was the article's main/sample-size-planning outcome. Within-participant correlation is not reported, so protocol v1.1 central r=.50 is used with r=.20/.80 sensitivity rows. Yang is the sole core representative of the potentially overlapping Xuanwu older-adult program; Qu 2022 remains fixed-order sensitivity and Hu 2023 mechanistic/companion, so they are not co-counted as independent primary studies.",no major RoB flag explicitly assigned in locked audit,Prespecified r=.20/.80 sensitivity: g=.31162/.62135; RT secondary only. Exclude imputed-correlation studies in corresponding sensitivity analysis.; locked row flag: CORE READY—IMPUTED PAIRED r; QU/HU NOT CO-COUNTED,CORE READY—IMPUTED PAIRED r; QU/HU NOT CO-COUNTED,Outcome Data row 223,"Exact overlap with Qu 2022/Hu 2023 is unproven; Qu remains fixed-order sensitivity and Hu mechanistic/companion, so Yang is their sole core representative. Zhao 2022 SCD is a distinct parallel SCD trial with no reported participant reuse and is counted separately, with a conservative SILCODE-family overlap sensitivity flag.",PASS,PASS—Qu/Hu not co-counted in core; possible unreported family overlap handled by sensitivity,PASS,PASS,PASS,PASS,PASS
2026-08-27,2026-08-28,conventional/core cognition,COG-SABOURI-MOGHADAM-2017,Sabouri Moghadam et al. 2017,Cog-PGNG-ES,"PGNG efficiency score; g=1.0944, var=.13636",Sustained attention,Healthy adults,Parallel randomized sham-controlled RCT,Active 850-nm LED tPBM vs nonzero-dose sham,Nonzero-dose sham: 5 s light per treatment minute (~1/12 cumulative active energy),single 2.5-min 850-nm Fp2 LED session (285 mW/cm²; 60 J/cm²) vs nonzero-dose sham (~1/12 cumulative active energy),Immediate post-session,F-derived change SMD,1.094445469191378,0.1363628539021784,0.3692734135,0.3706695788,1.81822136,1,higher-is-better,"Independent-groups SMD derived from group×time F: t=sqrt(F); d=t*sqrt(1/n_active+1/n_sham); Hedges small-sample correction; variance=(n1+n0)/(n1*n0)+g²/[2(n1+n0−2)]; Full-text audit 2026-08-25. Simple random allocation, n=17/arm, all participants completed with no missing data. Efficiency score is identified as the main attentional parameter. Body reports group×time F(1,30)=10.68, p=.003; abstract reports p=.004. Sham delivered ~1/12 cumulative active energy. Locked comparator rule treats nonzero-dose shams as core-eligible when all other core criteria are met.",no major RoB flag explicitly assigned in locked audit,None solely for comparator dose; nonzero-dose sham remains in core under locked rule; locked row flag: CORE READY—F-DERIVED; NONZERO-DOSE SHAM ELIGIBLE,CORE READY—F-DERIVED; NONZERO-DOSE SHAM ELIGIBLE,Outcome Data row 227,Independent; no duplicate cohort identified,PASS,PASS—no documented cross-row participant duplication under locked adjudication,PASS,PASS,PASS,PASS,PASS
2026-08-27,2026-08-28,conventional/core cognition,COG-SALEHPOUR-2026-STAGE1-ADHD,Salehpour et al. 2026,Cog-CPT-CR-ADHD,"Stage 1 ADHD CPT correct rejections; g=.90182, var=.16627",Sustained attention / inhibitory control,Adults with ADHD (self-reported prior diagnosis + ASRS),Parallel randomized single-blind sham-controlled RCT; Stage 1 ADHD subgroup,Active 1064-nm right-PFC tPBM vs 0-W sham in adults with ADHD,0-W sham; same device/sites/duration/sound,single 8-min 1064-nm CW right-PFC session (3.4 W; 250 mW/cm²; two sites) vs 0-W sham; immediate post,Immediate post-session,Reported Cohen d transformed to Hedges g,0.9018181818181819,0.16626552066115702,0.407756693,0.1026150636,1.7010213,1,higher-is-better,"Reported between-group Cohen d transformed to Hedges g using small-sample correction J=1-3/[4(n1+n0)-9]; variance=(n1+n0)/(n1*n0)+g²/[2(n1+n0−2)]; Full-text audit 2026-08-25. CPT correct rejections is explicitly the primary behavioral outcome. Stage 1 diagnosis×treatment interaction F(1,219)=4.924, p=.028; ADHD subgroup active vs sham F(1,25)=6.71, p=.017, reported d=.93 and 51% improvement. Stage 1 ADHD cells: active n=15, sham n=12. Use one study-level Salehpour contribution; Stage 2 is supportive and not a second k.","some concerns — self-reported ADHD ascertainment, small subgroup, retrospective registration/multiplicity","Stage 2 2-back correct-rejection change retained as secondary/sensitivity; self-reported ADHD diagnosis, small Stage 1 ADHD cells, retrospective registration, and multiplicity are RoB/interpretive considerations.",CORE READY—REPORTED d; STAGE 1 ADHD CONTRAST; STAGE 2 NOT CO-COUNTED,Outcome Data row 228,No prior publication of these exact cohorts identified. Stage 1 recruited in 2022 and Stage 2 in 2023-2024. Count the paper once at study level; do not count the two stages as two k entries.,PASS,PASS—Stage 1 selected; separately recruited Stage 2 not counted as a second core row,PASS,PASS,PASS,PASS,PASS
2026-08-27,2026-08-28,conventional/core cognition,COG-ZHAO-X-2022-SCD,Zhao X et al. 2022 — SCD sleep/cognition (JAD),Cog-2back-RT-change-SCD,"2-back RT controlled change; g=-.10726, var=.069814",Working memory,Subjective cognitive decline; age 50-79,Parallel randomized double-blind sham-controlled RCT,Active 1064-nm prefrontal tPBM vs nonzero-dose sham,Same procedure; transient light then 11 min off; ~1/12 active energy density,"1064-nm CW prefrontal tPBM, 250 mW/cm², 12 min/day × 6 days vs ~1/12-energy sham; end-of-course/1-week-post testing",End of 6-day treatment / one-week post-treatment test,Change-score SMD; SDchange reconstructed from within-arm paired t,-0.107259708105,0.069814258506,0.2642238795,-0.625138512,0.4106190957,-1,lower-is-better; sign reversed to benefit-positive,"Compute SDchange within each arm from paired t: SDchange=|mean change|×sqrt(n)/|t|; calculate independent-groups change-score SMD, reverse direction because lower RT=better, then Hedges correction J=0.9865471. Chosen 2-back RT because 2-back is the authors' highlighted WM load and accuracy lacks participant-level variance.; Full-text + journal supplement audit 2026-08-26. 68 randomized 34/34; 58 completed (32 active/26 sham), with differential attrition. Main Table 3 ACC counts are pooled trials, not participants, and post-only RT t values do not reconcile with participant n/means/SDs. Supplementary Tables 1-2 provide within-arm pre/post RT means, SDs, and paired t values, allowing change-SD reconstruction. Baseline cognitive/n-back imbalance makes controlled change preferable. Count as a distinct study from Chenguang Zhao et al. 2022 Science Advances; flag possible Xuanwu/SILCODE program overlap with Yang 2025 for sensitivity because shared infrastructure/authors exist but no participant reuse is reported.",major RoB/statistical-unit flag — reconstructed change and published unit inconsistencies,Exclude in major-RoB/statistical-unit sensitivity; optionally exclude one Xuanwu/SILCODE core study at a time to test possible unreported participant overlap.; locked row flag: CORE READY—RECONSTRUCTED CHANGE; MAJOR RoB / SILCODE-OVERLAP SENSITIVITY,CORE READY—RECONSTRUCTED CHANGE; MAJOR RoB / SILCODE-OVERLAP SENSITIVITY,Outcome Data row 231,"Distinct from Chenguang Zhao 2022 Sci Adv. Shares SILCODE/Xuanwu investigators/grants with Qu 2022/Hu 2023/Yang 2025, but the present SCD parallel RCT has different design/sample/target and no publication states participant reuse. Count independently; run conservative SILCODE-family overlap sensitivity.",PASS,PASS under locked adjudication—no documented reuse; conservative SILCODE/Xuanwu overlap sensitivity retained,PASS,PASS,PASS,PASS,PASS
