TP,band,network,sham_mean,sham_sem,tpbm_mean,tpbm_sem,g,var,significant_flag,sd_sham,sd_tpbm,effect_id,mean_diff
TP1,delta,1,0.06683544303797467,0.06987341772151898,0.2430379746835443,0.03645569620253164,1.0568932395395298,0.28989368999229864,False,0.19763186998226542,0.10311227999074718,CHA-NP-TP1-DELTA-N01,0.17620253164556962
TP1,delta,2,-0.13367088607594935,0.03949367088607595,0.17620253164556962,0.051645569620253164,2.2530876717171378,0.4313001448729912,False,0.11170496998997613,0.14607572998689186,CHA-NP-TP1-DELTA-N02,0.309873417721519
TP1,delta,3,-0.21873417721518987,0.0759493670886076,0.3037974683544304,0.05772151898734177,2.589408968813465,0.48946567170612904,False,0.21481724998072332,0.1632611099853497,CHA-NP-TP1-DELTA-N03,0.5225316455696203
TP1,delta,4,0.17012658227848101,0.0820253164556962,0.4070886075949367,0.08506329113924051,0.9479507994241229,0.28209323993317265,False,0.23200262997918117,0.2405953199784101,CHA-NP-TP1-DELTA-N04,0.2369620253164557
TP1,delta,5,0.042531645569620254,0.12759493670886074,0.01822784810126582,0.08506329113924051,-0.07492054598366733,0.250200467436089,False,0.3608929799676151,0.2405953199784101,CHA-NP-TP1-DELTA-N05,-0.024303797468354434
TP1,delta,6,-0.04860759493670886,0.1670886075949367,0.4192405063291139,0.0820253164556962,1.188185491798125,0.300420884389984,False,0.4725979499575913,0.23200262997918117,CHA-NP-TP1-DELTA-N06,0.46784810126582277
TP1,delta,7,0.20658227848101265,0.11848101265822784,0.01822784810126582,0.13063291139240504,-0.5048791052863099,0.25910367539123946,False,0.3351149099699284,0.36948566996684407,CHA-NP-TP1-DELTA-N07,-0.18835443037974683
TP1,delta,8,0.21265822784810126,0.10632911392405063,0.09721518987341772,0.12759493670886074,-0.32857256460701617,0.25385571179330113,False,0.30074414997301263,0.3608929799676151,CHA-NP-TP1-DELTA-N08,-0.11544303797468354
TP1,delta,9,0.04860759493670886,0.1488607594936709,0.6440506329113924,0.0820253164556962,1.6561305216065978,0.3479560108784622,True,0.4210418099622177,0.23200262997918117,CHA-NP-TP1-DELTA-N09,0.5954430379746836
TP1,delta,10,-0.4982278481012658,0.1549367088607595,0.13974683544303795,0.051645569620253164,1.8466348689325505,0.37178786925562635,False,0.43822718996067556,0.14607572998689186,CHA-NP-TP1-DELTA-N10,0.6379746835443038
TP1,delta,11,-0.10329113924050633,0.0759493670886076,0.35240506329113924,0.11848101265822784,1.5306893435706792,0.33367892380431563,False,0.21481724998072332,0.3351149099699284,CHA-NP-TP1-DELTA-N11,0.45569620253164556
TP1,delta,12,0.5893670886075949,0.11848101265822784,0.1579746835443038,0.05772151898734177,-1.5473522590896032,0.3355106790610607,False,0.3351149099699284,0.1632611099853497,CHA-NP-TP1-DELTA-N12,-0.43139240506329113
TP1,theta,1,-0.0215633423180593,0.07277628032345014,0.23180592991913745,0.05121293800539083,1.345938645637086,0.3146982442078355,True,0.20584240530497883,0.14485206299239248,CHA-NP-TP1-THETA-N01,0.25336927223719674
TP1,theta,2,-0.18328840970350405,0.04851752021563342,0.1725067385444744,0.05929919137466307,2.1952243395585103,0.4221074964639321,False,0.1372282702033192,0.16772344135961237,CHA-NP-TP1-THETA-N02,0.3557951482479784
TP1,theta,3,-0.23180592991913745,0.0431266846361186,0.5283018867924528,0.0889487870619946,3.634951533863655,0.7218883090549193,False,0.12198068462517263,0.25158516203941855,CHA-NP-TP1-THETA-N03,0.7601078167115902
TP1,theta,4,0.1078167115902965,0.10242587601078167,0.4420485175202156,0.06199460916442048,1.31968050466736,0.31219845122853923,False,0.28970412598478495,0.17534723414868564,CHA-NP-TP1-THETA-N04,0.33423180592991913
TP1,theta,5,0.0431266846361186,0.12398921832884097,0.3450134770889488,0.04582210242587601,1.079620545687897,0.291627875809694,True,0.3506944682973713,0.1296044774142459,CHA-NP-TP1-THETA-N05,0.30188679245283023
TP1,theta,6,-0.1940700808625337,0.1725067385444744,0.41509433962264153,0.05121293800539083,1.6002866438210497,0.34146133365685855,True,0.4879227385006905,0.14485206299239248,CHA-NP-TP1-THETA-N06,0.6091644204851752
TP1,theta,7,0.1078167115902965,0.07277628032345014,-0.18867924528301888,0.15633423180592992,-0.8127977099336547,0.2735942899026212,False,0.20584240530497883,0.4421799817662508,CHA-NP-TP1-THETA-N07,-0.29649595687331537
TP1,theta,8,-0.3611859838274933,0.07816711590296496,0.16711590296495957,0.12668463611859837,1.6777096793915434,0.350525348868717,False,0.2210899908831254,0.35831826108644454,CHA-NP-TP1-THETA-N08,0.5283018867924528
TP1,theta,9,-0.1078167115902965,0.1320754716981132,0.5390835579514824,0.09973045822102426,1.847784097265003,0.3719395025037658,True,0.37356584666459114,0.2820803331957117,CHA-NP-TP1-THETA-N09,0.6469002695417789
TP1,theta,10,-0.5606469002695418,0.16442048517520216,0.3719676549865229,0.07008086253369272,2.466655644919937,0.46729964537912105,False,0.46505136013347065,0.19821861251590553,CHA-NP-TP1-THETA-N10,0.9326145552560647
TP1,theta,11,-0.42587601078167114,0.06199460916442048,0.37735849056603776,0.1320754716981132,2.6025142273387116,0.49189572512501467,True,0.17534723414868564,0.37356584666459114,CHA-NP-TP1-THETA-N11,0.8032345013477089
TP1,theta,12,-0.026954177897574125,0.10512129380053908,0.2857142857142857,0.07547169811320754,1.1421764011712066,0.29659167612115744,False,0.2973279187738583,0.2134661980940521,CHA-NP-TP1-THETA-N12,0.31266846361185985
TP1,alpha,1,0.1640506329113924,0.10936708860759493,0.2430379746835443,0.051645569620253164,0.3087232753536817,0.2534039307408966,False,0.30933683997224154,0.14607572998689186,CHA-NP-TP1-ALPHA-N01,0.07898734177215189
TP1,alpha,2,-0.37670886075949367,0.06683544303797467,0.18835443037974683,0.06379746835443037,2.8910309185771195,0.5485021347203165,False,0.1890391799830365,0.18044648998380755,CHA-NP-TP1-ALPHA-N02,0.5650632911392405
TP1,alpha,3,-0.20050632911392405,0.10329113924050633,0.3341772151898734,0.09417721518987342,1.8082684180467352,0.3667798097037587,True,0.2921514599737837,0.2663733899760969,CHA-NP-TP1-ALPHA-N03,0.5346835443037975
TP1,alpha,4,0.01670886075949367,0.13822784810126582,0.21873417721518987,0.05772151898734177,0.6375547627840785,0.2645170026981665,False,0.3909673949649164,0.1632611099853497,CHA-NP-TP1-ALPHA-N04,0.2020253164556962
TP1,alpha,5,0.12151898734177215,0.0759493670886076,0.3037974683544304,0.042531645569620254,0.9898977344593186,0.28499634016741754,False,0.21481724998072332,0.12029765998920505,CHA-NP-TP1-ALPHA-N05,0.18227848101265826
TP1,alpha,6,0.23088607594936708,0.11544303797468354,0.36455696202531646,0.027341772151898733,0.5326334205208473,0.2601320843091335,False,0.3265222199706994,0.07733420999306038,CHA-NP-TP1-ALPHA-N06,0.13367088607594937
TP1,alpha,7,0.2673417721518987,0.0789873417721519,0.19443037974683544,0.14278481012658226,-0.21122678625480673,0.2515934555439833,False,0.22340993997995226,0.40385642996375976,CHA-NP-TP1-ALPHA-N07,-0.07291139240506325
TP1,alpha,8,0.042531645569620254,0.0759493670886076,0.2369620253164557,0.12759493670886074,0.6189884673843083,0.26368381152695625,False,0.21481724998072332,0.3608929799676151,CHA-NP-TP1-ALPHA-N08,0.19443037974683544
TP1,alpha,9,-0.5043037974683544,0.11240506329113924,0.6987341772151898,0.12455696202531645,3.389658331831894,0.6603494145199064,True,0.3179295299714705,0.3523002899683862,CHA-NP-TP1-ALPHA-N09,1.2030379746835442
TP1,alpha,10,-0.13974683544303795,0.0789873417721519,0.2612658227848101,0.0820253164556962,1.664740048958089,0.34897712252160645,False,0.22340993997995226,0.23200262997918117,CHA-NP-TP1-ALPHA-N10,0.40101265822784804
TP1,alpha,11,-0.309873417721519,0.10632911392405063,0.21873417721518987,0.10632911392405063,1.6617927678378912,0.34862697154422573,True,0.30074414997301263,0.30074414997301263,CHA-NP-TP1-ALPHA-N11,0.5286075949367088
TP1,alpha,12,-0.20050632911392405,0.1488607594936709,0.18835443037974683,0.10632911392405063,1.0048627058167026,0.28606246634075944,False,0.4210418099622177,0.30074414997301263,CHA-NP-TP1-ALPHA-N12,0.3888607594936709
TP1,beta,1,0.06683544303797467,0.06987341772151898,0.1579746835443038,0.027341772151898733,0.5742050341268679,0.26177540790059417,True,0.19763186998226542,0.07733420999306038,CHA-NP-TP1-BETA-N01,0.09113924050632913
TP1,beta,2,-0.2855696202531645,0.06987341772151898,0.1579746835443038,0.0789873417721519,1.98824542042901,0.3911828518520333,False,0.19763186998226542,0.22340993997995226,CHA-NP-TP1-BETA-N02,0.44354430379746834
TP1,beta,3,-0.18835443037974683,0.06987341772151898,0.3827848101265823,0.0789873417721519,2.560206431785301,0.48409489190552935,True,0.19763186998226542,0.22340993997995226,CHA-NP-TP1-BETA-N03,0.5711392405063291
TP1,beta,4,-0.2430379746835443,0.09721518987341772,0.18227848101265823,0.10025316455696202,1.4397561609707104,0.3240320643947542,False,0.27496607997532585,0.28355876997455476,CHA-NP-TP1-BETA-N04,0.4253164556962025
TP1,beta,5,0.2369620253164557,0.0789873417721519,0.3220253164556962,0.0820253164556962,0.35312667705171596,0.25445351607305666,False,0.22340993997995226,0.23200262997918117,CHA-NP-TP1-BETA-N05,0.08506329113924052
TP1,beta,6,-0.05468354430379747,0.10632911392405063,0.18227848101265823,0.03341772151898734,1.005038575519868,0.2860750906529645,True,0.30074414997301263,0.09451958999151824,CHA-NP-TP1-BETA-N06,0.2369620253164557
TP1,beta,7,0.3220253164556962,0.09113924050632911,0.2491139240506329,0.11240506329113924,-0.2381796497302066,0.25202605519805726,False,0.257780699976868,0.3179295299714705,CHA-NP-TP1-BETA-N07,-0.07291139240506331
TP1,beta,8,0.09113924050632911,0.05468354430379747,0.060759493670886074,0.09417721518987342,-0.13187397426312217,0.2506210980388554,False,0.15466841998612077,0.2663733899760969,CHA-NP-TP1-BETA-N08,-0.03037974683544304
TP1,beta,9,-0.34025316455696203,0.11544303797468354,0.619746835443038,0.1549367088607595,2.348759112895433,0.4470239060860479,True,0.3265222199706994,0.43822718996067556,CHA-NP-TP1-BETA-N09,0.96
TP1,beta,10,-0.2734177215189873,0.06683544303797467,0.21873417721518987,0.06379746835443037,2.5179946710187817,0.47643918440282085,False,0.1890391799830365,0.18044648998380755,CHA-NP-TP1-BETA-N10,0.4921518987341772
TP1,beta,11,-0.43746835443037974,0.0789873417721519,0.43139240506329113,0.10632911392405063,3.100884806955486,0.5934102352145487,True,0.22340993997995226,0.30074414997301263,CHA-NP-TP1-BETA-N11,0.8688607594936708
TP1,beta,12,-0.309873417721519,0.10936708860759493,0.13974683544303795,0.08810126582278481,1.5134570919961983,0.33180544176119964,False,0.30933683997224154,0.24918800997763904,CHA-NP-TP1-BETA-N12,0.44962025316455695
TP1,gamma,1,-0.15803814713896458,0.07629427792915532,0.08719346049046321,0.05449591280653951,1.236452157547896,0.30460049778231596,False,0.21579280515774749,0.15413771796981962,CHA-NP-TP1-GAMMA-N01,0.2452316076294278
TP1,gamma,2,-0.5177111716621253,0.10626702997275204,0.2615803814713896,0.0653950953678474,2.952415497909085,0.5613127597247768,False,0.3005685500411483,0.18496526156378354,CHA-NP-TP1-GAMMA-N02,0.779291553133515
TP1,gamma,3,-0.2016348773841962,0.0681198910081744,0.44141689373297005,0.035422343324250684,3.9592453035458006,0.8098436919160529,True,0.19267214746227457,0.10018951668038277,CHA-NP-TP1-GAMMA-N03,0.6430517711171663
TP1,gamma,4,-0.0326975476839237,0.0681198910081744,0.3542234332425068,0.07901907356948229,1.7532022434039682,0.35977564665273953,False,0.19267214746227457,0.2234996910562385,CHA-NP-TP1-GAMMA-N04,0.3869209809264305
TP1,gamma,5,0.16348773841961853,0.03814713896457766,0.48501362397820164,0.09809264305177112,1.444136531458937,0.32448322576765176,True,0.10789640257887374,0.27744789234567535,CHA-NP-TP1-GAMMA-N05,0.3215258855585831
TP1,gamma,6,-0.3869209809264305,0.11716621253405994,0.49591280653950953,0.07901907356948229,2.9531093502019012,0.5614591012232105,False,0.3313960936351122,0.2234996910562385,CHA-NP-TP1-GAMMA-N06,0.88283378746594
TP1,gamma,7,0.1907356948228883,0.0681198910081744,0.4141689373297003,0.1444141689373297,0.6614916484509569,0.26562754289179874,False,0.19267214746227457,0.408464952620022,CHA-NP-TP1-GAMMA-N07,0.22343324250681199
TP1,gamma,8,0.05994550408719346,0.10626702997275204,0.4359673024523161,0.051771117166212535,1.5037648715096141,0.3307610281709402,True,0.3005685500411483,0.14643083207132865,CHA-NP-TP1-GAMMA-N08,0.3760217983651226
TP1,gamma,9,0.021798365122615803,0.11171662125340599,0.2670299727520436,0.1362397820163488,0.6579805926405718,0.2654620878675585,False,0.31598232183813024,0.38534429492454914,CHA-NP-TP1-GAMMA-N09,0.2452316076294278
TP1,gamma,10,-0.0653950953678474,0.04904632152588556,0.17983651226158037,0.12534059945504086,0.8613075511903014,0.2764946677763369,False,0.13872394617283768,0.35451675133058513,CHA-NP-TP1-GAMMA-N10,0.24523160762942778
TP1,gamma,11,-0.0326975476839237,0.09536784741144415,0.11444141689373297,0.14713896457765668,0.39669050273578926,0.25562011982002764,False,0.2697410064471844,0.416171838518513,CHA-NP-TP1-GAMMA-N11,0.14713896457765668
TP1,gamma,12,-0.14713896457765668,0.07629427792915532,0.6158038147138964,0.11171662125340599,2.6660005091083354,0.503841382663068,True,0.21579280515774749,0.31598232183813024,CHA-NP-TP1-GAMMA-N12,0.7629427792915531
TP2,delta,1,0.44732824427480916,0.04732824427480916,0.4900763358778626,0.051908396946564885,0.28767906650743513,0.25295568733237817,True,0.13386448987348382,0.14681911792575644,CHA-NP-TP2-DELTA-N01,0.04274809160305343
TP2,delta,2,0.10229007633587786,0.030534351145038167,0.3190839694656489,0.059541984732824425,1.531564602659499,0.3337746475756982,False,0.08636418701515085,0.16841016467954414,CHA-NP-TP2-DELTA-N02,0.21679389312977101
TP2,delta,3,0.09923664122137404,0.051908396946564885,0.2885496183206107,0.07633587786259542,0.9694585609716942,0.28356606790861816,False,0.14681911792575644,0.21591046753787713,CHA-NP-TP2-DELTA-N03,0.18931297709923667
TP2,delta,4,0.26106870229007634,0.06717557251908397,0.23969465648854962,0.04885496183206107,-0.12164460111006632,0.25052847889211527,False,0.19000121143333187,0.13818269922424137,CHA-NP-TP2-DELTA-N04,-0.021374045801526714
TP2,delta,5,0.3465648854961832,0.14198473282442747,-0.035114503816793895,0.07022900763358779,-1.1390522599847395,0.29633714467772654,False,0.40159346962045145,0.19863763013484695,CHA-NP-TP2-DELTA-N05,-0.38167938931297707
TP2,delta,6,0.24580152671755726,0.14045801526717558,0.4961832061068702,0.08091603053435115,0.7301881035701072,0.2690419523784039,True,0.3972752602696939,0.22886509559014975,CHA-NP-TP2-DELTA-N06,0.250381679389313
TP2,delta,7,0.20305343511450383,0.1251908396946565,0.2916030534351145,0.0366412213740458,0.32090554540320876,0.2536778703239475,False,0.3540931667621185,0.10363702441818103,CHA-NP-TP2-DELTA-N07,0.08854961832061067
TP2,delta,8,0.19083969465648856,0.12213740458015267,0.4961832061068702,0.1267175572519084,0.8201522929744222,0.2740232065596858,True,0.3454567480606034,0.358411376112876,CHA-NP-TP2-DELTA-N08,0.30534351145038163
TP2,delta,9,0.025954198473282442,0.14198473282442747,0.31297709923664124,0.11755725190839694,0.7360707071634245,0.26935000306943085,False,0.40159346962045145,0.33250212000833074,CHA-NP-TP2-DELTA-N09,0.2870229007633588
TP2,delta,10,0.01984732824427481,0.12366412213740458,0.25190839694656486,0.05343511450381679,0.8143236476635194,0.2736829643980007,False,0.34977495741136094,0.151137327276514,CHA-NP-TP2-DELTA-N10,0.23206106870229004
TP2,delta,11,0.19389312977099238,0.07480916030534351,0.383206106870229,0.11450381679389313,0.654308806994235,0.26529000053250784,True,0.21159225818711958,0.3238657013068157,CHA-NP-TP2-DELTA-N11,0.1893129770992366
TP2,delta,12,0.2183206106870229,0.11908396946564885,0.566412213740458,0.07786259541984733,1.1565398302179901,0.2977708706743092,True,0.3368203293590883,0.22022867688863468,CHA-NP-TP2-DELTA-N12,0.3480916030534351
TP2,theta,1,0.41711229946524064,0.025668449197860963,0.26737967914438504,0.06631016042780749,-0.9954685858409635,0.2853913466212931,True,0.07260133796139955,0.18755345640028215,CHA-NP-TP2-THETA-N01,-0.1497326203208556
TP2,theta,2,0.2716577540106952,0.05561497326203209,0.2160427807486631,0.053475935828877004,-0.3407574488626956,0.25414698710555045,False,0.15730289891636567,0.15125278741958237,CHA-NP-TP2-THETA-N02,-0.0556149732620321
TP2,theta,3,-0.10909090909090909,0.0427807486631016,0.4213903743315508,0.09197860962566845,2.4721089765146282,0.46826152827729295,True,0.12100222993566588,0.26015479436168165,CHA-NP-TP2-THETA-N03,0.5304812834224599
TP2,theta,4,0.014973262032085561,0.08983957219251337,0.37433155080213903,0.0748663101604278,1.4526366014204928,0.32536261056380283,False,0.2541046828648984,0.2117539023874153,CHA-NP-TP2-THETA-N04,0.3593582887700535
TP2,theta,5,0.4855614973262032,0.11336898395721925,0.3315508021390374,0.044919786096256686,-0.5970373135064575,0.26273048406139315,True,0.32065590932951465,0.1270523414324492,CHA-NP-TP2-THETA-N05,-0.15401069518716576
TP2,theta,6,0.22459893048128343,0.12620320855614972,0.3572192513368984,0.038502673796791446,0.4751437461220942,0.2580629135528192,True,0.3569565783102144,0.10890200694209931,CHA-NP-TP2-THETA-N06,0.13262032085561498
TP2,theta,7,0.3871657754010695,0.08983957219251337,-0.25882352941176473,0.18181818181818182,-1.5057813409095233,0.3309777659511172,False,0.2541046828648984,0.51425947722658,CHA-NP-TP2-THETA-N07,-0.6459893048128342
TP2,theta,8,-0.12620320855614972,0.0855614973262032,0.31871657754010696,0.1304812834224599,1.3479611144032102,0.3148928273551123,False,0.24200445987133176,0.369056801303781,CHA-NP-TP2-THETA-N08,0.4449197860962567
TP2,theta,9,0.11764705882352941,0.11336898395721925,0.5368983957219251,0.10695187165775401,1.27162883471294,0.3077514247597639,True,0.32065590932951465,0.30250557483916474,CHA-NP-TP2-THETA-N09,0.41925133689839567
TP2,theta,10,-0.31016042780748665,0.10267379679144385,0.28449197860962566,0.06631016042780749,2.299925993376014,0.43891641339309445,False,0.2904053518455982,0.18755345640028215,CHA-NP-TP2-THETA-N10,0.5946524064171124
TP2,theta,11,0.21176470588235294,0.06417112299465241,0.31016042780748665,0.13475935828877006,0.31163670433287755,0.25346847983883775,True,0.18150334490349887,0.3811570242973476,CHA-NP-TP2-THETA-N11,0.09839572192513371
TP2,theta,12,0.14331550802139037,0.09839572192513368,0.3016042780748663,0.07914438502673797,0.5925718096446971,0.2625407624851997,False,0.2783051288520315,0.2238541253809819,CHA-NP-TP2-THETA-N12,0.1582887700534759
TP2,alpha,1,0.4411134903640257,0.03640256959314775,0.23554603854389722,0.04925053533190578,-1.5867380625296033,0.33991920282429283,False,0.10296201524771999,0.13930155004103292,CHA-NP-TP2-ALPHA-N01,-0.20556745182012848
TP2,alpha,2,0.2826552462526767,0.04068522483940043,0.11563169164882227,0.0728051391862955,-0.9467002041574186,0.2820086170197035,False,0.11507519351215764,0.20592403049543997,CHA-NP-TP2-ALPHA-N02,-0.16702355460385443
TP2,alpha,3,0.17558886509635974,0.08137044967880086,0.3683083511777302,0.09635974304068523,0.7223555568007064,0.26863562680145925,False,0.23015038702431528,0.27254651094984705,CHA-NP-TP2-ALPHA-N03,0.19271948608137046
TP2,alpha,4,0.48822269807280516,0.10706638115631692,0.32548179871520344,0.05353319057815846,-0.6426865925148486,0.2647516448642267,True,0.30282945661094113,0.15141472830547056,CHA-NP-TP2-ALPHA-N04,-0.16274089935760172
TP2,alpha,5,0.2698072805139186,0.08779443254817987,0.11563169164882227,0.04925053533190578,-0.7240140900065091,0.26872130009028405,False,0.24832015442097172,0.13930155004103292,CHA-NP-TP2-ALPHA-N05,-0.15417558886509636
TP2,alpha,6,0.4197002141327623,0.11563169164882227,0.43254817987152033,0.034261241970021415,0.050361112990743515,0.2500905800607738,True,0.3270558131398164,0.09690542611550117,CHA-NP-TP2-ALPHA-N06,0.012847965738758016
TP2,alpha,7,0.5438972162740899,0.09850107066381156,0.2398286937901499,0.15203426124197003,-0.7934754499156139,0.2724858317720995,False,0.27860310008206585,0.43001782838753644,CHA-NP-TP2-ALPHA-N07,-0.30406852248394
TP2,alpha,8,0.29978586723768735,0.08137044967880086,0.29978586723768735,0.08137044967880086,0.0,0.25,False,0.23015038702431528,0.23015038702431528,CHA-NP-TP2-ALPHA-N08,0.0
TP2,alpha,9,0.24411134903640258,0.1006423982869379,0.7366167023554604,0.13062098501070663,1.4119234386988462,0.3211974213123991,True,0.28465968921428464,0.3694519370653482,CHA-NP-TP2-ALPHA-N09,0.4925053533190578
TP2,alpha,10,-0.2012847965738758,0.055674518201284794,0.2569593147751606,0.09207708779443255,2.0132316095739564,0.3947536254924194,False,0.15747131743768938,0.2604333326854094,CHA-NP-TP2-ALPHA-N10,0.4582441113490364
TP2,alpha,11,0.15845824411134904,0.08565310492505353,0.22698072805139186,0.09421841541755889,0.254392620274969,0.25231127161608446,True,0.2422635652887529,0.2664899218176282,CHA-NP-TP2-ALPHA-N11,0.06852248394004282
TP2,alpha,12,0.01284796573875803,0.1349036402569593,0.1841541755888651,0.03854389721627409,0.5771918646732792,0.2618982303087506,False,0.3815651153297858,0.10901860437993881,CHA-NP-TP2-ALPHA-N12,0.17130620985010708
TP2,beta,1,0.27176220806794055,0.05732484076433121,0.055201698513800426,0.03184713375796178,-1.5611212769524028,0.3370392729054822,False,0.16213913453959053,0.09007729696643918,CHA-NP-TP2-BETA-N01,-0.21656050955414013
TP2,beta,2,0.08067940552016985,0.050955414012738856,0.19957537154989385,0.07430997876857749,0.6237949133962305,0.2638971462135361,False,0.1441236751463027,0.2101803595883581,CHA-NP-TP2-BETA-N02,0.118895966029724
TP2,beta,3,0.10191082802547771,0.06369426751592357,0.445859872611465,0.09341825902335456,1.4380452759939633,0.32385622199316266,True,0.18015459393287836,0.2642267377682216,CHA-NP-TP2-BETA-N03,0.3439490445859873
TP2,beta,4,0.10191082802547771,0.06369426751592357,0.15286624203821655,0.11464968152866242,0.18366132670028262,0.251204695818761,False,0.18015459393287836,0.32427826907918106,CHA-NP-TP2-BETA-N04,0.05095541401273884
TP2,beta,5,0.4543524416135881,0.040339702760084924,0.33121019108280253,0.07430997876857749,-0.6884732337412298,0.2669284069135038,False,0.11409790949082296,0.2101803595883581,CHA-NP-TP2-BETA-N05,-0.12314225053078559
TP2,beta,6,0.15711252653927812,0.10191082802547771,0.28874734607218683,0.040339702760084924,0.5677455531329128,0.2615119647536499,True,0.2882473502926054,0.11409790949082296,CHA-NP-TP2-BETA-N06,0.1316348195329087
TP2,beta,7,0.505307855626327,0.09554140127388536,0.25902335456475584,0.12101910828025478,-0.7550897674158893,0.27036287703057793,False,0.27023189089931754,0.3422937284724689,CHA-NP-TP2-BETA-N07,-0.24628450106157113
TP2,beta,8,0.2802547770700637,0.044585987261146494,0.12738853503184713,0.08280254777070063,-0.7684111417502619,0.2710877029559265,False,0.12610821575301484,0.23420097211274185,CHA-NP-TP2-BETA-N08,-0.15286624203821655
TP2,beta,9,-0.08492569002123142,0.11889596602972399,0.6326963906581741,0.16348195329087048,1.6781989867429563,0.3505839942537531,True,0.33628857534137296,0.46239679109438775,CHA-NP-TP2-BETA-N09,0.7176220806794055
TP2,beta,10,-0.14861995753715498,0.059447983014861996,0.21231422505307856,0.07006369426751592,1.8569092993651455,0.3731468623595984,False,0.16814428767068648,0.1981700533261662,CHA-NP-TP2-BETA-N10,0.3609341825902336
TP2,beta,11,0.016985138004246284,0.08067940552016985,0.47983014861995754,0.11252653927813164,1.5802269373376883,0.3391827561959875,True,0.22819581898164593,0.3182731159480851,CHA-NP-TP2-BETA-N11,0.46284501061571126
TP2,beta,12,-0.09766454352441614,0.10615711252653928,0.16985138004246284,0.0870488322717622,0.9211728296968004,0.2803056922204147,False,0.3002576565547973,0.24621127837493376,CHA-NP-TP2-BETA-N12,0.267515923566879
TP2,gamma,1,0.31556503198294245,0.0767590618336887,-0.0255863539445629,0.07462686567164178,-1.506413566802036,0.3310457797944726,False,0.21710741256047517,0.21107665110046195,CHA-NP-TP2-GAMMA-N01,-0.3411513859275053
TP2,gamma,2,0.15778251599147122,0.10874200426439233,0.2302771855010661,0.07036247334754797,0.2645918071024961,0.25250031515663446,False,0.3075688344606732,0.19901512818043557,CHA-NP-TP2-GAMMA-N02,0.07249466950959488
TP2,gamma,3,-0.15778251599147122,0.07249466950959488,0.2942430703624733,0.053304904051172705,2.374731754932421,0.4514053895673006,True,0.20504588964044876,0.15076903650032997,CHA-NP-TP2-GAMMA-N03,0.4520255863539445
TP2,gamma,4,0.208955223880597,0.07249466950959488,0.3326226012793177,0.09594882729211088,0.4861349189796916,0.25844025569469253,False,0.20504588964044876,0.271384265700594,CHA-NP-TP2-GAMMA-N04,0.12366737739872069
TP2,gamma,5,0.34968017057569295,0.042643923240938165,0.5202558635394456,0.12153518123667377,0.6260567664549895,0.2639981098151456,True,0.12061522920026398,0.3437534032207523,CHA-NP-TP2-GAMMA-N05,0.1705756929637527
TP2,gamma,6,-0.005330490405117271,0.1162046908315565,0.4136460554371002,0.09168443496801706,1.3380843311155908,0.3139453456134664,False,0.3286764995707193,0.25932274278056755,CHA-NP-TP2-GAMMA-N06,0.4189765458422175
TP2,gamma,7,0.3752665245202559,0.06396588486140725,0.4605543710021322,0.14285714285714285,0.2575826210067277,0.25236960023731053,False,0.18092284380039597,0.4040610178208843,CHA-NP-TP2-GAMMA-N07,0.08528784648187632
TP2,gamma,8,0.12366737739872068,0.07036247334754797,0.39658848614072495,0.04477611940298507,1.5469451411418476,0.3354656882036561,True,0.19901512818043557,0.12664599066027718,CHA-NP-TP2-GAMMA-N08,0.27292110874200426
TP2,gamma,9,0.21321961620469082,0.06183368869936034,0.1535181236673774,0.17057569296375266,-0.15554978532688346,0.2508641334184014,False,0.17489208234038275,0.4824609168010559,CHA-NP-TP2-GAMMA-N09,-0.05970149253731341
TP2,gamma,10,0.13219616204690832,0.06183368869936034,0.511727078891258,0.14072494669509594,1.1672242515753701,0.29865758762377437,True,0.17489208234038275,0.39803025636087114,CHA-NP-TP2-GAMMA-N10,0.3795309168443497
TP2,gamma,11,0.08955223880597014,0.10874200426439233,0.42643923240938164,0.16844349680170576,0.7943144992574755,0.2725334115618091,True,0.3075688344606732,0.4764301553410427,CHA-NP-TP2-GAMMA-N11,0.3368869936034115
TP2,gamma,12,0.08102345415778252,0.029850746268656716,0.6567164179104478,0.11940298507462686,2.2111689451364382,0.4246167179977067,True,0.08443066044018478,0.33772264176073913,CHA-NP-TP2-GAMMA-N12,0.5756929637526652

