"cohort_id","rstudent","dffits","cook.d","cov.r","tau2.del","QE.del","hat","weight","inf"
"COG-TANG-2023",-0.233219163895003,-0.0760170755320666,0.00606528272710739,1.11538853227462,0.051983438430223,33.650773765379,0.0344335880733825,3.44335880733825,""
"COG-HWANG-2016",1.72977944455679,0.377471973839441,0.130862451011313,0.891827854325822,0.0379279688284796,29.1304322096648,0.0329932256151362,3.29932256151362,""
"COG-CHAN-2019-OLDER",0.117069988161255,-0.0172364335564416,0.000320325359248386,1.16101855866331,0.0548769369060166,33.416879464062,0.0635579365188973,6.35579365188973,""
"COG-DOUGAL-2021",0.446565763098807,0.0867648733874015,0.00799220837903606,1.1407361463259,0.0521318143401903,32.714724134571,0.0651097632719148,6.51097632719148,""
"COG-CHAN-2021-DIFFICULT",-1.14356333599409,-0.241897253954075,0.0572591859650633,1.02513356033479,0.048595583906015,32.2941166727645,0.0393345874830112,3.93345874830112,""
"COG-YANG-2024-LANGUAGE",-0.321562832484978,-0.1742428893022,0.0347921092396229,1.20842666126227,0.0594238204452841,33.6528182877972,0.101525695991898,10.1525695991898,""
"COG-CHAN-2021-MCI",0.611213971582987,0.0810393795041886,0.00682162071520729,1.06126452285656,0.0476910767427771,32.9858259565381,0.0182685647662162,1.82685647662162,""
"COG-HASSAN-2026-STROKE",-1.31209756236243,-0.282325618277997,0.0763046221745557,1.00102709512493,0.0469255795613466,31.7507912775492,0.0452471883814076,4.52471883814076,""
"COG-PENA-2026",1.1061815398577,0.288965518643234,0.0824856037601139,1.02509372664697,0.0426642053601618,30.8730167670606,0.0516074002491445,5.16074002491446,""
"COG-CHUN-2025-PILOT",1.68321505641132,0.34166315274321,0.108134903446598,0.900557818245705,0.0392155777427711,29.4862205251029,0.0293413321967569,2.93413321967569,""
"COG-LEE-2025-TBI",-1.01681249018022,-0.280779015236866,0.0789417154519297,1.07195845992253,0.0497303410104726,32.4382780438203,0.0628154622445204,6.28154622445205,""
"COG-DEOLIVEIRA-2024",0.20642570728734,0.00256410228329165,7.41694900468865e-06,1.20187492284066,0.0575612359180415,32.7626974670536,0.0950149912075528,9.50149912075528,""
"COG-BERMAN-2017-DEMENTIA",-0.582950920328174,-0.18619451855593,0.036302741328356,1.12528789598715,0.053590544192899,33.4000461258411,0.0570996136517988,5.70996136517988,""
"COG-YANG-2025-OLDER-WM",0.0346391053398295,-0.0603453118723573,0.00419474957289061,1.21552171573447,0.0594223141047463,33.1941090512743,0.100479229479484,10.0479229479484,""
"COG-SABOURI-MOGHADAM-2017",1.01981892904693,0.28182320648291,0.0789771487442519,1.04806660255842,0.0434996548913299,30.9257342469046,0.0591016918868499,5.910169188685,""
"COG-SALEHPOUR-2026-STAGE1-ADHD",1.10814531523563,0.218674081665753,0.0476519392409722,1.00823962066602,0.0441859222051768,31.4946827930548,0.0314261242694902,3.14261242694902,""
"COG-ZHAO-X-2022-SCD",-3.0613915262098,-0.66089699337133,0.111698286409362,0.654550956036411,3.64506500894848e-12,20.7154779896587,0.112643604712538,11.2643604712538,""
