"cohort_id","estimate","se","tval","pval","ci.lb","ci.ub","Q","Qp","tau2","I2","H2"
"COG-TANG-2023",0.38696259516651,0.089980647284858,4.30050912994075,0.000631157282851267,0.195173385402025,0.578751804930995,33.650773765379,0.00381127764139395,0.051983438430223,52.8183077533589,2.11946615812872
"COG-HWANG-2016",0.34950650539978,0.0804593540669804,4.34388902884834,0.000578464699508932,0.178011451737682,0.521001559061879,29.1304322096648,0.0154736251482158,0.0379279688284796,44.9885518940538,1.81780344715541
"COG-CHAN-2019-OLDER",0.381852146103717,0.0918027321384921,4.1594856406633,0.000838864503154556,0.186179254405983,0.577525037801452,33.416879464062,0.00410852037367852,0.0548769369060166,53.2957490721134,2.14113272375151
"COG-DOUGAL-2021",0.37271053493357,0.0909973252666664,4.09584055181124,0.000954272472900464,0.178754327346778,0.566666742520361,32.714724134571,0.00513928515890007,0.0521318143401903,51.9517851515054,2.08124277489433
"COG-CHAN-2021-DIFFICULT",0.400714528287082,0.0862633363793773,4.64524727544481,0.000317240301762079,0.216848579162788,0.584580477411376,32.2941166727645,0.00586986583016474,0.048595583906015,51.0233963471772,2.04179123380754
"COG-YANG-2024-LANGUAGE",0.396219201345173,0.0936582793166685,4.23047705163913,0.000726786717504289,0.19659130445775,0.595847098232597,33.6528182877972,0.0038087721491978,0.0594238204452841,52.4119111245911,2.10136616878672
"COG-CHAN-2021-MCI",0.373290405516114,0.0877703537330498,4.25303521792179,0.00069446762914421,0.186212324938184,0.560368486094044,32.9858259565381,0.0047151102106812,0.0476910767427771,50.97619292359,2.03982525967714
"COG-HASSAN-2026-STROKE",0.403862130839964,0.0852430424399023,4.73777236570003,0.000264302122529153,0.222170886769302,0.585553374910627,31.7507912775492,0.00696006768291816,0.0469255795613466,49.9979762769653,1.99991905435484
"COG-PENA-2026",0.35585777957648,0.0862616603927911,4.12532958392045,0.000898915000275548,0.171995402733033,0.539720156419926,30.8730167670606,0.00913498125593936,0.0426642053601618,47.4355916934047,1.90242795879532
"COG-CHUN-2025-PILOT",0.352310451443636,0.0808521970791769,4.35746292829402,0.00056291754441081,0.179978072721714,0.524642830165557,29.4862205251029,0.0139151019481796,0.0392155777427711,45.8913350235461,1.84813282758901
"COG-LEE-2025-TBI",0.404265359602597,0.0882114586398433,4.58291208235388,0.00035894613897749,0.216247086171539,0.592283633033656,32.4382780438203,0.00560901759644926,0.0497303410104726,50.8686338568358,2.03535964598683
"COG-DEOLIVEIRA-2024",0.380095247663612,0.0934040402500073,4.06936623561722,0.00100692140120344,0.181009248519287,0.579181246807937,32.7626974670536,0.00506167382541018,0.0575612359180415,52.400912757317,2.10088062172604
"COG-BERMAN-2017-DEMENTIA",0.396560539765417,0.0903790660595533,4.38774770591357,0.00052975155049054,0.203922120484665,0.589198959046168,33.4000461258411,0.00413074449519102,0.053590544192899,52.9489744837876,2.12535218739372
"COG-YANG-2025-OLDER-WM",0.385845373454175,0.0939328255840836,4.10767344700801,0.000931654371229451,0.185632295049834,0.586058451858515,33.1941090512743,0.00441207367852333,0.0594223141047463,52.5504719929367,2.1075025232098
"COG-SABOURI-MOGHADAM-2017",0.356383828820435,0.0872228888412228,4.08589802006195,0.000973708643100383,0.1704726420374,0.54229501560347,30.9257342469046,0.0089880684468834,0.0434996548913299,47.6666827886507,1.91082861413405
"COG-SALEHPOUR-2026-STAGE1-ADHD",0.361728848771721,0.08554958465845,4.22829462253844,0.000729993793413448,0.179384225428641,0.544073472114802,31.4946827930548,0.00753798770609339,0.0441859222051768,48.822935773267,1.95400032242888
"COG-ZHAO-X-2022-SCD",0.408801988185281,0.0689299171074148,5.93069026252037,2.75800734680864e-05,0.261881347691209,0.555722628679354,20.7154779896587,0.14616884273735,3.64506500894848e-12,6.27521482524439e-09,1.00000000006275
