"model","k","g","se","df","p","lo","hi","tau2","I2","Q","Qdf","HK_scale","pi_lo","pi_hi","method","test"
"primary__Overall cognition",17,0.380327280084903,0.0851992997762652,16,0.000391680092318992,0.199712832999258,0.560941727170548,0.047317623960753,49.4316919757378,33.6586717080266,16,1.08761294855085,-0.114917011696907,0.875571571866713,"REML","knha"
"historical__Overall cognition",23,0.666901019371902,0.106277834418655,22,2.57739021355881e-06,0.44649428085589,0.887307757887914,0.166002431106121,69.3705840203388,63.5973196370181,22,0.965570905266453,-0.206338468823071,1.54014050756688,"REML","knha"
"historical_retained__Overall cognition",17,0.50033805779208,0.105794451913617,16,0.00022680618349935,0.276063838552194,0.724612277031965,0.0879993032853012,53.7519048937903,30.6875290176937,16,1.00495003708886,-0.167320283289273,1.16799639887343,"REML","knha"
"Overall cognition__no_major_rob",15,0.420838973339,0.0717376731025105,14,4.10059522172487e-05,0.266976967046536,0.574700979631463,3.52623097348825e-12,6.11854520120211e-09,19.9060085320581,14,1.42185775223258,0.266976966993823,0.574700979684176,"REML","knha"
"Overall cognition__parallel_only",14,0.435555285312201,0.107906054136235,13,0.00141191871587995,0.202438428113701,0.668672142510701,0.0780476647122731,55.6637289103496,32.0883254845773,13,0.998205859268319,-0.211443140181467,1.08255371080587,"REML","knha"
"Overall cognition__no_digitization",13,0.393532021624331,0.113371038118918,12,0.00462083892872129,0.146517749258141,0.640546293990522,0.0802416803172883,62.4388977752608,31.5339053152183,12,1.10144560231254,-0.271254703136651,1.05831874638531,"REML","knha"
"Overall cognition__no_reconstruction",13,0.41916501285438,0.0760787414751193,12,0.000134169802853148,0.253403674863454,0.584926350845306,2.22754570986505e-11,4.2226386364159e-08,18.1981799507104,12,1.51651499548514,0.253403674544481,0.584926351164279,"REML","knha"
"Overall cognition__no_imputed_r",13,0.407980913190312,0.112929802959183,12,0.00356197078808961,0.161928009651052,0.654033816729571,0.0767844537505561,55.5637094715136,29.2745970406172,12,1.02274057933572,-0.243981613661487,1.05994344004211,"REML","knha"
"Overall cognition__zero_output",13,0.356652511892827,0.0611778970320651,12,8.08884800777718e-05,0.223357324947303,0.489947698838351,4.37686195273527e-11,8.34493156837089e-08,11.8307770989979,12,0.985898091036002,0.223357324167907,0.489947699617747,"REML","knha"
"Overall cognition__no_industry",12,0.379076960644038,0.105443098450757,11,0.00420597889746033,0.14699826571984,0.611155655568235,0.0629755646363178,57.4406846367242,25.9580544612225,11,1.01713414543187,-0.220035128246806,0.978189049534882,"REML","knha"
"Overall cognition__endpoint_only",9,0.365216525830484,0.140480954407407,8,0.0316296910311544,0.041266864049577,0.689166187611392,0.0514982966177244,45.3385226460336,15.2778833134809,8,1.35566353611998,-0.250245545750593,0.980678597411562,"REML","knha"
"Overall cognition__controlled_change_only",8,0.402710088441233,0.10647389802513,7,0.00687212464717211,0.150939327009394,0.654480849873073,0.0571852615602989,56.4986406608942,18.0543322644652,7,0.798521436573015,-0.216270463906574,1.02169064078904,"REML","knha"
"Overall cognition__exclude_Yang",16,0.385845373454175,0.0939328255840836,15,0.000931654371229451,0.185632295049834,0.586058451858515,0.0594223141047463,52.5504719929367,33.1941090512743,15,1.05971588915638,-0.170971863240898,0.942662610149248,"REML","knha"
"Overall cognition__exclude_ZhaoX",16,0.408801988185281,0.0689299171074148,15,2.75800734680864e-05,0.261881347691209,0.555722628679354,3.64506500894848e-12,6.27521482524439e-09,20.7154779896587,15,1.38103186592101,0.261881347634853,0.55572262873571,"REML","knha"
"Overall cognition__strict_no_reconstruction",11,0.398303271284796,0.0831773719625621,10,0.000736139535059511,0.212972537208898,0.583634005360694,3.60644148288082e-11,7.26061895285112e-08,16.4544386220099,10,1.64544386150326,0.212972536725854,0.583634005843738,"REML","knha"
"Overall cognition__paired_r__0.2",17,0.381413538670894,0.0861878962632446,16,0.000424301871046444,0.19870336065371,0.564123716688077,0.0467734347863923,45.540630090523,32.1815494068808,16,1.05648429842498,-0.112127496985054,0.874954574326841,"REML","knha"
"Overall cognition__paired_r__0.8",17,0.382104228345064,0.0849483668435613,16,0.000364989356142385,0.202021735313207,0.56218672137692,0.0543745487316974,61.5901643009794,38.4752019270902,16,1.09002493881894,-0.144003026423973,0.908211483114101,"REML","knha"
"Overall cognition__adhoc",17,0.380327280084903,0.0851992997762652,16,0.000391680092318992,0.199712832999258,0.560941727170548,0.047317623960753,49.4316919757378,33.6586717080266,16,1.08761294855085,-0.114917011696907,0.875571571866713,"REML","adhoc"
"Overall cognition__z",17,0.380327280084903,0.0816956327358046,,3.23324821390967e-06,0.220206782228515,0.540447777941292,0.047317623960753,49.4316919757378,33.6586717080266,16,1,-0.0750926116327291,0.835747171802535,"REML","z"
"Overall cognition__PM",17,0.386406920919923,0.0863959048051615,16,0.000384813135219802,0.203255784492446,0.5695580573474,0.0585047789146597,54.7231832747701,33.6586717080266,16,1.00000127566301,-0.158078823754228,0.930892665594073,"PM","knha"
"Overall cognition__FE",17,0.308974373021073,0.0516766615012278,,2.24521853923343e-09,0.207689977637399,0.410258768404747,0,52.4639589500364,33.6586717080266,16,1,,,"FE","z"
"primary__Memory",7,0.251222282609883,0.148177438581828,6,0.140928756598641,-0.111354847928299,0.613799413148065,0.0655730930865081,56.7829271230239,14.3791544082014,6,1.09608576851101,-0.472706612223812,0.975151177443578,"REML","knha"
"historical__Memory",10,0.413171878237883,0.121995830175308,9,0.00804016879740271,0.137198137175297,0.68914561930047,0.062596759517125,49.4342495964577,16.7943534122087,9,1.05650386569193,-0.216503711159239,1.04284746763501,"REML","knha"
"historical_retained__Memory",7,0.287205268673964,0.158801287346928,6,0.120511337253689,-0.101367483312312,0.675778020660239,0.0784120696167287,51.8189667273873,11.7976002503181,6,1.06759382917521,-0.500494835013585,1.07490537236151,"REML","knha"
"Memory__no_major_rob",6,0.344847617695705,0.157962172308985,5,0.0807962191650089,-0.0612070731594262,0.750902308550835,0.0362471249748536,30.2796243827845,7.90144391575148,5,1.20771145165096,-0.291074910533551,0.980770145924961,"REML","knha"
"Memory__parallel_only",5,0.312528996359566,0.233977327492923,4,0.252574319099513,-0.337096209285421,0.962154202004554,0.162684610577766,63.1241367951403,10.3935206809893,4,0.968861353718868,-0.982110417441597,1.60716841016073,"REML","knha"
"Memory__no_digitization",6,0.222145746846661,0.156798644376454,5,0.215734292967107,-0.180918000239851,0.625209493933172,0.0643279414316311,59.89882492163,13.2083562491359,5,1.17694382891224,-0.544360879190201,0.988652372883522,"REML","knha"
"Memory__no_reconstruction",4,0.391397365238966,0.197333558031539,3,0.141584519012561,-0.236606087426995,1.01940081790493,0.0525004392895046,43.980014747434,5.68820139396744,3,1.27662736782078,,,"REML","knha"
"Memory__no_imputed_r",5,0.312528996359566,0.233977327492923,4,0.252574319099513,-0.337096209285421,0.962154202004554,0.162684610577766,63.1241367951403,10.3935206809893,4,0.968861353718868,-0.982110417441597,1.60716841016073,"REML","knha"
"Memory__zero_output",5,0.273902260025526,0.105330211111797,4,0.0600219131996919,-0.0185412890452743,0.566345809096325,0.00637996637112399,7.58023345020096,3.5306384931347,4,0.7981281608082,-0.0931183670698257,0.640922887120877,"REML","knha"
"Memory__no_industry",6,0.305627288471675,0.165461223615674,5,0.124006511186237,-0.119704327456936,0.730958904400285,0.0837027493529091,64.7389755032755,13.8000885923934,5,1.04628152589389,-0.551113994198704,1.16236857114205,"REML","knha"
"Memory__endpoint_only",5,0.318769042511927,0.177625052916139,4,0.147157339928387,-0.174397166217587,0.811935251241441,0.0459519971365109,39.017846229213,7.31543222322651,4,1.29418974088666,-0.454173810293429,1.09171189531728,"REML","knha"
"Memory__exclude_Yang",6,0.227846655011171,0.186411106677458,5,0.276072537925629,-0.251338349774766,0.707031659797107,0.0942582313139749,55.3416785631791,10.4023713584644,5,1.08252144052026,-0.695444406739433,1.15113771676177,"REML","knha"
"Memory__exclude_ZhaoX",6,0.344847617695705,0.157962172308985,5,0.0807962191650089,-0.0612070731594262,0.750902308550835,0.0362471249748536,30.2796243827845,7.90144391575148,5,1.20771145165096,-0.291074910533551,0.980770145924961,"REML","knha"
"Memory__strict_no_reconstruction",4,0.391397365238966,0.197333558031539,3,0.141584519012561,-0.236606087426995,1.01940081790493,0.0525004392895046,43.980014747434,5.68820139396744,3,1.27662736782078,,,"REML","knha"
"Memory__paired_r__0.2",7,0.257340105284456,0.152482470945819,6,0.142443157276842,-0.115771059964736,0.630451270533648,0.0694753039514793,52.9756942347947,13.2050579334177,6,1.05421958036225,-0.487768491345077,1.00244870191399,"REML","knha"
"Memory__paired_r__0.8",7,0.241993583548979,0.142478765909208,6,0.14033891497107,-0.106639397290773,0.590626564388731,0.0628794980266721,65.765942442433,17.6460905587209,6,1.14331348481411,-0.463717585252194,0.947704752350153,"REML","knha"
"Memory__adhoc",7,0.251222282609883,0.148177438581828,6,0.140928756598641,-0.111354847928299,0.613799413148065,0.0655730930865081,56.7829271230239,14.3791544082014,6,1.09608576851101,-0.472706612223812,0.975151177443578,"REML","adhoc"
"Memory__z",7,0.251222282609883,0.141533684857211,,0.0758978965339773,-0.0261786423094926,0.528623207529258,0.0655730930865081,56.7829271230239,14.3791544082014,6,1,-0.322230078082345,0.82467464330211,"REML","z"
"Memory__PM",7,0.259365101638253,0.151021301168518,6,0.136713234709319,-0.110170709966328,0.628900913242834,0.08132217965757,61.9694897795204,14.3791544082014,6,1.00000345960317,-0.530231829406112,1.04896203268262,"PM","knha"
"Memory__FE",7,0.164834584311089,0.075014968426989,,0.0279950374274943,0.0178079478927811,0.311861220729397,0,58.2729287851739,14.3791544082014,6,1,,,"FE","z"
"primary__Global cognition",5,0.398711445334661,0.147583071863837,4,0.0540043627053709,-0.0110448521517439,0.808467742821065,0.00733636520630997,10.4498131609039,7.1194466788093,4,1.67004351870046,-0.0750539777024534,0.872476868371775,"REML","knha"
"historical__Global cognition",8,0.987661673069043,0.220507888421444,7,0.00286961839453014,0.46624337244018,1.50907997369791,0.271449798132403,69.8262676732726,24.1701268496348,7,0.95167122310745,-0.350125467963647,2.32544881410173,"REML","knha"
"historical_retained__Global cognition",5,0.632700517229441,0.244474995731235,4,0.0608121965992686,-0.0460708880117985,1.31147192247068,0.176858344757632,56.900600439183,9.25570789984186,4,0.91484787466259,-0.717880559188979,1.98328159364786,"REML","knha"
"Global cognition__no_major_rob",4,0.451832722840883,0.21361043170029,3,0.124747233387466,-0.227971006293761,1.13163645197553,0.060297865623265,48.4233170573174,6.26258461477776,3,1.41747090431133,,,"REML","knha"
"Global cognition__parallel_only",5,0.398711445334661,0.147583071863837,4,0.0540043627053709,-0.0110448521517439,0.808467742821065,0.00733636520630997,10.4498131609039,7.1194466788093,4,1.67004351870046,-0.0750539777024534,0.872476868371775,"REML","knha"
"Global cognition__no_digitization",3,0.486020236041776,0.356440663524709,2,0.305908840638627,-1.04762015786652,2.01966062995008,0.248598523724192,71.3334888173282,6.26257189905003,2,1.07881159764338,,,"REML","knha"
"Global cognition__no_reconstruction",5,0.398711445334661,0.147583071863837,4,0.0540043627053709,-0.0110448521517439,0.808467742821065,0.00733636520630997,10.4498131609039,7.1194466788093,4,1.67004351870046,-0.0750539777024534,0.872476868371775,"REML","knha"
"Global cognition__no_imputed_r",5,0.398711445334661,0.147583071863837,4,0.0540043627053709,-0.0110448521517439,0.808467742821065,0.00733636520630997,10.4498131609039,7.1194466788093,4,1.67004351870046,-0.0750539777024534,0.872476868371775,"REML","knha"
"Global cognition__zero_output",4,0.352119249115415,0.11863836109218,3,0.0591626778577791,-0.0254409648073095,0.729679463038139,2.80761462651427e-11,5.29930580338121e-08,3.63534132044058,3,1.21178043962963,,,"REML","knha"
"Global cognition__controlled_change_only",3,0.414341850316679,0.0847569569457993,2,0.039388301849932,0.0496620981485782,0.77902160248478,0,0,1.09354988603137,2,0.546774943015685,,,"REML","knha"
"Global cognition__exclude_Yang",5,0.398711445334661,0.147583071863837,4,0.0540043627053709,-0.0110448521517439,0.808467742821065,0.00733636520630997,10.4498131609039,7.1194466788093,4,1.67004351870046,-0.0750539777024534,0.872476868371775,"REML","knha"
"Global cognition__exclude_ZhaoX",5,0.398711445334661,0.147583071863837,4,0.0540043627053709,-0.0110448521517439,0.808467742821065,0.00733636520630997,10.4498131609039,7.1194466788093,4,1.67004351870046,-0.0750539777024534,0.872476868371775,"REML","knha"
"Global cognition__strict_no_reconstruction",4,0.361892436098628,0.231978937451021,3,0.21666020603947,-0.376368076296013,1.10015294849327,0.0863554644992484,55.3494266738829,6.73776483157341,3,1.32797652120856,,,"REML","knha"
"Global cognition__paired_r__0.2",5,0.398711445334661,0.147583071863837,4,0.0540043627053709,-0.0110448521517439,0.808467742821065,0.00733636520630997,10.4498131609039,7.1194466788093,4,1.67004351870046,-0.0750539777024534,0.872476868371775,"REML","knha"
"Global cognition__paired_r__0.8",5,0.398711445334661,0.147583071863837,4,0.0540043627053709,-0.0110448521517439,0.808467742821065,0.00733636520630997,10.4498131609039,7.1194466788093,4,1.67004351870046,-0.0750539777024534,0.872476868371775,"REML","knha"
"Global cognition__adhoc",5,0.398711445334661,0.147583071863837,4,0.0540043627053709,-0.0110448521517439,0.808467742821065,0.00733636520630997,10.4498131609039,7.1194466788093,4,1.67004351870046,-0.0750539777024534,0.872476868371775,"REML","adhoc"
"Global cognition__z",5,0.398711445334661,0.114201721749524,,0.000480692354235835,0.174880183733129,0.622542706936192,0.00733636520630997,10.4498131609039,7.1194466788093,4,1,0.118920847737554,0.678502042931768,"REML","z"
"Global cognition__PM",5,0.400406497596303,0.182082434328708,4,0.092751926316362,-0.105135385938138,0.905948381130744,0.0940211223180333,59.9278757127309,7.1194466788093,4,0.999997079602324,-0.589718887491175,1.39053188268378,"PM","knha"
"Global cognition__FE",5,0.401628701389679,0.104458875910393,,0.000120626238882705,0.19689306673977,0.606364336039587,0,43.8158584443674,7.1194466788093,4,1,,,"FE","z"
"primary__Executive / sustained attention",3,0.617307059781905,0.130128982830935,2,0.0416786773373177,0.057407236584862,1.17720688297895,0,0,1.30841074287387,2,0.654205371436936,,,"REML","knha"
"historical__Executive / sustained attention",3,0.919927261265947,0.101897312542287,2,0.0120479813214533,0.48149851130174,1.35835601123015,0,0,0.421964216507737,2,0.210982108253868,,,"REML","knha"
"historical_retained__Executive / sustained attention",3,0.919927261265947,0.101897312542287,2,0.0120479813214533,0.48149851130174,1.35835601123015,0,0,0.421964216507737,2,0.210982108253868,,,"REML","knha"
"Executive / sustained attention__no_major_rob",3,0.617307059781905,0.130128982830935,2,0.0416786773373177,0.057407236584862,1.17720688297895,0,0,1.30841074287387,2,0.654205371436936,,,"REML","knha"
"Executive / sustained attention__parallel_only",3,0.617307059781905,0.130128982830935,2,0.0416786773373177,0.057407236584862,1.17720688297895,0,0,1.30841074287387,2,0.654205371436936,,,"REML","knha"
"Executive / sustained attention__no_imputed_r",3,0.617307059781905,0.130128982830935,2,0.0416786773373177,0.057407236584862,1.17720688297895,0,0,1.30841074287387,2,0.654205371436936,,,"REML","knha"
"Executive / sustained attention__no_industry",3,0.617307059781905,0.130128982830935,2,0.0416786773373177,0.057407236584862,1.17720688297895,0,0,1.30841074287387,2,0.654205371436936,,,"REML","knha"
"Executive / sustained attention__exclude_Yang",3,0.617307059781905,0.130128982830935,2,0.0416786773373177,0.057407236584862,1.17720688297895,0,0,1.30841074287387,2,0.654205371436936,,,"REML","knha"
"Executive / sustained attention__exclude_ZhaoX",3,0.617307059781905,0.130128982830935,2,0.0416786773373177,0.057407236584862,1.17720688297895,0,0,1.30841074287387,2,0.654205371436936,,,"REML","knha"
"Executive / sustained attention__paired_r__0.2",3,0.617307059781905,0.130128982830935,2,0.0416786773373177,0.057407236584862,1.17720688297895,0,0,1.30841074287387,2,0.654205371436936,,,"REML","knha"
"Executive / sustained attention__paired_r__0.8",3,0.617307059781905,0.130128982830935,2,0.0416786773373177,0.057407236584862,1.17720688297895,0,0,1.30841074287387,2,0.654205371436936,,,"REML","knha"
"Executive / sustained attention__adhoc",3,0.617307059781905,0.160885528791048,2,0.0617050057705012,-0.0749274998480844,1.3095416194119,0,0,1.30841074287387,2,1,,,"REML","adhoc"
"Executive / sustained attention__z",3,0.617307059781905,0.160885528791048,,0.000124580237560563,0.301977217717769,0.932636901846042,0,0,1.30841074287387,2,1,,,"REML","z"
"Executive / sustained attention__PM",3,0.617307059781905,0.130128982830935,2,0.0416786773373177,0.057407236584862,1.17720688297895,0,0,1.30841074287387,2,0.654205371436936,,,"PM","knha"
"Executive / sustained attention__FE",3,0.617307059781905,0.160885528791048,,0.000124580237560563,0.301977217717769,0.932636901846042,0,0,1.30841074287387,2,1,,,"FE","z"
"external_expansion",23,0.440034669615928,0.0764106304129916,22,8.5783601819406e-06,0.281568721100857,0.598500618131,0.0557512783421694,48.3745390516108,42.9366038666818,22,0.955959007240886,-0.0746447351089957,0.954714074340853,"REML","knha"
"external_add__SENS-BLANCO-2017",18,0.39246739676925,0.0827326635370922,17,0.000187921293475027,0.217916734443051,0.56701805909545,0.0474679667204387,48.5718679622223,34.9078456252028,17,1.05995665004701,-0.0992267433992051,0.884161536937705,"REML","knha"
"external_add__SENS-HOLMES-2019",18,0.382136142158081,0.0816432011578549,17,0.000214891725682724,0.20988404453106,0.554388239785103,0.0452957275269163,47.1718975588166,33.8348992431105,17,1.04429630145435,-0.0987969543088343,0.863069238624997,"REML","knha"
"external_add__SENS-CHEN-2023-PASSIVE",18,0.377513010560687,0.0809656155818611,17,0.000223234311045586,0.206690493537212,0.548335527584161,0.0437400192725753,46.4733871480616,33.6744786403994,17,1.05409943471134,-0.0956478843138004,0.850673905435174,"REML","knha"
"external_add__SENS-JOSHI-2024-MIXED-ROUTE",18,0.38066302302391,0.0815721749093953,17,0.00022137050804599,0.208560777682324,0.552765268365496,0.0451326801524152,47.0613950371539,33.7452241302881,17,1.04312812378917,-0.0994611949279675,0.860787240975787,"REML","knha"
"external_add__SENS-NIZAMUTDINOV-2021-MIXED-ROUTE",18,0.422598904383274,0.0899254869497608,17,0.000206453748967486,0.232872711172422,0.612325097594126,0.0650861657311109,56.7033731261404,39.9433383415744,17,1.0719784248847,-0.148115993788874,0.993313802555421,"REML","knha"
"external_add__SENS-PAOLILLO-2023",18,0.395396595543111,0.0848600819157004,17,0.000224776430100911,0.216357472781155,0.574435718305067,0.0497432971164215,49.4987425735025,35.5055463905817,17,1.07569265045186,-0.108069817406203,0.898863008492425,"REML","knha"
