"model","k","reason"
"Memory__controlled_change_only",2,"Fewer than three cohorts"
"Global cognition__no_industry",1,"Fewer than three cohorts"
"Global cognition__endpoint_only",2,"Fewer than three cohorts"
"Executive / sustained attention__no_digitization",2,"Fewer than three cohorts"
"Executive / sustained attention__no_reconstruction",2,"Fewer than three cohorts"
"Executive / sustained attention__zero_output",2,"Fewer than three cohorts"
"Executive / sustained attention__endpoint_only",1,"Fewer than three cohorts"
"Executive / sustained attention__controlled_change_only",2,"Fewer than three cohorts"
"Executive / sustained attention__strict_no_reconstruction",1,"Fewer than three cohorts"
