"variant","paired_r","rho","effects","cohorts","g","se","df","lo","hi","p","tau_cohort","tau_effect"
"components",0.2,0.2,23,17,0.382448026928858,0.0865583002065843,13.1067307798204,0.195604863662998,0.569291190194719,0.000680617029872647,2.62840547648216e-10,0.0851206427435655
"composite",0.2,0.2,22,17,0.361219058696132,0.0806496132256213,13.0236224224766,0.187018281676525,0.535419835715738,0.000618145364396056,1.93928276229886e-10,0.0756217165185023
"no_digitized_reconstructed",0.2,0.2,15,11,0.500920586088746,0.0982512858297767,7.96911582815863,0.274199785531672,0.72764138664582,0.000942915486326758,1.00161875793603e-10,0.109697364581752
"components",0.2,0.5,23,17,0.387004497964381,0.0868054292737488,13.6015526838359,0.200312393534059,0.573696602394702,0.000578925300226904,1.19540709399912e-10,0.104531039929622
"composite",0.2,0.5,22,17,0.36795540575485,0.0811634291259789,13.6197729645527,0.193420129216908,0.542490682292792,0.000500879307393638,7.56156359030364e-11,0.0990510814342107
"no_digitized_reconstructed",0.2,0.5,15,11,0.504889935788579,0.100959181421523,8.41178694646403,0.274046606258542,0.735733265318615,0.000904661558466174,1.35054673375644e-10,0.147029859115318
"components",0.2,0.8,23,17,0.39261106968797,0.0875754746298411,14.0527059390724,0.204846427382676,0.580375711993265,0.000510992749673913,9.6663454537679e-11,0.138303283822072
"composite",0.2,0.8,22,17,0.374069538059113,0.0820733663116728,14.1171177616191,0.198176582642641,0.549962493475584,0.000437936543210641,6.387551291616e-11,0.1370178037859
"no_digitized_reconstructed",0.2,0.8,15,11,0.507995712927846,0.103238604522439,8.6990099511778,0.273216159875958,0.742775265979733,0.00091042285855831,9.96427994012738e-11,0.190566346341938
"components",0.5,0.2,23,17,0.384914331277042,0.0846412148253525,12.9074295989986,0.201924704304071,0.567903958250014,0.000557366515113107,2.74858916078198e-10,0.0851004277102593
"composite",0.5,0.2,22,17,0.364962800931584,0.0793419709389687,12.8176623794085,0.19330669658593,0.536618905277237,0.000516076029965442,1.77236235621304e-10,0.076368139562777
"no_digitized_reconstructed",0.5,0.2,15,11,0.497176596838563,0.0969573174089734,7.89594000171859,0.27307868737844,0.721274506298686,0.000935878211470275,1.19241960202828e-10,0.111321948515616
"components",0.5,0.5,23,17,0.389270685451296,0.0850186319647231,13.3537432620842,0.206092466580818,0.572448904321774,0.000483570605129579,1.23957691236495e-10,0.103668982839388
"composite",0.5,0.5,22,17,0.37123335439081,0.0799374956078572,13.376931281836,0.199032250145982,0.543434458635638,0.000426625799579027,7.73332404295452e-11,0.0985247755690527
"no_digitized_reconstructed",0.5,0.5,15,11,0.501580668616813,0.0996315633235409,8.2963254401816,0.273250457507606,0.72991087972602,0.000903458587110916,1.00800056466156e-10,0.146769006780839
"components",0.5,0.8,23,17,0.394613882551852,0.085925787912677,13.809351010605,0.210082413066177,0.579145352037527,0.000433073474091189,9.24748999122005e-11,0.13693281213155
"composite",0.5,0.8,22,17,0.376900049355924,0.0809115809286726,13.8868168834119,0.20322917949278,0.550570919219069,0.000377159832920195,7.05989430950104e-11,0.135733961359496
"no_digitized_reconstructed",0.5,0.8,15,11,0.505202100046957,0.101932928476325,8.57496706279292,0.272859715744278,0.737544484349636,0.000905773129607268,7.82111811981569e-11,0.189457642573126
"components",0.8,0.2,23,17,0.388264524040632,0.0825964438401099,12.6103027050594,0.209263585237212,0.567265462844053,0.000449733251747002,4.19131303067041e-10,0.0874269719723135
"composite",0.8,0.2,22,17,0.369750129672195,0.0780478429604352,12.5218093240039,0.200481120751593,0.539019138592797,0.000429576310731941,1.20401988430704e-10,0.079834979566025
"no_digitized_reconstructed",0.8,0.2,15,11,0.492926401991182,0.0970401975819113,7.83627412438904,0.268334869480546,0.717517934501819,0.00101595463119755,7.96649013715552e-11,0.117373544527432
"components",0.8,0.5,23,17,0.392369837900976,0.0830125933331445,12.9648174036045,0.212982549269463,0.571757126532489,0.000398640358519377,1.05853662246825e-10,0.10427517503885
"composite",0.8,0.5,22,17,0.37555580308119,0.0786355452650015,12.9928249643585,0.205664498845375,0.545447107317004,0.000362718135012642,1.22566446723532e-10,0.0996612581437048
"no_digitized_reconstructed",0.8,0.5,15,11,0.497661556821392,0.0991488951663081,8.15450511770721,0.26977565527906,0.725547458363724,0.000970182052666362,1.27557059052128e-10,0.148843956949595
"components",0.8,0.8,23,17,0.397272984899802,0.0839367135234397,13.4133909786808,0.216505202343815,0.578040767455789,0.00035956866684515,1.29074837513147e-10,0.136144809024881
"composite",0.8,0.8,22,17,0.380600751700423,0.0795305847101427,13.5050592337222,0.209436262645463,0.551765240755383,0.00032044818944972,1.03898881884054e-10,0.135078726408781
"no_digitized_reconstructed",0.8,0.8,15,11,0.501854624208728,0.101130132118515,8.41281183127848,0.27062504848089,0.733084199936566,0.00095071964879547,7.1969582642561e-11,0.18938867750318
