cohort_id,family,effect_rows,timings,status,reason
EEG-Zhao C et al. — visual WM/CDA (Sci Adv)-2022,ERP,1,During VWM task,No pooling: fewer than 3 compatible independent datasets within family/band/state/timing,"Do not combine different bands, network metrics, acute/repeated timing, or multiple rows from this cohort to reach k=3"
EEG-Spera et al.-2021,Spectral,3,Immediate post; eyes closed; Immediate post; eyes open,No pooling: fewer than 3 compatible independent datasets within family/band/state/timing,"Do not combine different bands, network metrics, acute/repeated timing, or multiple rows from this cohort to reach k=3"
EEG-Zomorrodi et al.-2019,Spectral,5,Immediate post,No pooling: fewer than 3 compatible independent datasets within family/band/state/timing,"Do not combine different bands, network metrics, acute/repeated timing, or multiple rows from this cohort to reach k=3"
EEG-Mehdizadeh et al.-2025,Spectral,1,1-week post,No pooling: fewer than 3 compatible independent datasets within family/band/state/timing,"Do not combine different bands, network metrics, acute/repeated timing, or multiple rows from this cohort to reach k=3"
EEG-He et al.-2026,Microstate/network,1,Immediate post,No pooling: fewer than 3 compatible independent datasets within family/band/state/timing,"Do not combine different bands, network metrics, acute/repeated timing, or multiple rows from this cohort to reach k=3"
EEG-Wang et al.-2019,Spectral,2,T8 (8 min during; eyes open),No pooling: fewer than 3 compatible independent datasets within family/band/state/timing,"Do not combine different bands, network metrics, acute/repeated timing, or multiple rows from this cohort to reach k=3"
EEG-Chaudhari et al.-2023,Spectral/network power,120,Repeated treatment S8−S1; TP1; S8−S1; TP1; S8−S1; TP2,No pooling: fewer than 3 compatible independent datasets within family/band/state/timing,"Do not combine different bands, network metrics, acute/repeated timing, or multiple rows from this cohort to reach k=3"
EEG-Ghaderi et al.-2021,Network topology,8,Immediate post (post-pre relative change),No pooling: fewer than 3 compatible independent datasets within family/band/state/timing,"Do not combine different bands, network metrics, acute/repeated timing, or multiple rows from this cohort to reach k=3"
UTA-1064-EEG-49,Spectral/network power,66,0-4 min; 4-8 min; recovery,No pooling: fewer than 3 compatible independent datasets within family/band/state/timing,"Do not combine different bands, network metrics, acute/repeated timing, or multiple rows from this cohort to reach k=3"
UTSW-1064-MEGEEG-25,Connectivity / PTE,5,Immediate post; active vs sham,No pooling: fewer than 3 compatible independent datasets within family/band/state/timing,"Do not combine different bands, network metrics, acute/repeated timing, or multiple rows from this cohort to reach k=3"
